timestamp,APPversion,rawstack
2026-08-14T13:17:34.823Z,2026.02.1,"  [0] performCrashLogging at ResInsight/ApplicationExeCode/RiaMainTools.cpp:147
  [1] manageSegFailureSA(int, siginfo_t*, void*) at ResInsight/ApplicationExeCode/RiaMainTools.cpp:227
  [2]  at :0
  [3] __GI_raise at :0
  [4] __GI_abort at :0
  [5] RigTransmissibilityCondenser::calculateCondensedTransmissibilities() at ResInsight/ApplicationLibCode/ReservoirDataModel/Completions/RigTransmissibilityCondenser.cpp:336
  [6] RigTransmissibilityCondenser::externalCells() at ResInsight/ApplicationLibCode/ReservoirDataModel/Completions/RigTransmissibilityCondenser.cpp:110
  [7] RicExportFractureCompletionsImpl::calculateMatrixToWellTransmissibilities(RigTransmissibilityCondenser&) at ResInsight/ApplicationLibCode/Commands/CompletionExportCommands/RicExportFractureCompletionsImpl.cpp:710
  [8] RicExportFractureCompletionsImpl::generateCompdatValuesConst(RimEclipseCase const*, QString const&, RigWellPath const*, std::vector<RimFracture const*, std::allocator<RimFracture const*> > const&, std::vector<RicWellPathFractureReportItem, std::allocator<RicWellPathFractureReportItem> >*, QTextStream*, RicExportFractureCompletionsImpl::PressureDepletionParameters) [clone ._omp_fn.0] at ResInsight/ApplicationLibCode/Commands/CompletionExportCommands/RicExportFractureCompletionsImpl.cpp:305
  [9] gomp_thread_start at :0
  [10] start_thread at :0
  [11] __GI___clone at :0
  [12]  at :0
"
2026-08-14T13:17:34.714Z,2026.02.1,"  [0] performCrashLogging at ResInsight/ApplicationExeCode/RiaMainTools.cpp:147
  [1] manageSegFailureSA(int, siginfo_t*, void*) at ResInsight/ApplicationExeCode/RiaMainTools.cpp:227
  [2]  at :0
  [3] __GI_raise at :0
  [4] __GI_abort at :0
  [5] RigTransmissibilityCondenser::calculateCondensedTransmissibilities() at ResInsight/ApplicationLibCode/ReservoirDataModel/Completions/RigTransmissibilityCondenser.cpp:336
  [6] RigTransmissibilityCondenser::externalCells() at ResInsight/ApplicationLibCode/ReservoirDataModel/Completions/RigTransmissibilityCondenser.cpp:110
  [7] RicExportFractureCompletionsImpl::calculateMatrixToWellTransmissibilities(RigTransmissibilityCondenser&) at ResInsight/ApplicationLibCode/Commands/CompletionExportCommands/RicExportFractureCompletionsImpl.cpp:710
  [8] RicExportFractureCompletionsImpl::generateCompdatValuesConst(RimEclipseCase const*, QString const&, RigWellPath const*, std::vector<RimFracture const*, std::allocator<RimFracture const*> > const&, std::vector<RicWellPathFractureReportItem, std::allocator<RicWellPathFractureReportItem> >*, QTextStream*, RicExportFractureCompletionsImpl::PressureDepletionParameters) [clone ._omp_fn.0] at ResInsight/ApplicationLibCode/Commands/CompletionExportCommands/RicExportFractureCompletionsImpl.cpp:305
  [9] gomp_thread_start at :0
  [10] start_thread at :0
  [11] __GI___clone at :0
  [12]  at :0
"
2026-08-14T13:17:34.707Z,2026.02.1,"  [0] performCrashLogging at ResInsight/ApplicationExeCode/RiaMainTools.cpp:147
  [1] manageSegFailureSA(int, siginfo_t*, void*) at ResInsight/ApplicationExeCode/RiaMainTools.cpp:227
  [2]  at :0
  [3] __GI_raise at :0
  [4] __GI_abort at :0
  [5] RigTransmissibilityCondenser::calculateCondensedTransmissibilities() at ResInsight/ApplicationLibCode/ReservoirDataModel/Completions/RigTransmissibilityCondenser.cpp:336
  [6] RigTransmissibilityCondenser::externalCells() at ResInsight/ApplicationLibCode/ReservoirDataModel/Completions/RigTransmissibilityCondenser.cpp:110
  [7] RicExportFractureCompletionsImpl::calculateMatrixToWellTransmissibilities(RigTransmissibilityCondenser&) at ResInsight/ApplicationLibCode/Commands/CompletionExportCommands/RicExportFractureCompletionsImpl.cpp:710
  [8] RicExportFractureCompletionsImpl::generateCompdatValuesConst(RimEclipseCase const*, QString const&, RigWellPath const*, std::vector<RimFracture const*, std::allocator<RimFracture const*> > const&, std::vector<RicWellPathFractureReportItem, std::allocator<RicWellPathFractureReportItem> >*, QTextStream*, RicExportFractureCompletionsImpl::PressureDepletionParameters) [clone ._omp_fn.0] at ResInsight/ApplicationLibCode/Commands/CompletionExportCommands/RicExportFractureCompletionsImpl.cpp:305
  [9] gomp_thread_start at :0
  [10] start_thread at :0
  [11] __GI___clone at :0
  [12]  at :0
"
2026-08-14T13:17:34.704Z,2026.02.1,"  [0] performCrashLogging at ResInsight/ApplicationExeCode/RiaMainTools.cpp:147
  [1] manageSegFailureSA(int, siginfo_t*, void*) at ResInsight/ApplicationExeCode/RiaMainTools.cpp:227
  [2]  at :0
  [3] __GI_raise at :0
  [4] __GI_abort at :0
  [5] RigTransmissibilityCondenser::calculateCondensedTransmissibilities() at ResInsight/ApplicationLibCode/ReservoirDataModel/Completions/RigTransmissibilityCondenser.cpp:336
  [6] RigTransmissibilityCondenser::externalCells() at ResInsight/ApplicationLibCode/ReservoirDataModel/Completions/RigTransmissibilityCondenser.cpp:110
  [7] RicExportFractureCompletionsImpl::calculateMatrixToWellTransmissibilities(RigTransmissibilityCondenser&) at ResInsight/ApplicationLibCode/Commands/CompletionExportCommands/RicExportFractureCompletionsImpl.cpp:710
  [8] RicExportFractureCompletionsImpl::generateCompdatValuesConst(RimEclipseCase const*, QString const&, RigWellPath const*, std::vector<RimFracture const*, std::allocator<RimFracture const*> > const&, std::vector<RicWellPathFractureReportItem, std::allocator<RicWellPathFractureReportItem> >*, QTextStream*, RicExportFractureCompletionsImpl::PressureDepletionParameters) [clone ._omp_fn.0] at ResInsight/ApplicationLibCode/Commands/CompletionExportCommands/RicExportFractureCompletionsImpl.cpp:305
  [9] gomp_thread_start at :0
  [10] start_thread at :0
  [11] __GI___clone at :0
  [12]  at :0
"
2026-08-14T12:50:01.656Z,2026.02.1,"  [0] performCrashLogging at ResInsight/ApplicationExeCode/RiaMainTools.cpp:147
  [1] manageSegFailureSA(int, siginfo_t*, void*) at ResInsight/ApplicationExeCode/RiaMainTools.cpp:227
  [2]  at :0
  [3] __GI_raise at :0
  [4] __GI_abort at :0
  [5] RigTransmissibilityCondenser::calculateCondensedTransmissibilities() at ResInsight/ApplicationLibCode/ReservoirDataModel/Completions/RigTransmissibilityCondenser.cpp:336
  [6] RigTransmissibilityCondenser::externalCells() at ResInsight/ApplicationLibCode/ReservoirDataModel/Completions/RigTransmissibilityCondenser.cpp:110
  [7] RicExportFractureCompletionsImpl::calculateMatrixToWellTransmissibilities(RigTransmissibilityCondenser&) at ResInsight/ApplicationLibCode/Commands/CompletionExportCommands/RicExportFractureCompletionsImpl.cpp:710
  [8] RicExportFractureCompletionsImpl::generateCompdatValuesConst(RimEclipseCase const*, QString const&, RigWellPath const*, std::vector<RimFracture const*, std::allocator<RimFracture const*> > const&, std::vector<RicWellPathFractureReportItem, std::allocator<RicWellPathFractureReportItem> >*, QTextStream*, RicExportFractureCompletionsImpl::PressureDepletionParameters) [clone ._omp_fn.0] at ResInsight/ApplicationLibCode/Commands/CompletionExportCommands/RicExportFractureCompletionsImpl.cpp:305
  [9] gomp_thread_start at :0
  [10] start_thread at :0
  [11] __GI___clone at :0
  [12]  at :0
"
2026-08-14T12:13:34.323Z,2026.02.1,"  [0] performCrashLogging at ResInsight/ApplicationExeCode/RiaMainTools.cpp:147
  [1] manageSegFailureSA(int, siginfo_t*, void*) at ResInsight/ApplicationExeCode/RiaMainTools.cpp:227
  [2]  at :0
  [3] __GI_raise at :0
  [4] __GI_abort at :0
  [5] RigTransmissibilityCondenser::calculateCondensedTransmissibilities() at ResInsight/ApplicationLibCode/ReservoirDataModel/Completions/RigTransmissibilityCondenser.cpp:336
  [6] RigTransmissibilityCondenser::externalCells() at ResInsight/ApplicationLibCode/ReservoirDataModel/Completions/RigTransmissibilityCondenser.cpp:110
  [7] RicExportFractureCompletionsImpl::calculateMatrixToWellTransmissibilities(RigTransmissibilityCondenser&) at ResInsight/ApplicationLibCode/Commands/CompletionExportCommands/RicExportFractureCompletionsImpl.cpp:710
  [8] RicExportFractureCompletionsImpl::generateCompdatValuesConst(RimEclipseCase const*, QString const&, RigWellPath const*, std::vector<RimFracture const*, std::allocator<RimFracture const*> > const&, std::vector<RicWellPathFractureReportItem, std::allocator<RicWellPathFractureReportItem> >*, QTextStream*, RicExportFractureCompletionsImpl::PressureDepletionParameters) [clone ._omp_fn.0] at ResInsight/ApplicationLibCode/Commands/CompletionExportCommands/RicExportFractureCompletionsImpl.cpp:305
  [9] gomp_thread_start at :0
  [10] start_thread at :0
  [11] __GI___clone at :0
  [12]  at :0
"
2026-08-14T12:13:34.155Z,2026.02.1,"  [0] performCrashLogging at ResInsight/ApplicationExeCode/RiaMainTools.cpp:147
  [1] manageSegFailureSA(int, siginfo_t*, void*) at ResInsight/ApplicationExeCode/RiaMainTools.cpp:227
  [2]  at :0
  [3] __GI_raise at :0
  [4] __GI_abort at :0
  [5] RigTransmissibilityCondenser::calculateCondensedTransmissibilities() at ResInsight/ApplicationLibCode/ReservoirDataModel/Completions/RigTransmissibilityCondenser.cpp:336
  [6] RigTransmissibilityCondenser::externalCells() at ResInsight/ApplicationLibCode/ReservoirDataModel/Completions/RigTransmissibilityCondenser.cpp:110
  [7] RicExportFractureCompletionsImpl::calculateMatrixToWellTransmissibilities(RigTransmissibilityCondenser&) at ResInsight/ApplicationLibCode/Commands/CompletionExportCommands/RicExportFractureCompletionsImpl.cpp:710
  [8] RicExportFractureCompletionsImpl::generateCompdatValuesConst(RimEclipseCase const*, QString const&, RigWellPath const*, std::vector<RimFracture const*, std::allocator<RimFracture const*> > const&, std::vector<RicWellPathFractureReportItem, std::allocator<RicWellPathFractureReportItem> >*, QTextStream*, RicExportFractureCompletionsImpl::PressureDepletionParameters) [clone ._omp_fn.0] at ResInsight/ApplicationLibCode/Commands/CompletionExportCommands/RicExportFractureCompletionsImpl.cpp:305
  [9] gomp_thread_start at :0
  [10] start_thread at :0
  [11] __GI___clone at :0
  [12]  at :0
"
2026-08-14T12:13:34.11Z,2026.02.1,"  [0] performCrashLogging at ResInsight/ApplicationExeCode/RiaMainTools.cpp:147
  [1] manageSegFailureSA(int, siginfo_t*, void*) at ResInsight/ApplicationExeCode/RiaMainTools.cpp:227
  [2]  at :0
  [3] __GI_raise at :0
  [4] __GI_abort at :0
  [5] RigTransmissibilityCondenser::calculateCondensedTransmissibilities() at ResInsight/ApplicationLibCode/ReservoirDataModel/Completions/RigTransmissibilityCondenser.cpp:336
  [6] RigTransmissibilityCondenser::externalCells() at ResInsight/ApplicationLibCode/ReservoirDataModel/Completions/RigTransmissibilityCondenser.cpp:110
  [7] RicExportFractureCompletionsImpl::calculateMatrixToWellTransmissibilities(RigTransmissibilityCondenser&) at ResInsight/ApplicationLibCode/Commands/CompletionExportCommands/RicExportFractureCompletionsImpl.cpp:710
  [8] RicExportFractureCompletionsImpl::generateCompdatValuesConst(RimEclipseCase const*, QString const&, RigWellPath const*, std::vector<RimFracture const*, std::allocator<RimFracture const*> > const&, std::vector<RicWellPathFractureReportItem, std::allocator<RicWellPathFractureReportItem> >*, QTextStream*, RicExportFractureCompletionsImpl::PressureDepletionParameters) [clone ._omp_fn.0] at ResInsight/ApplicationLibCode/Commands/CompletionExportCommands/RicExportFractureCompletionsImpl.cpp:305
  [9] gomp_thread_start at :0
  [10] start_thread at :0
  [11] __GI___clone at :0
  [12]  at :0
"
2026-08-14T12:13:34.105Z,2026.02.1,"  [0] performCrashLogging at ResInsight/ApplicationExeCode/RiaMainTools.cpp:147
  [1] manageSegFailureSA(int, siginfo_t*, void*) at ResInsight/ApplicationExeCode/RiaMainTools.cpp:227
  [2]  at :0
  [3] __GI_raise at :0
  [4] __GI_abort at :0
  [5] RigTransmissibilityCondenser::calculateCondensedTransmissibilities() at ResInsight/ApplicationLibCode/ReservoirDataModel/Completions/RigTransmissibilityCondenser.cpp:336
  [6] RigTransmissibilityCondenser::externalCells() at ResInsight/ApplicationLibCode/ReservoirDataModel/Completions/RigTransmissibilityCondenser.cpp:110
  [7] RicExportFractureCompletionsImpl::calculateMatrixToWellTransmissibilities(RigTransmissibilityCondenser&) at ResInsight/ApplicationLibCode/Commands/CompletionExportCommands/RicExportFractureCompletionsImpl.cpp:710
  [8] RicExportFractureCompletionsImpl::generateCompdatValuesConst(RimEclipseCase const*, QString const&, RigWellPath const*, std::vector<RimFracture const*, std::allocator<RimFracture const*> > const&, std::vector<RicWellPathFractureReportItem, std::allocator<RicWellPathFractureReportItem> >*, QTextStream*, RicExportFractureCompletionsImpl::PressureDepletionParameters) [clone ._omp_fn.0] at ResInsight/ApplicationLibCode/Commands/CompletionExportCommands/RicExportFractureCompletionsImpl.cpp:305
  [9] gomp_thread_start at :0
  [10] start_thread at :0
  [11] __GI___clone at :0
  [12]  at :0
"
2026-08-14T11:44:39.715Z,2026.06.2-dev.04,"  [0] performCrashLogging at ResInsight/ApplicationExeCode/RiaMainTools.cpp:178
  [1] manageSegFailureSA(int, siginfo_t*, void*) at ResInsight/ApplicationExeCode/RiaMainTools.cpp:310
  [2]  at :0
  [3]  at :0
"
2026-08-14T08:17:23.77Z,2026.06.1,"  [0] performCrashLogging at ResInsight/ApplicationExeCode/RiaMainTools.cpp:170
  [1] manageSegFailureSA(int, siginfo_t*, void*) at ResInsight/ApplicationExeCode/RiaMainTools.cpp:302
  [2]  at :0
  [3] __GI_raise at :0
  [4] __GI_abort at :0
  [5] manageTerminate() at ResInsight/ApplicationExeCode/RiaMainTools.cpp:241
  [6] __cxxabiv1::__terminate(void (*)()) at :0
  [7] std::terminate() at :0
  [8] __cxa_throw at :0
  [9] std::__throw_out_of_range_fmt(char const*, ...) [clone .cold.5] at :0
  [10] std::vector<cvf::Vector3<double>, std::allocator<cvf::Vector3<double> > >::_M_range_check(unsigned long) const at /opt/rh/gcc-toolset-13/root/usr/include/c++/13/bits/stl_vector.h:1158
  [11] RigWellPath::interpolatedPointAlongWellPath(double, double*) const at ResInsight/ApplicationLibCode/ReservoirDataModel/Well/RigWellPath.cpp:260
  [12] RicMswExportInfo::RicMswExportInfo(RimWellPath const*, RiaDefines::EclipseUnitSystem, double, QString const&, QString const&) at ResInsight/ApplicationLibCode/Commands/CompletionExportCommands/RicMswExportInfo.cpp:48
  [13] RicWellPathExportMswTableData::extractSingleWellMsw_Legacy[abi:cxx11](RimEclipseCase*, RimWellPath*, bool, RicWellPathExportMswTableData::CompletionType, std::optional<QDateTime> const&) at ResInsight/ApplicationLibCode/Commands/CompletionExportCommands/RicWellPathExportMswTableData.cpp:145
  [14] RicWellPathExportMswTableData::extractSingleWellMswData[abi:cxx11](RimEclipseCase*, RimWellPath*, bool, RicWellPathExportMswTableData::CompletionType, std::optional<QDateTime> const&) at ResInsight/ApplicationLibCode/Commands/CompletionExportCommands/RicWellPathExportMswTableData.cpp:85
  [15] RimMswSegmentCollection::updateSegments(RimWellPath*, RimEclipseCase*) at ResInsight/ApplicationLibCode/ProjectDataModel/Completions/RimMswSegmentCollection.cpp:161
  [16] RimWellPathCollection::updateMswSegmentsForObject(caf::PdmObject*) at ResInsight/ApplicationLibCode/ProjectDataModel/WellPath/RimWellPathCollection.cpp:651
  [17] caf::PdmUiFieldHandle::notifyFieldChanged(QVariant const&, QVariant const&) at ResInsight/Fwk/AppFwk/cafProjectDataModel/cafPdmUiCore/cafPdmUiFieldHandle.cpp:103
  [18] caf::PdmFieldUiCap<caf::PdmField<bool> >::setValueFromUiEditor(QVariant const&, bool) at ResInsight/Fwk/AppFwk/cafProjectDataModel/cafPdmUiCore/cafInternalPdmUiFieldCapability.inl:116
  [19] caf::CmdFieldChangeExec::redo() at ResInsight/Fwk/AppFwk/cafCommand/cafCmdFieldChangeExec.cpp:139
  [20] QUndoStack::push(QUndoCommand*) at :0
  [21] caf::CmdUiCommandSystemImpl::fieldChangedCommand(std::vector<caf::PdmFieldHandle*, std::allocator<caf::PdmFieldHandle*> > const&, QVariant const&) at ResInsight/Fwk/AppFwk/cafCommand/cafCmdUiCommandSystemImpl.cpp:146
  [22] caf::PdmUiCommandSystemProxy::setUiValueToField(caf::PdmUiFieldHandle*, QVariant const&) at ResInsight/Fwk/AppFwk/cafProjectDataModel/cafPdmUiCore/cafPdmUiCommandSystemProxy.cpp:113
  [23] caf::PdmUiTableViewQModel::setData(QModelIndex const&, QVariant const&, int) at ResInsight/Fwk/AppFwk/cafUserInterface/cafPdmUiTableViewQModel.cpp:166
  [24] caf::PdmUiCheckBoxDelegate::editorEvent(QEvent*, QAbstractItemModel*, QStyleOptionViewItem const&, QModelIndex const&) at ResInsight/Fwk/AppFwk/cafUserInterface/cafPdmUiCheckBoxDelegate.cpp:126
  [25]  at :0
  [26] QAbstractItemView::edit(QModelIndex const&, QAbstractItemView::EditTrigger, QEvent*) at :0
  [27] QAbstractItemView::mouseReleaseEvent(QMouseEvent*) at :0
  [28] QWidget::event(QEvent*) at :0
  [29] QFrame::event(QEvent*) at :0
  [30] QCoreApplicationPrivate::sendThroughObjectEventFilters(QObject*, QEvent*) at :0
  [31] QApplicationPrivate::notify_helper(QObject*, QEvent*) at :0
  [32] QApplication::notify(QObject*, QEvent*) at :0
  [33] RiaGuiApplication::notify(QObject*, QEvent*) at ResInsight/ApplicationLibCode/Application/RiaGuiApplication.cpp:1828
  [34] QCoreApplication::notifyInternal2(QObject*, QEvent*) at :0
  [35] QApplicationPrivate::sendMouseEvent(QWidget*, QMouseEvent*, QWidget*, QWidget*, QWidget**, QPointer<QWidget>&, bool, bool) at :0
  [36]  at :0
  [37]  at :0
  [38] QApplicationPrivate::notify_helper(QObject*, QEvent*) at :0
  [39] RiaGuiApplication::notify(QObject*, QEvent*) at ResInsight/ApplicationLibCode/Application/RiaGuiApplication.cpp:1828
  [40] QCoreApplication::notifyInternal2(QObject*, QEvent*) at :0
  [41] QGuiApplicationPrivate::processMouseEvent(QWindowSystemInterfacePrivate::MouseEvent*) at :0
  [42] QWindowSystemInterface::sendWindowSystemEvents(QFlags<QEventLoop::ProcessEventsFlag>) at :0
  [43]  at :0
  [44] g_main_context_dispatch at :0
  [45] g_main_context_iterate.isra.20 at :0
  [46] g_main_context_iteration at :0
  [47] QEventDispatcherGlib::processEvents(QFlags<QEventLoop::ProcessEventsFlag>) at :0
  [48] QEventLoop::exec(QFlags<QEventLoop::ProcessEventsFlag>) at :0
  [49] QCoreApplication::exec() at :0
  [50] main at ResInsight/ApplicationExeCode/RiaMain.cpp:267
  [51] __libc_start_main at :0
  [52] _start at :0
  [53]  at :0
"
2026-08-14T08:17:23.464Z,2026.06.1,"  [0] performCrashLogging at ResInsight/ApplicationExeCode/RiaMainTools.cpp:170
  [1] manageTerminate() at ResInsight/ApplicationExeCode/RiaMainTools.cpp:239
  [2] __cxxabiv1::__terminate(void (*)()) at :0
  [3] std::terminate() at :0
  [4] __cxa_throw at :0
  [5] std::__throw_out_of_range_fmt(char const*, ...) [clone .cold.5] at :0
  [6] std::vector<cvf::Vector3<double>, std::allocator<cvf::Vector3<double> > >::_M_range_check(unsigned long) const at /opt/rh/gcc-toolset-13/root/usr/include/c++/13/bits/stl_vector.h:1158
  [7] RigWellPath::interpolatedPointAlongWellPath(double, double*) const at ResInsight/ApplicationLibCode/ReservoirDataModel/Well/RigWellPath.cpp:260
  [8] RicMswExportInfo::RicMswExportInfo(RimWellPath const*, RiaDefines::EclipseUnitSystem, double, QString const&, QString const&) at ResInsight/ApplicationLibCode/Commands/CompletionExportCommands/RicMswExportInfo.cpp:48
  [9] RicWellPathExportMswTableData::extractSingleWellMsw_Legacy[abi:cxx11](RimEclipseCase*, RimWellPath*, bool, RicWellPathExportMswTableData::CompletionType, std::optional<QDateTime> const&) at ResInsight/ApplicationLibCode/Commands/CompletionExportCommands/RicWellPathExportMswTableData.cpp:145
  [10] RicWellPathExportMswTableData::extractSingleWellMswData[abi:cxx11](RimEclipseCase*, RimWellPath*, bool, RicWellPathExportMswTableData::CompletionType, std::optional<QDateTime> const&) at ResInsight/ApplicationLibCode/Commands/CompletionExportCommands/RicWellPathExportMswTableData.cpp:85
  [11] RimMswSegmentCollection::updateSegments(RimWellPath*, RimEclipseCase*) at ResInsight/ApplicationLibCode/ProjectDataModel/Completions/RimMswSegmentCollection.cpp:161
  [12] RimWellPathCollection::updateMswSegmentsForObject(caf::PdmObject*) at ResInsight/ApplicationLibCode/ProjectDataModel/WellPath/RimWellPathCollection.cpp:651
  [13] caf::PdmUiFieldHandle::notifyFieldChanged(QVariant const&, QVariant const&) at ResInsight/Fwk/AppFwk/cafProjectDataModel/cafPdmUiCore/cafPdmUiFieldHandle.cpp:103
  [14] caf::PdmFieldUiCap<caf::PdmField<bool> >::setValueFromUiEditor(QVariant const&, bool) at ResInsight/Fwk/AppFwk/cafProjectDataModel/cafPdmUiCore/cafInternalPdmUiFieldCapability.inl:116
  [15] caf::CmdFieldChangeExec::redo() at ResInsight/Fwk/AppFwk/cafCommand/cafCmdFieldChangeExec.cpp:139
  [16] QUndoStack::push(QUndoCommand*) at :0
  [17] caf::CmdUiCommandSystemImpl::fieldChangedCommand(std::vector<caf::PdmFieldHandle*, std::allocator<caf::PdmFieldHandle*> > const&, QVariant const&) at ResInsight/Fwk/AppFwk/cafCommand/cafCmdUiCommandSystemImpl.cpp:146
  [18] caf::PdmUiCommandSystemProxy::setUiValueToField(caf::PdmUiFieldHandle*, QVariant const&) at ResInsight/Fwk/AppFwk/cafProjectDataModel/cafPdmUiCore/cafPdmUiCommandSystemProxy.cpp:113
  [19] caf::PdmUiTableViewQModel::setData(QModelIndex const&, QVariant const&, int) at ResInsight/Fwk/AppFwk/cafUserInterface/cafPdmUiTableViewQModel.cpp:166
  [20] caf::PdmUiCheckBoxDelegate::editorEvent(QEvent*, QAbstractItemModel*, QStyleOptionViewItem const&, QModelIndex const&) at ResInsight/Fwk/AppFwk/cafUserInterface/cafPdmUiCheckBoxDelegate.cpp:126
  [21]  at :0
  [22] QAbstractItemView::edit(QModelIndex const&, QAbstractItemView::EditTrigger, QEvent*) at :0
  [23] QAbstractItemView::mouseReleaseEvent(QMouseEvent*) at :0
  [24] QWidget::event(QEvent*) at :0
  [25] QFrame::event(QEvent*) at :0
  [26] QCoreApplicationPrivate::sendThroughObjectEventFilters(QObject*, QEvent*) at :0
  [27] QApplicationPrivate::notify_helper(QObject*, QEvent*) at :0
  [28] QApplication::notify(QObject*, QEvent*) at :0
  [29] RiaGuiApplication::notify(QObject*, QEvent*) at ResInsight/ApplicationLibCode/Application/RiaGuiApplication.cpp:1828
  [30] QCoreApplication::notifyInternal2(QObject*, QEvent*) at :0
  [31] QApplicationPrivate::sendMouseEvent(QWidget*, QMouseEvent*, QWidget*, QWidget*, QWidget**, QPointer<QWidget>&, bool, bool) at :0
  [32]  at :0
  [33]  at :0
  [34] QApplicationPrivate::notify_helper(QObject*, QEvent*) at :0
  [35] RiaGuiApplication::notify(QObject*, QEvent*) at ResInsight/ApplicationLibCode/Application/RiaGuiApplication.cpp:1828
  [36] QCoreApplication::notifyInternal2(QObject*, QEvent*) at :0
  [37] QGuiApplicationPrivate::processMouseEvent(QWindowSystemInterfacePrivate::MouseEvent*) at :0
  [38] QWindowSystemInterface::sendWindowSystemEvents(QFlags<QEventLoop::ProcessEventsFlag>) at :0
  [39]  at :0
  [40] g_main_context_dispatch at :0
  [41] g_main_context_iterate.isra.20 at :0
  [42] g_main_context_iteration at :0
  [43] QEventDispatcherGlib::processEvents(QFlags<QEventLoop::ProcessEventsFlag>) at :0
  [44] QEventLoop::exec(QFlags<QEventLoop::ProcessEventsFlag>) at :0
  [45] QCoreApplication::exec() at :0
  [46] main at ResInsight/ApplicationExeCode/RiaMain.cpp:267
  [47] __libc_start_main at :0
  [48] _start at :0
  [49]  at :0
"
2026-08-14T08:05:09.577Z,2026.06.1,"  [0] performCrashLogging at ResInsight/ApplicationExeCode/RiaMainTools.cpp:170
  [1] manageSegFailureSA(int, siginfo_t*, void*) at ResInsight/ApplicationExeCode/RiaMainTools.cpp:302
  [2]  at :0
  [3] __GI_raise at :0
  [4] __GI_abort at :0
  [5] cvf::AssertHandlerConsole::handleAssert(char const*, int, char const*, char const*) at ResInsight/Fwk/VizFwk/LibCore/cvfAssert.cpp:125
  [6] cvf::Frustum::isOutside(cvf::BoundingBox const&) const at ResInsight/Fwk/VizFwk/LibGeometry/cvfFrustum.cpp:203
  [7] cvf::ModelBasicList::partVisible(cvf::Part*, cvf::Camera const*, cvf::CullSettings const*, unsigned int, double*) at ResInsight/Fwk/VizFwk/LibViewing/cvfModelBasicList.cpp:215
  [8] cvf::ModelBasicList::findVisibleParts(cvf::PartRenderHintCollection*, cvf::Camera const&, cvf::CullSettings const&, unsigned int) at ResInsight/Fwk/VizFwk/LibViewing/cvfModelBasicList.cpp:181
  [9] cvf::Scene::findVisibleParts(cvf::PartRenderHintCollection*, cvf::Camera const&, cvf::CullSettings const&, unsigned int) at ResInsight/Fwk/VizFwk/LibViewing/cvfScene.cpp:87
  [10] cvf::Rendering::render(cvf::OpenGLContext*) at ResInsight/Fwk/VizFwk/LibViewing/cvfRendering.cpp:182
  [11] cvf::RenderSequence::render(cvf::OpenGLContext*) at ResInsight/Fwk/VizFwk/LibViewing/cvfRenderSequence.cpp:211
  [12] caf::Viewer::paintGL() at ResInsight/Fwk/AppFwk/cafViewer/cafViewer.cpp:901
  [13]  at :0
  [14] QWidget::event(QEvent*) at :0
  [15] QApplicationPrivate::notify_helper(QObject*, QEvent*) at :0
  [16] RiaGuiApplication::notify(QObject*, QEvent*) at ResInsight/ApplicationLibCode/Application/RiaGuiApplication.cpp:1828
  [17] QCoreApplication::notifyInternal2(QObject*, QEvent*) at :0
  [18] QWidgetPrivate::sendPaintEvent(QRegion const&) at :0
  [19] QWidgetRepaintManager::paintAndFlush() at :0
  [20] QWidget::event(QEvent*) at :0
  [21] QApplicationPrivate::notify_helper(QObject*, QEvent*) at :0
  [22] RiaGuiApplication::notify(QObject*, QEvent*) at ResInsight/ApplicationLibCode/Application/RiaGuiApplication.cpp:1828
  [23] QCoreApplication::notifyInternal2(QObject*, QEvent*) at :0
  [24] QCoreApplicationPrivate::sendPostedEvents(QObject*, int, QThreadData*) at :0
  [25]  at :0
  [26] g_main_context_dispatch at :0
  [27] g_main_context_iterate.isra.20 at :0
  [28] g_main_context_iteration at :0
  [29] QEventDispatcherGlib::processEvents(QFlags<QEventLoop::ProcessEventsFlag>) at :0
  [30] QEventLoop::exec(QFlags<QEventLoop::ProcessEventsFlag>) at :0
  [31] QCoreApplication::exec() at :0
  [32] main at ResInsight/ApplicationExeCode/RiaMain.cpp:267
  [33] __libc_start_main at :0
  [34] _start at :0
  [35]  at :0
"
2026-08-14T06:47:12.378Z,2026.06.2-dev.04,"  [0] performCrashLogging at ResInsight/ApplicationExeCode/RiaMainTools.cpp:178
  [1] manageSegFailureSA(int, siginfo_t*, void*) at ResInsight/ApplicationExeCode/RiaMainTools.cpp:310
  [2]  at :0
  [3] std::vector<cvf::Vector3<double>, std::allocator<cvf::Vector3<double> > >::size() const at /opt/rh/gcc-toolset-13/root/usr/include/c++/13/bits/stl_vector.h:993
  [4] RimFileWellPath::readWellPathFile(QString*, RifWellPathImporter*, bool) at ResInsight/ApplicationLibCode/ProjectDataModel/WellPath/RimFileWellPath.cpp:159
  [5] RimFileWellPath::fieldChangedByUi(caf::PdmFieldHandle const*, QVariant const&, QVariant const&) at ResInsight/ApplicationLibCode/ProjectDataModel/WellPath/RimFileWellPath.cpp:221
  [6] caf::PdmUiFieldHandle::notifyFieldChanged(QVariant const&, QVariant const&) at ResInsight/Fwk/AppFwk/cafProjectDataModel/cafPdmUiCore/cafPdmUiFieldHandle.cpp:75
  [7] caf::PdmFieldUiCap<caf::PdmField<bool> >::setValueFromUiEditor(QVariant const&, bool) at ResInsight/Fwk/AppFwk/cafProjectDataModel/cafPdmUiCore/cafInternalPdmUiFieldCapability.inl:116
  [8] caf::CmdFieldChangeExec::redo() at ResInsight/Fwk/AppFwk/cafCommand/cafCmdFieldChangeExec.cpp:139
  [9] QUndoStack::push(QUndoCommand*) at :0
  [10] caf::CmdUiCommandSystemImpl::fieldChangedCommand(std::vector<caf::PdmFieldHandle*, std::allocator<caf::PdmFieldHandle*> > const&, QVariant const&) at ResInsight/Fwk/AppFwk/cafCommand/cafCmdUiCommandSystemImpl.cpp:146
  [11] caf::PdmUiCommandSystemProxy::setUiValueToField(caf::PdmUiFieldHandle*, QVariant const&) at ResInsight/Fwk/AppFwk/cafProjectDataModel/cafPdmUiCore/cafPdmUiCommandSystemProxy.cpp:113
  [12] caf::PdmUiCheckBoxEditor::slotClicked(bool) at ResInsight/Fwk/AppFwk/cafUserInterface/cafPdmUiCheckBoxEditor.cpp:127
  [13]  at :0
  [14] QAbstractButton::clicked(bool) at :0
  [15]  at :0
  [16]  at :0
  [17] QAbstractButton::mouseReleaseEvent(QMouseEvent*) at :0
  [18] QWidget::event(QEvent*) at :0
  [19] QApplicationPrivate::notify_helper(QObject*, QEvent*) at :0
  [20] QApplication::notify(QObject*, QEvent*) at :0
  [21] RiaGuiApplication::notify(QObject*, QEvent*) at ResInsight/ApplicationLibCode/Application/RiaGuiApplication.cpp:1879
  [22] QCoreApplication::notifyInternal2(QObject*, QEvent*) at :0
  [23] QApplicationPrivate::sendMouseEvent(QWidget*, QMouseEvent*, QWidget*, QWidget*, QWidget**, QPointer<QWidget>&, bool, bool) at :0
  [24]  at :0
  [25]  at :0
  [26] QApplicationPrivate::notify_helper(QObject*, QEvent*) at :0
  [27] RiaGuiApplication::notify(QObject*, QEvent*) at ResInsight/ApplicationLibCode/Application/RiaGuiApplication.cpp:1879
  [28] QCoreApplication::notifyInternal2(QObject*, QEvent*) at :0
  [29] QGuiApplicationPrivate::processMouseEvent(QWindowSystemInterfacePrivate::MouseEvent*) at :0
  [30] QWindowSystemInterface::sendWindowSystemEvents(QFlags<QEventLoop::ProcessEventsFlag>) at :0
  [31]  at :0
  [32] g_main_context_dispatch at :0
  [33] g_main_context_iterate.isra.20 at :0
  [34] g_main_context_iteration at :0
  [35] QEventDispatcherGlib::processEvents(QFlags<QEventLoop::ProcessEventsFlag>) at :0
  [36] QEventLoop::exec(QFlags<QEventLoop::ProcessEventsFlag>) at :0
  [37] QCoreApplication::exec() at :0
  [38] main at ResInsight/ApplicationExeCode/RiaMain.cpp:267
  [39] __libc_start_main at :0
  [40] _start at :0
  [41]  at :0
"
2026-08-13T09:20:16.577Z,2026.06.1,"  [0] performCrashLogging at ResInsight/ApplicationExeCode/RiaMainTools.cpp:170
  [1] manageSegFailureSA(int, siginfo_t*, void*) at ResInsight/ApplicationExeCode/RiaMainTools.cpp:302
  [2]  at :0
  [3] RifEclipseOutputFileTools::timeSteps(ecl_file_struct const*, std::vector<QDateTime, std::allocator<QDateTime> >*, std::vector<double, std::allocator<double> >*, unsigned long*) at ResInsight/ApplicationLibCode/FileInterface/RifEclipseOutputFileTools.cpp:289
  [4] RifEclipseUnifiedRestartFileAccess::extractTimestepsFromEclipse() at ResInsight/ApplicationLibCode/FileInterface/RifEclipseUnifiedRestartFileAccess.cpp:154
  [5] RifEclipseUnifiedRestartFileAccess::timeSteps(std::vector<QDateTime, std::allocator<QDateTime> >*, std::vector<double, std::allocator<double> >*) at ResInsight/ApplicationLibCode/FileInterface/RifEclipseUnifiedRestartFileAccess.cpp:206
  [6] RimEclipseResultCase::importGridAndResultMetaData(bool) at ResInsight/ApplicationLibCode/ProjectDataModel/RimEclipseResultCase.cpp:216
  [7] RiaImportEclipseCaseTools::openEclipseCaseShowTimeStepFilterImpl(QString const&, bool, bool, RifReaderSettings&) at ResInsight/ApplicationLibCode/Application/Tools/RiaImportEclipseCaseTools.cpp:372
  [8] RiaImportEclipseCaseTools::openEclipseCasesFromFile(QList<QString> const&, bool, std::map<QString, int, std::less<QString>, std::allocator<std::pair<QString const, int> > >*, bool, RifReaderSettings&) at ResInsight/ApplicationLibCode/Application/Tools/RiaImportEclipseCaseTools.cpp:107
  [9] RicImportGeneralDataFeature::openEclipseCaseFromFileNames(QList<QString> const&, bool, std::vector<int, std::allocator<int> >&, RifReaderSettings&) at ResInsight/ApplicationLibCode/Commands/RicImportGeneralDataFeature.cpp:365
  [10] RicImportGeneralDataFeature::openEclipseFilesFromFileNames(QList<QString> const&, bool, bool, RifReaderSettings&) at ResInsight/ApplicationLibCode/Commands/RicImportGeneralDataFeature.cpp:105
  [11] RicImportGeneralDataFeature::openEclipseFilesFromFileNames(QList<QString> const&, bool, bool) at ResInsight/ApplicationLibCode/Commands/RicImportGeneralDataFeature.cpp:56
  [12] RicImportGridModelFeature::onActionTriggered(bool) at ResInsight/ApplicationLibCode/Commands/EclipseCommands/RicImportGridModelFeature.cpp:81
  [13] caf::CmdFeature::actionTriggered(bool) at ResInsight/Fwk/AppFwk/cafCommand/cafCmdFeature.cpp:176
  [14]  at :0
  [15] QAction::triggered(bool) at :0
  [16] QAction::activate(QAction::ActionEvent) at :0
  [17]  at :0
  [18] QAbstractButton::mouseReleaseEvent(QMouseEvent*) at :0
  [19] QToolButton::mouseReleaseEvent(QMouseEvent*) at :0
  [20] QWidget::event(QEvent*) at :0
  [21] QApplicationPrivate::notify_helper(QObject*, QEvent*) at :0
  [22] QApplication::notify(QObject*, QEvent*) at :0
  [23] RiaGuiApplication::notify(QObject*, QEvent*) at ResInsight/ApplicationLibCode/Application/RiaGuiApplication.cpp:1828
  [24] QCoreApplication::notifyInternal2(QObject*, QEvent*) at :0
  [25] QApplicationPrivate::sendMouseEvent(QWidget*, QMouseEvent*, QWidget*, QWidget*, QWidget**, QPointer<QWidget>&, bool, bool) at :0
  [26]  at :0
  [27]  at :0
  [28] QApplicationPrivate::notify_helper(QObject*, QEvent*) at :0
  [29] RiaGuiApplication::notify(QObject*, QEvent*) at ResInsight/ApplicationLibCode/Application/RiaGuiApplication.cpp:1828
  [30] QCoreApplication::notifyInternal2(QObject*, QEvent*) at :0
  [31] QGuiApplicationPrivate::processMouseEvent(QWindowSystemInterfacePrivate::MouseEvent*) at :0
  [32] QWindowSystemInterface::sendWindowSystemEvents(QFlags<QEventLoop::ProcessEventsFlag>) at :0
  [33]  at :0
  [34] g_main_context_dispatch at :0
  [35] g_main_context_iterate.isra.20 at :0
  [36] g_main_context_iteration at :0
  [37] QEventDispatcherGlib::processEvents(QFlags<QEventLoop::ProcessEventsFlag>) at :0
  [38] QEventLoop::exec(QFlags<QEventLoop::ProcessEventsFlag>) at :0
  [39] QCoreApplication::exec() at :0
  [40] main at ResInsight/ApplicationExeCode/RiaMain.cpp:267
  [41] __libc_start_main at :0
  [42] _start at :0
  [43]  at :0
"
2026-08-13T09:17:26.153Z,2026.06.1,"  [0] performCrashLogging at ResInsight/ApplicationExeCode/RiaMainTools.cpp:170
  [1] manageSegFailureSA(int, siginfo_t*, void*) at ResInsight/ApplicationExeCode/RiaMainTools.cpp:302
  [2]  at :0
  [3] RifEclipseOutputFileTools::timeSteps(ecl_file_struct const*, std::vector<QDateTime, std::allocator<QDateTime> >*, std::vector<double, std::allocator<double> >*, unsigned long*) at ResInsight/ApplicationLibCode/FileInterface/RifEclipseOutputFileTools.cpp:289
  [4] RifEclipseUnifiedRestartFileAccess::extractTimestepsFromEclipse() at ResInsight/ApplicationLibCode/FileInterface/RifEclipseUnifiedRestartFileAccess.cpp:154
  [5] RifEclipseUnifiedRestartFileAccess::timeSteps(std::vector<QDateTime, std::allocator<QDateTime> >*, std::vector<double, std::allocator<double> >*) at ResInsight/ApplicationLibCode/FileInterface/RifEclipseUnifiedRestartFileAccess.cpp:206
  [6] RimEclipseResultCase::importGridAndResultMetaData(bool) at ResInsight/ApplicationLibCode/ProjectDataModel/RimEclipseResultCase.cpp:216
  [7] RiaImportEclipseCaseTools::openEclipseCaseShowTimeStepFilterImpl(QString const&, bool, bool, RifReaderSettings&) at ResInsight/ApplicationLibCode/Application/Tools/RiaImportEclipseCaseTools.cpp:372
  [8] RiaImportEclipseCaseTools::openEclipseCasesFromFile(QList<QString> const&, bool, std::map<QString, int, std::less<QString>, std::allocator<std::pair<QString const, int> > >*, bool, RifReaderSettings&) at ResInsight/ApplicationLibCode/Application/Tools/RiaImportEclipseCaseTools.cpp:107
  [9] RicImportGeneralDataFeature::openEclipseCaseFromFileNames(QList<QString> const&, bool, std::vector<int, std::allocator<int> >&, RifReaderSettings&) at ResInsight/ApplicationLibCode/Commands/RicImportGeneralDataFeature.cpp:365
  [10] RicImportGeneralDataFeature::openEclipseFilesFromFileNames(QList<QString> const&, bool, bool, RifReaderSettings&) at ResInsight/ApplicationLibCode/Commands/RicImportGeneralDataFeature.cpp:105
  [11] RicImportGeneralDataFeature::openEclipseFilesFromFileNames(QList<QString> const&, bool, bool) at ResInsight/ApplicationLibCode/Commands/RicImportGeneralDataFeature.cpp:56
  [12] RicImportGridModelFeature::onActionTriggered(bool) at ResInsight/ApplicationLibCode/Commands/EclipseCommands/RicImportGridModelFeature.cpp:81
  [13] caf::CmdFeature::actionTriggered(bool) at ResInsight/Fwk/AppFwk/cafCommand/cafCmdFeature.cpp:176
  [14]  at :0
  [15] QAction::triggered(bool) at :0
  [16] QAction::activate(QAction::ActionEvent) at :0
  [17]  at :0
  [18] QAbstractButton::mouseReleaseEvent(QMouseEvent*) at :0
  [19] QToolButton::mouseReleaseEvent(QMouseEvent*) at :0
  [20] QWidget::event(QEvent*) at :0
  [21] QApplicationPrivate::notify_helper(QObject*, QEvent*) at :0
  [22] QApplication::notify(QObject*, QEvent*) at :0
  [23] RiaGuiApplication::notify(QObject*, QEvent*) at ResInsight/ApplicationLibCode/Application/RiaGuiApplication.cpp:1828
  [24] QCoreApplication::notifyInternal2(QObject*, QEvent*) at :0
  [25] QApplicationPrivate::sendMouseEvent(QWidget*, QMouseEvent*, QWidget*, QWidget*, QWidget**, QPointer<QWidget>&, bool, bool) at :0
  [26]  at :0
  [27]  at :0
  [28] QApplicationPrivate::notify_helper(QObject*, QEvent*) at :0
  [29] RiaGuiApplication::notify(QObject*, QEvent*) at ResInsight/ApplicationLibCode/Application/RiaGuiApplication.cpp:1828
  [30] QCoreApplication::notifyInternal2(QObject*, QEvent*) at :0
  [31] QGuiApplicationPrivate::processMouseEvent(QWindowSystemInterfacePrivate::MouseEvent*) at :0
  [32] QWindowSystemInterface::sendWindowSystemEvents(QFlags<QEventLoop::ProcessEventsFlag>) at :0
  [33]  at :0
  [34] g_main_context_dispatch at :0
  [35] g_main_context_iterate.isra.20 at :0
  [36] g_main_context_iteration at :0
  [37] QEventDispatcherGlib::processEvents(QFlags<QEventLoop::ProcessEventsFlag>) at :0
  [38] QEventLoop::exec(QFlags<QEventLoop::ProcessEventsFlag>) at :0
  [39] QCoreApplication::exec() at :0
  [40] main at ResInsight/ApplicationExeCode/RiaMain.cpp:267
  [41] __libc_start_main at :0
  [42] _start at :0
  [43]  at :0
"
2026-08-13T08:42:11.428Z,2026.06.1,"  [0] performCrashLogging at ResInsight/ApplicationExeCode/RiaMainTools.cpp:170
  [1] manageSegFailureSA(int, siginfo_t*, void*) at ResInsight/ApplicationExeCode/RiaMainTools.cpp:302
  [2]  at :0
  [3] RifEclipseOutputFileTools::timeSteps(ecl_file_struct const*, std::vector<QDateTime, std::allocator<QDateTime> >*, std::vector<double, std::allocator<double> >*, unsigned long*) at ResInsight/ApplicationLibCode/FileInterface/RifEclipseOutputFileTools.cpp:289
  [4] RifEclipseUnifiedRestartFileAccess::extractTimestepsFromEclipse() at ResInsight/ApplicationLibCode/FileInterface/RifEclipseUnifiedRestartFileAccess.cpp:154
  [5] RifEclipseUnifiedRestartFileAccess::timeSteps(std::vector<QDateTime, std::allocator<QDateTime> >*, std::vector<double, std::allocator<double> >*) at ResInsight/ApplicationLibCode/FileInterface/RifEclipseUnifiedRestartFileAccess.cpp:206
  [6] RimEclipseResultCase::importGridAndResultMetaData(bool) at ResInsight/ApplicationLibCode/ProjectDataModel/RimEclipseResultCase.cpp:216
  [7] RiaImportEclipseCaseTools::openEclipseCaseShowTimeStepFilterImpl(QString const&, bool, bool, RifReaderSettings&) at ResInsight/ApplicationLibCode/Application/Tools/RiaImportEclipseCaseTools.cpp:372
  [8] RiaImportEclipseCaseTools::openEclipseCasesFromFile(QList<QString> const&, bool, std::map<QString, int, std::less<QString>, std::allocator<std::pair<QString const, int> > >*, bool, RifReaderSettings&) at ResInsight/ApplicationLibCode/Application/Tools/RiaImportEclipseCaseTools.cpp:107
  [9] RicImportGeneralDataFeature::openEclipseCaseFromFileNames(QList<QString> const&, bool, std::vector<int, std::allocator<int> >&, RifReaderSettings&) at ResInsight/ApplicationLibCode/Commands/RicImportGeneralDataFeature.cpp:365
  [10] RicImportGeneralDataFeature::openEclipseFilesFromFileNames(QList<QString> const&, bool, bool, RifReaderSettings&) at ResInsight/ApplicationLibCode/Commands/RicImportGeneralDataFeature.cpp:105
  [11] RicImportGeneralDataFeature::openEclipseFilesFromFileNames(QList<QString> const&, bool, bool) at ResInsight/ApplicationLibCode/Commands/RicImportGeneralDataFeature.cpp:56
  [12] RicImportGridModelFeature::onActionTriggered(bool) at ResInsight/ApplicationLibCode/Commands/EclipseCommands/RicImportGridModelFeature.cpp:81
  [13] caf::CmdFeature::actionTriggered(bool) at ResInsight/Fwk/AppFwk/cafCommand/cafCmdFeature.cpp:176
  [14]  at :0
  [15] QAction::triggered(bool) at :0
  [16] QAction::activate(QAction::ActionEvent) at :0
  [17]  at :0
  [18] QAbstractButton::mouseReleaseEvent(QMouseEvent*) at :0
  [19] QToolButton::mouseReleaseEvent(QMouseEvent*) at :0
  [20] QWidget::event(QEvent*) at :0
  [21] QApplicationPrivate::notify_helper(QObject*, QEvent*) at :0
  [22] QApplication::notify(QObject*, QEvent*) at :0
  [23] RiaGuiApplication::notify(QObject*, QEvent*) at ResInsight/ApplicationLibCode/Application/RiaGuiApplication.cpp:1828
  [24] QCoreApplication::notifyInternal2(QObject*, QEvent*) at :0
  [25] QApplicationPrivate::sendMouseEvent(QWidget*, QMouseEvent*, QWidget*, QWidget*, QWidget**, QPointer<QWidget>&, bool, bool) at :0
  [26]  at :0
  [27]  at :0
  [28] QApplicationPrivate::notify_helper(QObject*, QEvent*) at :0
  [29] RiaGuiApplication::notify(QObject*, QEvent*) at ResInsight/ApplicationLibCode/Application/RiaGuiApplication.cpp:1828
  [30] QCoreApplication::notifyInternal2(QObject*, QEvent*) at :0
  [31] QGuiApplicationPrivate::processMouseEvent(QWindowSystemInterfacePrivate::MouseEvent*) at :0
  [32] QWindowSystemInterface::sendWindowSystemEvents(QFlags<QEventLoop::ProcessEventsFlag>) at :0
  [33]  at :0
  [34] g_main_context_dispatch at :0
  [35] g_main_context_iterate.isra.20 at :0
  [36] g_main_context_iteration at :0
  [37] QEventDispatcherGlib::processEvents(QFlags<QEventLoop::ProcessEventsFlag>) at :0
  [38] QEventLoop::exec(QFlags<QEventLoop::ProcessEventsFlag>) at :0
  [39] QCoreApplication::exec() at :0
  [40] main at ResInsight/ApplicationExeCode/RiaMain.cpp:267
  [41] __libc_start_main at :0
  [42] _start at :0
  [43]  at :0
"
2026-08-13T08:38:59.633Z,2026.06.1,"  [0] performCrashLogging at ResInsight/ApplicationExeCode/RiaMainTools.cpp:170
  [1] manageSegFailureSA(int, siginfo_t*, void*) at ResInsight/ApplicationExeCode/RiaMainTools.cpp:302
  [2]  at :0
  [3] RifEclipseOutputFileTools::timeSteps(ecl_file_struct const*, std::vector<QDateTime, std::allocator<QDateTime> >*, std::vector<double, std::allocator<double> >*, unsigned long*) at ResInsight/ApplicationLibCode/FileInterface/RifEclipseOutputFileTools.cpp:289
  [4] RifEclipseUnifiedRestartFileAccess::extractTimestepsFromEclipse() at ResInsight/ApplicationLibCode/FileInterface/RifEclipseUnifiedRestartFileAccess.cpp:154
  [5] RifEclipseUnifiedRestartFileAccess::timeSteps(std::vector<QDateTime, std::allocator<QDateTime> >*, std::vector<double, std::allocator<double> >*) at ResInsight/ApplicationLibCode/FileInterface/RifEclipseUnifiedRestartFileAccess.cpp:206
  [6] RimEclipseResultCase::importGridAndResultMetaData(bool) at ResInsight/ApplicationLibCode/ProjectDataModel/RimEclipseResultCase.cpp:216
  [7] RiaImportEclipseCaseTools::openEclipseCaseShowTimeStepFilterImpl(QString const&, bool, bool, RifReaderSettings&) at ResInsight/ApplicationLibCode/Application/Tools/RiaImportEclipseCaseTools.cpp:372
  [8] RiaImportEclipseCaseTools::openEclipseCasesFromFile(QList<QString> const&, bool, std::map<QString, int, std::less<QString>, std::allocator<std::pair<QString const, int> > >*, bool, RifReaderSettings&) at ResInsight/ApplicationLibCode/Application/Tools/RiaImportEclipseCaseTools.cpp:107
  [9] RicImportGeneralDataFeature::openEclipseCaseFromFileNames(QList<QString> const&, bool, std::vector<int, std::allocator<int> >&, RifReaderSettings&) at ResInsight/ApplicationLibCode/Commands/RicImportGeneralDataFeature.cpp:365
  [10] RicImportGeneralDataFeature::openEclipseFilesFromFileNames(QList<QString> const&, bool, bool, RifReaderSettings&) at ResInsight/ApplicationLibCode/Commands/RicImportGeneralDataFeature.cpp:105
  [11] RicImportGeneralDataFeature::openEclipseFilesFromFileNames(QList<QString> const&, bool, bool) at ResInsight/ApplicationLibCode/Commands/RicImportGeneralDataFeature.cpp:56
  [12] RicImportGridModelFeature::onActionTriggered(bool) at ResInsight/ApplicationLibCode/Commands/EclipseCommands/RicImportGridModelFeature.cpp:81
  [13] caf::CmdFeature::actionTriggered(bool) at ResInsight/Fwk/AppFwk/cafCommand/cafCmdFeature.cpp:176
  [14]  at :0
  [15] QAction::triggered(bool) at :0
  [16] QAction::activate(QAction::ActionEvent) at :0
  [17]  at :0
  [18] QAbstractButton::mouseReleaseEvent(QMouseEvent*) at :0
  [19] QToolButton::mouseReleaseEvent(QMouseEvent*) at :0
  [20] QWidget::event(QEvent*) at :0
  [21] QApplicationPrivate::notify_helper(QObject*, QEvent*) at :0
  [22] QApplication::notify(QObject*, QEvent*) at :0
  [23] RiaGuiApplication::notify(QObject*, QEvent*) at ResInsight/ApplicationLibCode/Application/RiaGuiApplication.cpp:1828
  [24] QCoreApplication::notifyInternal2(QObject*, QEvent*) at :0
  [25] QApplicationPrivate::sendMouseEvent(QWidget*, QMouseEvent*, QWidget*, QWidget*, QWidget**, QPointer<QWidget>&, bool, bool) at :0
  [26]  at :0
  [27]  at :0
  [28] QApplicationPrivate::notify_helper(QObject*, QEvent*) at :0
  [29] RiaGuiApplication::notify(QObject*, QEvent*) at ResInsight/ApplicationLibCode/Application/RiaGuiApplication.cpp:1828
  [30] QCoreApplication::notifyInternal2(QObject*, QEvent*) at :0
  [31] QGuiApplicationPrivate::processMouseEvent(QWindowSystemInterfacePrivate::MouseEvent*) at :0
  [32] QWindowSystemInterface::sendWindowSystemEvents(QFlags<QEventLoop::ProcessEventsFlag>) at :0
  [33]  at :0
  [34] g_main_context_dispatch at :0
  [35] g_main_context_iterate.isra.20 at :0
  [36] g_main_context_iteration at :0
  [37] QEventDispatcherGlib::processEvents(QFlags<QEventLoop::ProcessEventsFlag>) at :0
  [38] QEventLoop::exec(QFlags<QEventLoop::ProcessEventsFlag>) at :0
  [39] QCoreApplication::exec() at :0
  [40] main at ResInsight/ApplicationExeCode/RiaMain.cpp:267
  [41] __libc_start_main at :0
  [42] _start at :0
  [43]  at :0
"
2026-08-13T08:38:25.075Z,2026.06.1,"  [0] performCrashLogging at ResInsight/ApplicationExeCode/RiaMainTools.cpp:170
  [1] manageSegFailureSA(int, siginfo_t*, void*) at ResInsight/ApplicationExeCode/RiaMainTools.cpp:302
  [2]  at :0
  [3] RifEclipseOutputFileTools::timeSteps(ecl_file_struct const*, std::vector<QDateTime, std::allocator<QDateTime> >*, std::vector<double, std::allocator<double> >*, unsigned long*) at ResInsight/ApplicationLibCode/FileInterface/RifEclipseOutputFileTools.cpp:289
  [4] RifEclipseUnifiedRestartFileAccess::extractTimestepsFromEclipse() at ResInsight/ApplicationLibCode/FileInterface/RifEclipseUnifiedRestartFileAccess.cpp:154
  [5] RifEclipseUnifiedRestartFileAccess::timeSteps(std::vector<QDateTime, std::allocator<QDateTime> >*, std::vector<double, std::allocator<double> >*) at ResInsight/ApplicationLibCode/FileInterface/RifEclipseUnifiedRestartFileAccess.cpp:206
  [6] RimEclipseResultCase::importGridAndResultMetaData(bool) at ResInsight/ApplicationLibCode/ProjectDataModel/RimEclipseResultCase.cpp:216
  [7] RiaImportEclipseCaseTools::openEclipseCaseShowTimeStepFilterImpl(QString const&, bool, bool, RifReaderSettings&) at ResInsight/ApplicationLibCode/Application/Tools/RiaImportEclipseCaseTools.cpp:372
  [8] RiaImportEclipseCaseTools::openEclipseCasesFromFile(QList<QString> const&, bool, std::map<QString, int, std::less<QString>, std::allocator<std::pair<QString const, int> > >*, bool, RifReaderSettings&) at ResInsight/ApplicationLibCode/Application/Tools/RiaImportEclipseCaseTools.cpp:107
  [9] RicImportGeneralDataFeature::openEclipseCaseFromFileNames(QList<QString> const&, bool, std::vector<int, std::allocator<int> >&, RifReaderSettings&) at ResInsight/ApplicationLibCode/Commands/RicImportGeneralDataFeature.cpp:365
  [10] RicImportGeneralDataFeature::openEclipseFilesFromFileNames(QList<QString> const&, bool, bool, RifReaderSettings&) at ResInsight/ApplicationLibCode/Commands/RicImportGeneralDataFeature.cpp:105
  [11] RicImportGeneralDataFeature::openEclipseFilesFromFileNames(QList<QString> const&, bool, bool) at ResInsight/ApplicationLibCode/Commands/RicImportGeneralDataFeature.cpp:56
  [12] RicImportGridModelFeature::onActionTriggered(bool) at ResInsight/ApplicationLibCode/Commands/EclipseCommands/RicImportGridModelFeature.cpp:81
  [13] caf::CmdFeature::actionTriggered(bool) at ResInsight/Fwk/AppFwk/cafCommand/cafCmdFeature.cpp:176
  [14]  at :0
  [15] QAction::triggered(bool) at :0
  [16] QAction::activate(QAction::ActionEvent) at :0
  [17]  at :0
  [18] QAbstractButton::mouseReleaseEvent(QMouseEvent*) at :0
  [19] QToolButton::mouseReleaseEvent(QMouseEvent*) at :0
  [20] QWidget::event(QEvent*) at :0
  [21] QApplicationPrivate::notify_helper(QObject*, QEvent*) at :0
  [22] QApplication::notify(QObject*, QEvent*) at :0
  [23] RiaGuiApplication::notify(QObject*, QEvent*) at ResInsight/ApplicationLibCode/Application/RiaGuiApplication.cpp:1828
  [24] QCoreApplication::notifyInternal2(QObject*, QEvent*) at :0
  [25] QApplicationPrivate::sendMouseEvent(QWidget*, QMouseEvent*, QWidget*, QWidget*, QWidget**, QPointer<QWidget>&, bool, bool) at :0
  [26]  at :0
  [27]  at :0
  [28] QApplicationPrivate::notify_helper(QObject*, QEvent*) at :0
  [29] RiaGuiApplication::notify(QObject*, QEvent*) at ResInsight/ApplicationLibCode/Application/RiaGuiApplication.cpp:1828
  [30] QCoreApplication::notifyInternal2(QObject*, QEvent*) at :0
  [31] QGuiApplicationPrivate::processMouseEvent(QWindowSystemInterfacePrivate::MouseEvent*) at :0
  [32] QWindowSystemInterface::sendWindowSystemEvents(QFlags<QEventLoop::ProcessEventsFlag>) at :0
  [33]  at :0
  [34] g_main_context_dispatch at :0
  [35] g_main_context_iterate.isra.20 at :0
  [36] g_main_context_iteration at :0
  [37] QEventDispatcherGlib::processEvents(QFlags<QEventLoop::ProcessEventsFlag>) at :0
  [38] QEventLoop::exec(QFlags<QEventLoop::ProcessEventsFlag>) at :0
  [39] QCoreApplication::exec() at :0
  [40] main at ResInsight/ApplicationExeCode/RiaMain.cpp:267
  [41] __libc_start_main at :0
  [42] _start at :0
  [43]  at :0
"
2026-08-13T08:10:30.129Z,2026.06.1,"  [0] performCrashLogging at ResInsight/ApplicationExeCode/RiaMainTools.cpp:170
  [1] manageSegFailureSA(int, siginfo_t*, void*) at ResInsight/ApplicationExeCode/RiaMainTools.cpp:302
  [2]  at :0
  [3] RifEclipseOutputFileTools::timeSteps(ecl_file_struct const*, std::vector<QDateTime, std::allocator<QDateTime> >*, std::vector<double, std::allocator<double> >*, unsigned long*) at ResInsight/ApplicationLibCode/FileInterface/RifEclipseOutputFileTools.cpp:289
  [4] RifEclipseUnifiedRestartFileAccess::extractTimestepsFromEclipse() at ResInsight/ApplicationLibCode/FileInterface/RifEclipseUnifiedRestartFileAccess.cpp:154
  [5] RifEclipseUnifiedRestartFileAccess::timeSteps(std::vector<QDateTime, std::allocator<QDateTime> >*, std::vector<double, std::allocator<double> >*) at ResInsight/ApplicationLibCode/FileInterface/RifEclipseUnifiedRestartFileAccess.cpp:206
  [6] RimEclipseResultCase::importGridAndResultMetaData(bool) at ResInsight/ApplicationLibCode/ProjectDataModel/RimEclipseResultCase.cpp:216
  [7] RiaImportEclipseCaseTools::openEclipseCaseShowTimeStepFilterImpl(QString const&, bool, bool, RifReaderSettings&) at ResInsight/ApplicationLibCode/Application/Tools/RiaImportEclipseCaseTools.cpp:372
  [8] RiaImportEclipseCaseTools::openEclipseCasesFromFile(QList<QString> const&, bool, std::map<QString, int, std::less<QString>, std::allocator<std::pair<QString const, int> > >*, bool, RifReaderSettings&) at ResInsight/ApplicationLibCode/Application/Tools/RiaImportEclipseCaseTools.cpp:107
  [9] RicImportGeneralDataFeature::openEclipseCaseFromFileNames(QList<QString> const&, bool, std::vector<int, std::allocator<int> >&, RifReaderSettings&) at ResInsight/ApplicationLibCode/Commands/RicImportGeneralDataFeature.cpp:365
  [10] RicImportGeneralDataFeature::openEclipseFilesFromFileNames(QList<QString> const&, bool, bool, RifReaderSettings&) at ResInsight/ApplicationLibCode/Commands/RicImportGeneralDataFeature.cpp:105
  [11] RicImportGeneralDataFeature::openEclipseFilesFromFileNames(QList<QString> const&, bool, bool) at ResInsight/ApplicationLibCode/Commands/RicImportGeneralDataFeature.cpp:56
  [12] RicImportGridModelFeature::onActionTriggered(bool) at ResInsight/ApplicationLibCode/Commands/EclipseCommands/RicImportGridModelFeature.cpp:81
  [13] caf::CmdFeature::actionTriggered(bool) at ResInsight/Fwk/AppFwk/cafCommand/cafCmdFeature.cpp:176
  [14]  at :0
  [15] QAction::triggered(bool) at :0
  [16] QAction::activate(QAction::ActionEvent) at :0
  [17]  at :0
  [18] QAbstractButton::mouseReleaseEvent(QMouseEvent*) at :0
  [19] QToolButton::mouseReleaseEvent(QMouseEvent*) at :0
  [20] QWidget::event(QEvent*) at :0
  [21] QApplicationPrivate::notify_helper(QObject*, QEvent*) at :0
  [22] QApplication::notify(QObject*, QEvent*) at :0
  [23] RiaGuiApplication::notify(QObject*, QEvent*) at ResInsight/ApplicationLibCode/Application/RiaGuiApplication.cpp:1828
  [24] QCoreApplication::notifyInternal2(QObject*, QEvent*) at :0
  [25] QApplicationPrivate::sendMouseEvent(QWidget*, QMouseEvent*, QWidget*, QWidget*, QWidget**, QPointer<QWidget>&, bool, bool) at :0
  [26]  at :0
  [27]  at :0
  [28] QApplicationPrivate::notify_helper(QObject*, QEvent*) at :0
  [29] RiaGuiApplication::notify(QObject*, QEvent*) at ResInsight/ApplicationLibCode/Application/RiaGuiApplication.cpp:1828
  [30] QCoreApplication::notifyInternal2(QObject*, QEvent*) at :0
  [31] QGuiApplicationPrivate::processMouseEvent(QWindowSystemInterfacePrivate::MouseEvent*) at :0
  [32] QWindowSystemInterface::sendWindowSystemEvents(QFlags<QEventLoop::ProcessEventsFlag>) at :0
  [33]  at :0
  [34] g_main_context_dispatch at :0
  [35] g_main_context_iterate.isra.20 at :0
  [36] g_main_context_iteration at :0
  [37] QEventDispatcherGlib::processEvents(QFlags<QEventLoop::ProcessEventsFlag>) at :0
  [38] QEventLoop::exec(QFlags<QEventLoop::ProcessEventsFlag>) at :0
  [39] QCoreApplication::exec() at :0
  [40] main at ResInsight/ApplicationExeCode/RiaMain.cpp:267
  [41] __libc_start_main at :0
  [42] _start at :0
  [43]  at :0
"
2026-08-13T08:07:45.471Z,2026.06.1,"  [0] performCrashLogging at ResInsight/ApplicationExeCode/RiaMainTools.cpp:170
  [1] manageSegFailureSA(int, siginfo_t*, void*) at ResInsight/ApplicationExeCode/RiaMainTools.cpp:302
  [2]  at :0
  [3] RifEclipseOutputFileTools::timeSteps(ecl_file_struct const*, std::vector<QDateTime, std::allocator<QDateTime> >*, std::vector<double, std::allocator<double> >*, unsigned long*) at ResInsight/ApplicationLibCode/FileInterface/RifEclipseOutputFileTools.cpp:289
  [4] RifEclipseUnifiedRestartFileAccess::extractTimestepsFromEclipse() at ResInsight/ApplicationLibCode/FileInterface/RifEclipseUnifiedRestartFileAccess.cpp:154
  [5] RifEclipseUnifiedRestartFileAccess::timeSteps(std::vector<QDateTime, std::allocator<QDateTime> >*, std::vector<double, std::allocator<double> >*) at ResInsight/ApplicationLibCode/FileInterface/RifEclipseUnifiedRestartFileAccess.cpp:206
  [6] RimEclipseResultCase::importGridAndResultMetaData(bool) at ResInsight/ApplicationLibCode/ProjectDataModel/RimEclipseResultCase.cpp:216
  [7] RiaImportEclipseCaseTools::openEclipseCaseShowTimeStepFilterImpl(QString const&, bool, bool, RifReaderSettings&) at ResInsight/ApplicationLibCode/Application/Tools/RiaImportEclipseCaseTools.cpp:372
  [8] RiaImportEclipseCaseTools::openEclipseCasesFromFile(QList<QString> const&, bool, std::map<QString, int, std::less<QString>, std::allocator<std::pair<QString const, int> > >*, bool, RifReaderSettings&) at ResInsight/ApplicationLibCode/Application/Tools/RiaImportEclipseCaseTools.cpp:107
  [9] RicImportGeneralDataFeature::openEclipseCaseFromFileNames(QList<QString> const&, bool, std::vector<int, std::allocator<int> >&, RifReaderSettings&) at ResInsight/ApplicationLibCode/Commands/RicImportGeneralDataFeature.cpp:365
  [10] RicImportGeneralDataFeature::openEclipseFilesFromFileNames(QList<QString> const&, bool, bool, RifReaderSettings&) at ResInsight/ApplicationLibCode/Commands/RicImportGeneralDataFeature.cpp:105
  [11] RicImportGeneralDataFeature::openEclipseFilesFromFileNames(QList<QString> const&, bool, bool) at ResInsight/ApplicationLibCode/Commands/RicImportGeneralDataFeature.cpp:56
  [12] RicImportGridModelFeature::onActionTriggered(bool) at ResInsight/ApplicationLibCode/Commands/EclipseCommands/RicImportGridModelFeature.cpp:81
  [13] caf::CmdFeature::actionTriggered(bool) at ResInsight/Fwk/AppFwk/cafCommand/cafCmdFeature.cpp:176
  [14]  at :0
  [15] QAction::triggered(bool) at :0
  [16] QAction::activate(QAction::ActionEvent) at :0
  [17]  at :0
  [18] QAbstractButton::mouseReleaseEvent(QMouseEvent*) at :0
  [19] QToolButton::mouseReleaseEvent(QMouseEvent*) at :0
  [20] QWidget::event(QEvent*) at :0
  [21] QApplicationPrivate::notify_helper(QObject*, QEvent*) at :0
  [22] QApplication::notify(QObject*, QEvent*) at :0
  [23] RiaGuiApplication::notify(QObject*, QEvent*) at ResInsight/ApplicationLibCode/Application/RiaGuiApplication.cpp:1828
  [24] QCoreApplication::notifyInternal2(QObject*, QEvent*) at :0
  [25] QApplicationPrivate::sendMouseEvent(QWidget*, QMouseEvent*, QWidget*, QWidget*, QWidget**, QPointer<QWidget>&, bool, bool) at :0
  [26]  at :0
  [27]  at :0
  [28] QApplicationPrivate::notify_helper(QObject*, QEvent*) at :0
  [29] RiaGuiApplication::notify(QObject*, QEvent*) at ResInsight/ApplicationLibCode/Application/RiaGuiApplication.cpp:1828
  [30] QCoreApplication::notifyInternal2(QObject*, QEvent*) at :0
  [31] QGuiApplicationPrivate::processMouseEvent(QWindowSystemInterfacePrivate::MouseEvent*) at :0
  [32] QWindowSystemInterface::sendWindowSystemEvents(QFlags<QEventLoop::ProcessEventsFlag>) at :0
  [33]  at :0
  [34] g_main_context_dispatch at :0
  [35] g_main_context_iterate.isra.20 at :0
  [36] g_main_context_iteration at :0
  [37] QEventDispatcherGlib::processEvents(QFlags<QEventLoop::ProcessEventsFlag>) at :0
  [38] QEventLoop::exec(QFlags<QEventLoop::ProcessEventsFlag>) at :0
  [39] QCoreApplication::exec() at :0
  [40] main at ResInsight/ApplicationExeCode/RiaMain.cpp:267
  [41] __libc_start_main at :0
  [42] _start at :0
  [43]  at :0
"
2026-08-12T23:23:53.752Z,2026.02.1,"  [0] performCrashLogging at ResInsight/ApplicationExeCode/RiaMainTools.cpp:147
  [1] manageSegFailureSA(int, siginfo_t*, void*) at ResInsight/ApplicationExeCode/RiaMainTools.cpp:227
  [2]  at :0
  [3] __GI_raise at :0
  [4] __GI_abort at :0
  [5] RigTransmissibilityCondenser::calculateCondensedTransmissibilities() at ResInsight/ApplicationLibCode/ReservoirDataModel/Completions/RigTransmissibilityCondenser.cpp:336
  [6] RigTransmissibilityCondenser::externalCells() at ResInsight/ApplicationLibCode/ReservoirDataModel/Completions/RigTransmissibilityCondenser.cpp:110
  [7] RicExportFractureCompletionsImpl::calculateMatrixToWellTransmissibilities(RigTransmissibilityCondenser&) at ResInsight/ApplicationLibCode/Commands/CompletionExportCommands/RicExportFractureCompletionsImpl.cpp:710
  [8] RicExportFractureCompletionsImpl::generateCompdatValuesConst(RimEclipseCase const*, QString const&, RigWellPath const*, std::vector<RimFracture const*, std::allocator<RimFracture const*> > const&, std::vector<RicWellPathFractureReportItem, std::allocator<RicWellPathFractureReportItem> >*, QTextStream*, RicExportFractureCompletionsImpl::PressureDepletionParameters) [clone ._omp_fn.0] at ResInsight/ApplicationLibCode/Commands/CompletionExportCommands/RicExportFractureCompletionsImpl.cpp:305
  [9] GOMP_parallel at :0
  [10] RicExportFractureCompletionsImpl::generateCompdatValuesConst(RimEclipseCase const*, QString const&, RigWellPath const*, std::vector<RimFracture const*, std::allocator<RimFracture const*> > const&, std::vector<RicWellPathFractureReportItem, std::allocator<RicWellPathFractureReportItem> >*, QTextStream*, RicExportFractureCompletionsImpl::PressureDepletionParameters) at ResInsight/ApplicationLibCode/Commands/CompletionExportCommands/RicExportFractureCompletionsImpl.cpp:257
  [11] RicExportFractureCompletionsImpl::generateCompdatValues(RimEclipseCase*, QString const&, RigWellPath const*, std::vector<RimFracture const*, std::allocator<RimFracture const*> > const&, std::vector<RicWellPathFractureReportItem, std::allocator<RicWellPathFractureReportItem> >*, QTextStream*, RicExportFractureCompletionsImpl::PressureDepletionParameters) at ResInsight/ApplicationLibCode/Commands/CompletionExportCommands/RicExportFractureCompletionsImpl.cpp:169
  [12] RicExportFractureCompletionsImpl::generateCompdatValuesForWellPath(RimWellPath*, RimEclipseCase*, std::vector<RicWellPathFractureReportItem, std::allocator<RicWellPathFractureReportItem> >*, QTextStream*, RicExportFractureCompletionsImpl::PressureDepletionParameters) at ResInsight/ApplicationLibCode/Commands/CompletionExportCommands/RicExportFractureCompletionsImpl.cpp:94
  [13] RicWellPathExportCompletionDataFeatureImpl::exportCompletions(std::vector<RimWellPath*, std::allocator<RimWellPath*> > const&, RicExportCompletionDataSettingsUi const&) at ResInsight/ApplicationLibCode/Commands/CompletionExportCommands/RicWellPathExportCompletionDataFeatureImpl.cpp:227
  [14] RicfExportWellPathCompletions::execute() at ResInsight/ApplicationLibCode/CommandFileInterface/RicfExportWellPathCompletions.cpp:184
  [15] RiaGrpcCommandService::Execute(grpc::ServerContext*, rips::CommandParams const*, rips::CommandReply*) at ResInsight/GrpcInterface/RiaGrpcCommandService.cpp:92
  [16] grpc::Status std::__invoke_impl<grpc::Status, grpc::Status (RiaGrpcCommandService::*&)(grpc::ServerContext*, rips::CommandParams const*, rips::CommandReply*), RiaGrpcCommandService&, grpc::ServerContext*, rips::CommandParams const*, rips::CommandReply*>(std::__invoke_memfun_ref, grpc::Status (RiaGrpcCommandService::*&)(grpc::ServerContext*, rips::CommandParams const*, rips::CommandReply*), RiaGrpcCommandService&, grpc::ServerContext*&&, rips::CommandParams const*&&, rips::CommandReply*&&) at /opt/rh/gcc-toolset-13/root/usr/include/c++/13/bits/invoke.h:67
  [17] std::function<grpc::Status (RiaGrpcCommandService&, grpc::ServerContext*, rips::CommandParams const*, rips::CommandReply*)>::operator()(RiaGrpcCommandService&, grpc::ServerContext*, rips::CommandParams const*, rips::CommandReply*) const at /opt/rh/gcc-toolset-13/root/usr/include/c++/13/bits/std_function.h:591
  [18] RiaGrpcServerImpl::processAllQueuedRequests() at ResInsight/GrpcInterface/RiaGrpcServer.cpp:197
  [19] RiaGrpcApplicationInterface::processRequests() at ResInsight/GrpcInterface/RiaGrpcApplicationInterface.cpp:115
  [20] RiaGrpcConsoleApplication::doIdleProcessing() at ResInsight/ApplicationExeCode/RiaGrpcConsoleApplication.cpp:33
  [21]  at :0
  [22] QTimer::timeout(QTimer::QPrivateSignal) at :0
  [23] QObject::event(QEvent*) at :0
  [24] QCoreApplication::notifyInternal2(QObject*, QEvent*) at :0
  [25] QTimerInfoList::activateTimers() at :0
  [26]  at :0
  [27] g_main_context_dispatch at :0
  [28] g_main_context_iterate.isra.20 at :0
  [29] g_main_context_iteration at :0
  [30] QEventDispatcherGlib::processEvents(QFlags<QEventLoop::ProcessEventsFlag>) at :0
  [31] QEventLoop::exec(QFlags<QEventLoop::ProcessEventsFlag>) at :0
  [32] QCoreApplication::exec() at :0
  [33] main at ResInsight/ApplicationExeCode/RiaMain.cpp:226
  [34] __libc_start_main at :0
  [35] _start at :0
  [36]  at :0
"
2026-08-12T23:23:53.429Z,2026.02.1,"  [0] performCrashLogging at ResInsight/ApplicationExeCode/RiaMainTools.cpp:147
  [1] manageSegFailureSA(int, siginfo_t*, void*) at ResInsight/ApplicationExeCode/RiaMainTools.cpp:227
  [2]  at :0
  [3] __GI_raise at :0
  [4] __GI_abort at :0
  [5] RigTransmissibilityCondenser::calculateCondensedTransmissibilities() at ResInsight/ApplicationLibCode/ReservoirDataModel/Completions/RigTransmissibilityCondenser.cpp:336
  [6] RigTransmissibilityCondenser::externalCells() at ResInsight/ApplicationLibCode/ReservoirDataModel/Completions/RigTransmissibilityCondenser.cpp:110
  [7] RicExportFractureCompletionsImpl::calculateMatrixToWellTransmissibilities(RigTransmissibilityCondenser&) at ResInsight/ApplicationLibCode/Commands/CompletionExportCommands/RicExportFractureCompletionsImpl.cpp:710
  [8] RicExportFractureCompletionsImpl::generateCompdatValuesConst(RimEclipseCase const*, QString const&, RigWellPath const*, std::vector<RimFracture const*, std::allocator<RimFracture const*> > const&, std::vector<RicWellPathFractureReportItem, std::allocator<RicWellPathFractureReportItem> >*, QTextStream*, RicExportFractureCompletionsImpl::PressureDepletionParameters) [clone ._omp_fn.0] at ResInsight/ApplicationLibCode/Commands/CompletionExportCommands/RicExportFractureCompletionsImpl.cpp:305
  [9] gomp_thread_start at :0
  [10] start_thread at :0
  [11] __GI___clone at :0
  [12]  at :0
"
2026-08-12T23:23:53.426Z,2026.02.1,"  [0] performCrashLogging at ResInsight/ApplicationExeCode/RiaMainTools.cpp:147
  [1] manageSegFailureSA(int, siginfo_t*, void*) at ResInsight/ApplicationExeCode/RiaMainTools.cpp:227
  [2]  at :0
  [3] __GI_raise at :0
  [4] __GI_abort at :0
  [5] RigTransmissibilityCondenser::calculateCondensedTransmissibilities() at ResInsight/ApplicationLibCode/ReservoirDataModel/Completions/RigTransmissibilityCondenser.cpp:336
  [6] RigTransmissibilityCondenser::externalCells() at ResInsight/ApplicationLibCode/ReservoirDataModel/Completions/RigTransmissibilityCondenser.cpp:110
  [7] RicExportFractureCompletionsImpl::calculateMatrixToWellTransmissibilities(RigTransmissibilityCondenser&) at ResInsight/ApplicationLibCode/Commands/CompletionExportCommands/RicExportFractureCompletionsImpl.cpp:710
  [8] RicExportFractureCompletionsImpl::generateCompdatValuesConst(RimEclipseCase const*, QString const&, RigWellPath const*, std::vector<RimFracture const*, std::allocator<RimFracture const*> > const&, std::vector<RicWellPathFractureReportItem, std::allocator<RicWellPathFractureReportItem> >*, QTextStream*, RicExportFractureCompletionsImpl::PressureDepletionParameters) [clone ._omp_fn.0] at ResInsight/ApplicationLibCode/Commands/CompletionExportCommands/RicExportFractureCompletionsImpl.cpp:305
  [9] gomp_thread_start at :0
  [10] start_thread at :0
  [11] __GI___clone at :0
  [12]  at :0
"
2026-08-12T23:23:53.426Z,2026.02.1,"  [0] performCrashLogging at ResInsight/ApplicationExeCode/RiaMainTools.cpp:147
  [1] manageSegFailureSA(int, siginfo_t*, void*) at ResInsight/ApplicationExeCode/RiaMainTools.cpp:227
  [2]  at :0
  [3] __GI_raise at :0
  [4] __GI_abort at :0
  [5] RigTransmissibilityCondenser::calculateCondensedTransmissibilities() at ResInsight/ApplicationLibCode/ReservoirDataModel/Completions/RigTransmissibilityCondenser.cpp:336
  [6] RigTransmissibilityCondenser::externalCells() at ResInsight/ApplicationLibCode/ReservoirDataModel/Completions/RigTransmissibilityCondenser.cpp:110
  [7] RicExportFractureCompletionsImpl::calculateMatrixToWellTransmissibilities(RigTransmissibilityCondenser&) at ResInsight/ApplicationLibCode/Commands/CompletionExportCommands/RicExportFractureCompletionsImpl.cpp:710
  [8] RicExportFractureCompletionsImpl::generateCompdatValuesConst(RimEclipseCase const*, QString const&, RigWellPath const*, std::vector<RimFracture const*, std::allocator<RimFracture const*> > const&, std::vector<RicWellPathFractureReportItem, std::allocator<RicWellPathFractureReportItem> >*, QTextStream*, RicExportFractureCompletionsImpl::PressureDepletionParameters) [clone ._omp_fn.0] at ResInsight/ApplicationLibCode/Commands/CompletionExportCommands/RicExportFractureCompletionsImpl.cpp:305
  [9] gomp_thread_start at :0
  [10] start_thread at :0
  [11] __GI___clone at :0
  [12]  at :0
"
2026-08-12T23:23:53.426Z,2026.02.1,"  [0] performCrashLogging at ResInsight/ApplicationExeCode/RiaMainTools.cpp:147
  [1] manageSegFailureSA(int, siginfo_t*, void*) at ResInsight/ApplicationExeCode/RiaMainTools.cpp:227
  [2]  at :0
  [3] __GI_raise at :0
  [4] __GI_abort at :0
  [5] RigTransmissibilityCondenser::calculateCondensedTransmissibilities() at ResInsight/ApplicationLibCode/ReservoirDataModel/Completions/RigTransmissibilityCondenser.cpp:336
  [6] RigTransmissibilityCondenser::externalCells() at ResInsight/ApplicationLibCode/ReservoirDataModel/Completions/RigTransmissibilityCondenser.cpp:110
  [7] RicExportFractureCompletionsImpl::calculateMatrixToWellTransmissibilities(RigTransmissibilityCondenser&) at ResInsight/ApplicationLibCode/Commands/CompletionExportCommands/RicExportFractureCompletionsImpl.cpp:710
  [8] RicExportFractureCompletionsImpl::generateCompdatValuesConst(RimEclipseCase const*, QString const&, RigWellPath const*, std::vector<RimFracture const*, std::allocator<RimFracture const*> > const&, std::vector<RicWellPathFractureReportItem, std::allocator<RicWellPathFractureReportItem> >*, QTextStream*, RicExportFractureCompletionsImpl::PressureDepletionParameters) [clone ._omp_fn.0] at ResInsight/ApplicationLibCode/Commands/CompletionExportCommands/RicExportFractureCompletionsImpl.cpp:305
  [9] gomp_thread_start at :0
  [10] start_thread at :0
  [11] __GI___clone at :0
  [12]  at :0
"
2026-08-12T14:21:11.268Z,2026.06.1,"  [0] performCrashLogging at ResInsight/ApplicationExeCode/RiaMainTools.cpp:170
  [1] manageSegFailureSA(int, siginfo_t*, void*) at ResInsight/ApplicationExeCode/RiaMainTools.cpp:302
  [2]  at :0
  [3] __GI_raise at :0
  [4] __GI_abort at :0
  [5] cvf::AssertHandlerConsole::handleAssert(char const*, int, char const*, char const*) at ResInsight/Fwk/VizFwk/LibCore/cvfAssert.cpp:125
  [6] RigCaseCellResultsData::findOrLoadKnownScalarResultForTimeStep(RigEclipseResultAddress const&, unsigned long) at ResInsight/ApplicationLibCode/ReservoirDataModel/RigCaseCellResultsData.cpp:1775
  [7] RimEclipseStatisticsCaseEvaluator::evaluateForResults(QList<RimEclipseStatisticsCaseEvaluator::ResSpec> const&, RimEclipseView*) at ResInsight/ApplicationLibCode/ProjectDataModel/RimEclipseStatisticsCaseEvaluator.cpp:158
  [8] RimEclipseStatisticsCase::computeStatistics() at ResInsight/ApplicationLibCode/ProjectDataModel/RimEclipseStatisticsCase.cpp:463
  [9] RimEclipseStatisticsCase::computeStatisticsAndUpdateViews() at ResInsight/ApplicationLibCode/ProjectDataModel/RimEclipseStatisticsCase.cpp:1002
  [10]  at :0
  [11] QAbstractButton::clicked(bool) at :0
  [12]  at :0
  [13]  at :0
  [14] QAbstractButton::mouseReleaseEvent(QMouseEvent*) at :0
  [15] QWidget::event(QEvent*) at :0
  [16] QApplicationPrivate::notify_helper(QObject*, QEvent*) at :0
  [17] QApplication::notify(QObject*, QEvent*) at :0
  [18] RiaGuiApplication::notify(QObject*, QEvent*) at ResInsight/ApplicationLibCode/Application/RiaGuiApplication.cpp:1828
  [19] QCoreApplication::notifyInternal2(QObject*, QEvent*) at :0
  [20] QApplicationPrivate::sendMouseEvent(QWidget*, QMouseEvent*, QWidget*, QWidget*, QWidget**, QPointer<QWidget>&, bool, bool) at :0
  [21]  at :0
  [22]  at :0
  [23] QApplicationPrivate::notify_helper(QObject*, QEvent*) at :0
  [24] RiaGuiApplication::notify(QObject*, QEvent*) at ResInsight/ApplicationLibCode/Application/RiaGuiApplication.cpp:1828
  [25] QCoreApplication::notifyInternal2(QObject*, QEvent*) at :0
  [26] QGuiApplicationPrivate::processMouseEvent(QWindowSystemInterfacePrivate::MouseEvent*) at :0
  [27] QWindowSystemInterface::sendWindowSystemEvents(QFlags<QEventLoop::ProcessEventsFlag>) at :0
  [28]  at :0
  [29] g_main_context_dispatch at :0
  [30] g_main_context_iterate.isra.20 at :0
  [31] g_main_context_iteration at :0
  [32] QEventDispatcherGlib::processEvents(QFlags<QEventLoop::ProcessEventsFlag>) at :0
  [33] QEventLoop::exec(QFlags<QEventLoop::ProcessEventsFlag>) at :0
  [34] QCoreApplication::exec() at :0
  [35] main at ResInsight/ApplicationExeCode/RiaMain.cpp:267
  [36] __libc_start_main at :0
  [37] _start at :0
  [38]  at :0
"
2026-08-12T12:01:19.044Z,2026.02.1,"  [0] performCrashLogging at ResInsight/ApplicationExeCode/RiaMainTools.cpp:147
  [1] manageSegFailureSA(int, siginfo_t*, void*) at ResInsight/ApplicationExeCode/RiaMainTools.cpp:227
  [2]  at :0
  [3] __GI_raise at :0
  [4] __GI_abort at :0
  [5] RigTransmissibilityCondenser::calculateCondensedTransmissibilities() at ResInsight/ApplicationLibCode/ReservoirDataModel/Completions/RigTransmissibilityCondenser.cpp:336
  [6] RigTransmissibilityCondenser::externalCells() at ResInsight/ApplicationLibCode/ReservoirDataModel/Completions/RigTransmissibilityCondenser.cpp:110
  [7] RicExportFractureCompletionsImpl::calculateMatrixToWellTransmissibilities(RigTransmissibilityCondenser&) at ResInsight/ApplicationLibCode/Commands/CompletionExportCommands/RicExportFractureCompletionsImpl.cpp:710
  [8] RicExportFractureCompletionsImpl::generateCompdatValuesConst(RimEclipseCase const*, QString const&, RigWellPath const*, std::vector<RimFracture const*, std::allocator<RimFracture const*> > const&, std::vector<RicWellPathFractureReportItem, std::allocator<RicWellPathFractureReportItem> >*, QTextStream*, RicExportFractureCompletionsImpl::PressureDepletionParameters) [clone ._omp_fn.0] at ResInsight/ApplicationLibCode/Commands/CompletionExportCommands/RicExportFractureCompletionsImpl.cpp:305
  [9] gomp_thread_start at :0
  [10] start_thread at :0
  [11] __GI___clone at :0
  [12]  at :0
"
2026-08-12T12:01:18.966Z,2026.02.1,"  [0] performCrashLogging at ResInsight/ApplicationExeCode/RiaMainTools.cpp:147
  [1] manageSegFailureSA(int, siginfo_t*, void*) at ResInsight/ApplicationExeCode/RiaMainTools.cpp:227
  [2]  at :0
  [3] __GI_raise at :0
  [4] __GI_abort at :0
  [5] RigTransmissibilityCondenser::calculateCondensedTransmissibilities() at ResInsight/ApplicationLibCode/ReservoirDataModel/Completions/RigTransmissibilityCondenser.cpp:336
  [6] RigTransmissibilityCondenser::externalCells() at ResInsight/ApplicationLibCode/ReservoirDataModel/Completions/RigTransmissibilityCondenser.cpp:110
  [7] RicExportFractureCompletionsImpl::calculateMatrixToWellTransmissibilities(RigTransmissibilityCondenser&) at ResInsight/ApplicationLibCode/Commands/CompletionExportCommands/RicExportFractureCompletionsImpl.cpp:710
  [8] RicExportFractureCompletionsImpl::generateCompdatValuesConst(RimEclipseCase const*, QString const&, RigWellPath const*, std::vector<RimFracture const*, std::allocator<RimFracture const*> > const&, std::vector<RicWellPathFractureReportItem, std::allocator<RicWellPathFractureReportItem> >*, QTextStream*, RicExportFractureCompletionsImpl::PressureDepletionParameters) [clone ._omp_fn.0] at ResInsight/ApplicationLibCode/Commands/CompletionExportCommands/RicExportFractureCompletionsImpl.cpp:305
  [9] gomp_thread_start at :0
  [10] start_thread at :0
  [11] __GI___clone at :0
  [12]  at :0
"
2026-08-12T12:01:18.966Z,2026.02.1,"  [0] performCrashLogging at ResInsight/ApplicationExeCode/RiaMainTools.cpp:147
  [1] manageSegFailureSA(int, siginfo_t*, void*) at ResInsight/ApplicationExeCode/RiaMainTools.cpp:227
  [2]  at :0
  [3] __GI_raise at :0
  [4] __GI_abort at :0
  [5] RigTransmissibilityCondenser::calculateCondensedTransmissibilities() at ResInsight/ApplicationLibCode/ReservoirDataModel/Completions/RigTransmissibilityCondenser.cpp:336
  [6] RigTransmissibilityCondenser::externalCells() at ResInsight/ApplicationLibCode/ReservoirDataModel/Completions/RigTransmissibilityCondenser.cpp:110
  [7] RicExportFractureCompletionsImpl::calculateMatrixToWellTransmissibilities(RigTransmissibilityCondenser&) at ResInsight/ApplicationLibCode/Commands/CompletionExportCommands/RicExportFractureCompletionsImpl.cpp:710
  [8] RicExportFractureCompletionsImpl::generateCompdatValuesConst(RimEclipseCase const*, QString const&, RigWellPath const*, std::vector<RimFracture const*, std::allocator<RimFracture const*> > const&, std::vector<RicWellPathFractureReportItem, std::allocator<RicWellPathFractureReportItem> >*, QTextStream*, RicExportFractureCompletionsImpl::PressureDepletionParameters) [clone ._omp_fn.0] at ResInsight/ApplicationLibCode/Commands/CompletionExportCommands/RicExportFractureCompletionsImpl.cpp:305
  [9] gomp_thread_start at :0
  [10] start_thread at :0
  [11] __GI___clone at :0
  [12]  at :0
"
2026-08-12T12:01:18.966Z,2026.02.1,"  [0] performCrashLogging at ResInsight/ApplicationExeCode/RiaMainTools.cpp:147
  [1] manageSegFailureSA(int, siginfo_t*, void*) at ResInsight/ApplicationExeCode/RiaMainTools.cpp:227
  [2]  at :0
  [3] __GI_raise at :0
  [4] __GI_abort at :0
  [5] RigTransmissibilityCondenser::calculateCondensedTransmissibilities() at ResInsight/ApplicationLibCode/ReservoirDataModel/Completions/RigTransmissibilityCondenser.cpp:336
  [6] RigTransmissibilityCondenser::externalCells() at ResInsight/ApplicationLibCode/ReservoirDataModel/Completions/RigTransmissibilityCondenser.cpp:110
  [7] RicExportFractureCompletionsImpl::calculateMatrixToWellTransmissibilities(RigTransmissibilityCondenser&) at ResInsight/ApplicationLibCode/Commands/CompletionExportCommands/RicExportFractureCompletionsImpl.cpp:710
  [8] RicExportFractureCompletionsImpl::generateCompdatValuesConst(RimEclipseCase const*, QString const&, RigWellPath const*, std::vector<RimFracture const*, std::allocator<RimFracture const*> > const&, std::vector<RicWellPathFractureReportItem, std::allocator<RicWellPathFractureReportItem> >*, QTextStream*, RicExportFractureCompletionsImpl::PressureDepletionParameters) [clone ._omp_fn.0] at ResInsight/ApplicationLibCode/Commands/CompletionExportCommands/RicExportFractureCompletionsImpl.cpp:305
  [9] gomp_thread_start at :0
  [10] start_thread at :0
  [11] __GI___clone at :0
  [12]  at :0
"
2026-08-12T11:54:23.15Z,2026.02.1,"  [0] performCrashLogging at ResInsight/ApplicationExeCode/RiaMainTools.cpp:147
  [1] manageSegFailureSA(int, siginfo_t*, void*) at ResInsight/ApplicationExeCode/RiaMainTools.cpp:227
  [2]  at :0
  [3] __GI_raise at :0
  [4] __GI_abort at :0
  [5] RigTransmissibilityCondenser::calculateCondensedTransmissibilities() at ResInsight/ApplicationLibCode/ReservoirDataModel/Completions/RigTransmissibilityCondenser.cpp:336
  [6] RigTransmissibilityCondenser::externalCells() at ResInsight/ApplicationLibCode/ReservoirDataModel/Completions/RigTransmissibilityCondenser.cpp:110
  [7] RicExportFractureCompletionsImpl::calculateMatrixToWellTransmissibilities(RigTransmissibilityCondenser&) at ResInsight/ApplicationLibCode/Commands/CompletionExportCommands/RicExportFractureCompletionsImpl.cpp:710
  [8] RicExportFractureCompletionsImpl::generateCompdatValuesConst(RimEclipseCase const*, QString const&, RigWellPath const*, std::vector<RimFracture const*, std::allocator<RimFracture const*> > const&, std::vector<RicWellPathFractureReportItem, std::allocator<RicWellPathFractureReportItem> >*, QTextStream*, RicExportFractureCompletionsImpl::PressureDepletionParameters) [clone ._omp_fn.0] at ResInsight/ApplicationLibCode/Commands/CompletionExportCommands/RicExportFractureCompletionsImpl.cpp:305
  [9] gomp_thread_start at :0
  [10] start_thread at :0
  [11] __GI___clone at :0
  [12]  at :0
"
2026-08-12T11:16:02.242Z,2026.06.1,"  [0] performCrashLogging at ResInsight/ApplicationExeCode/RiaMainTools.cpp:170
  [1] manageSegFailureSA(int, siginfo_t*, void*) at ResInsight/ApplicationExeCode/RiaMainTools.cpp:302
  [2]  at :0
  [3] __GI_raise at :0
  [4] __GI_abort at :0
  [5] cvf::AssertHandlerConsole::handleAssert(char const*, int, char const*, char const*) at ResInsight/Fwk/VizFwk/LibCore/cvfAssert.cpp:125
  [6] cvf::Texture::bind(cvf::OpenGLContext*) const at ResInsight/Fwk/VizFwk/LibRender/cvfTexture.cpp:377
  [7] cvf::RenderStateTextureBindings::applyOpenGL(cvf::OpenGLContext*) const at ResInsight/Fwk/VizFwk/LibRender/cvfRenderStateTextureBindings.cpp:242
  [8] cvf::RenderStateTracker::applyRenderStates(cvf::OpenGLContext*, cvf::RenderStateSet const*, cvf::RenderStateSet const*) at ResInsight/Fwk/VizFwk/LibRender/cvfRenderStateTracker.cpp:205
  [9] cvf::RenderEngine::render(cvf::OpenGLContext*, cvf::RenderQueue*, unsigned long, cvf::Camera const&, cvf::UniformSet const*) at ResInsight/Fwk/VizFwk/LibViewing/cvfRenderEngine.cpp:178
  [10] cvf::Rendering::render(cvf::OpenGLContext*) at ResInsight/Fwk/VizFwk/LibViewing/cvfRendering.cpp:271
  [11] cvf::RenderSequence::render(cvf::OpenGLContext*) at ResInsight/Fwk/VizFwk/LibViewing/cvfRenderSequence.cpp:211
  [12] caf::Viewer::paintGL() at ResInsight/Fwk/AppFwk/cafViewer/cafViewer.cpp:901
  [13]  at :0
  [14] QWidget::event(QEvent*) at :0
  [15] QApplicationPrivate::notify_helper(QObject*, QEvent*) at :0
  [16] RiaGuiApplication::notify(QObject*, QEvent*) at ResInsight/ApplicationLibCode/Application/RiaGuiApplication.cpp:1828
  [17] QCoreApplication::notifyInternal2(QObject*, QEvent*) at :0
  [18] QWidgetPrivate::sendPaintEvent(QRegion const&) at :0
  [19] QWidgetPrivate::drawWidget(QPaintDevice*, QRegion const&, QPoint const&, QFlags<QWidgetPrivate::DrawWidgetFlag>, QPainter*, QWidgetRepaintManager*) at :0
  [20] QWidgetPrivate::paintSiblingsRecursive(QPaintDevice*, QList<QObject*> const&, int, QRegion const&, QPoint const&, QFlags<QWidgetPrivate::DrawWidgetFlag>, QPainter*, QWidgetRepaintManager*) at :0
  [21] QWidgetPrivate::drawWidget(QPaintDevice*, QRegion const&, QPoint const&, QFlags<QWidgetPrivate::DrawWidgetFlag>, QPainter*, QWidgetRepaintManager*) at :0
  [22] QWidgetPrivate::paintSiblingsRecursive(QPaintDevice*, QList<QObject*> const&, int, QRegion const&, QPoint const&, QFlags<QWidgetPrivate::DrawWidgetFlag>, QPainter*, QWidgetRepaintManager*) at :0
  [23] QWidgetPrivate::drawWidget(QPaintDevice*, QRegion const&, QPoint const&, QFlags<QWidgetPrivate::DrawWidgetFlag>, QPainter*, QWidgetRepaintManager*) at :0
  [24] QWidgetPrivate::paintSiblingsRecursive(QPaintDevice*, QList<QObject*> const&, int, QRegion const&, QPoint const&, QFlags<QWidgetPrivate::DrawWidgetFlag>, QPainter*, QWidgetRepaintManager*) at :0
  [25] QWidgetPrivate::drawWidget(QPaintDevice*, QRegion const&, QPoint const&, QFlags<QWidgetPrivate::DrawWidgetFlag>, QPainter*, QWidgetRepaintManager*) at :0
  [26] QWidgetPrivate::paintSiblingsRecursive(QPaintDevice*, QList<QObject*> const&, int, QRegion const&, QPoint const&, QFlags<QWidgetPrivate::DrawWidgetFlag>, QPainter*, QWidgetRepaintManager*) at :0
  [27] QWidgetPrivate::drawWidget(QPaintDevice*, QRegion const&, QPoint const&, QFlags<QWidgetPrivate::DrawWidgetFlag>, QPainter*, QWidgetRepaintManager*) at :0
  [28] QWidgetPrivate::paintSiblingsRecursive(QPaintDevice*, QList<QObject*> const&, int, QRegion const&, QPoint const&, QFlags<QWidgetPrivate::DrawWidgetFlag>, QPainter*, QWidgetRepaintManager*) at :0
  [29] QWidgetPrivate::drawWidget(QPaintDevice*, QRegion const&, QPoint const&, QFlags<QWidgetPrivate::DrawWidgetFlag>, QPainter*, QWidgetRepaintManager*) at :0
  [30] QWidgetPrivate::paintSiblingsRecursive(QPaintDevice*, QList<QObject*> const&, int, QRegion const&, QPoint const&, QFlags<QWidgetPrivate::DrawWidgetFlag>, QPainter*, QWidgetRepaintManager*) at :0
  [31] QWidgetPrivate::drawWidget(QPaintDevice*, QRegion const&, QPoint const&, QFlags<QWidgetPrivate::DrawWidgetFlag>, QPainter*, QWidgetRepaintManager*) at :0
  [32] QWidgetPrivate::paintSiblingsRecursive(QPaintDevice*, QList<QObject*> const&, int, QRegion const&, QPoint const&, QFlags<QWidgetPrivate::DrawWidgetFlag>, QPainter*, QWidgetRepaintManager*) at :0
  [33] QWidgetPrivate::drawWidget(QPaintDevice*, QRegion const&, QPoint const&, QFlags<QWidgetPrivate::DrawWidgetFlag>, QPainter*, QWidgetRepaintManager*) at :0
  [34] QWidgetPrivate::paintSiblingsRecursive(QPaintDevice*, QList<QObject*> const&, int, QRegion const&, QPoint const&, QFlags<QWidgetPrivate::DrawWidgetFlag>, QPainter*, QWidgetRepaintManager*) at :0
  [35] QWidgetPrivate::drawWidget(QPaintDevice*, QRegion const&, QPoint const&, QFlags<QWidgetPrivate::DrawWidgetFlag>, QPainter*, QWidgetRepaintManager*) at :0
  [36] QWidgetPrivate::paintSiblingsRecursive(QPaintDevice*, QList<QObject*> const&, int, QRegion const&, QPoint const&, QFlags<QWidgetPrivate::DrawWidgetFlag>, QPainter*, QWidgetRepaintManager*) at :0
  [37] QWidgetPrivate::paintSiblingsRecursive(QPaintDevice*, QList<QObject*> const&, int, QRegion const&, QPoint const&, QFlags<QWidgetPrivate::DrawWidgetFlag>, QPainter*, QWidgetRepaintManager*) at :0
  [38] QWidgetPrivate::paintSiblingsRecursive(QPaintDevice*, QList<QObject*> const&, int, QRegion const&, QPoint const&, QFlags<QWidgetPrivate::DrawWidgetFlag>, QPainter*, QWidgetRepaintManager*) at :0
  [39] QWidgetPrivate::drawWidget(QPaintDevice*, QRegion const&, QPoint const&, QFlags<QWidgetPrivate::DrawWidgetFlag>, QPainter*, QWidgetRepaintManager*) at :0
  [40] QWidgetPrivate::paintSiblingsRecursive(QPaintDevice*, QList<QObject*> const&, int, QRegion const&, QPoint const&, QFlags<QWidgetPrivate::DrawWidgetFlag>, QPainter*, QWidgetRepaintManager*) at :0
  [41] QWidgetPrivate::drawWidget(QPaintDevice*, QRegion const&, QPoint const&, QFlags<QWidgetPrivate::DrawWidgetFlag>, QPainter*, QWidgetRepaintManager*) at :0
  [42] QWidgetPrivate::paintSiblingsRecursive(QPaintDevice*, QList<QObject*> const&, int, QRegion const&, QPoint const&, QFlags<QWidgetPrivate::DrawWidgetFlag>, QPainter*, QWidgetRepaintManager*) at :0
  [43] QWidgetPrivate::paintSiblingsRecursive(QPaintDevice*, QList<QObject*> const&, int, QRegion const&, QPoint const&, QFlags<QWidgetPrivate::DrawWidgetFlag>, QPainter*, QWidgetRepaintManager*) at :0
  [44] QWidgetPrivate::paintSiblingsRecursive(QPaintDevice*, QList<QObject*> const&, int, QRegion const&, QPoint const&, QFlags<QWidgetPrivate::DrawWidgetFlag>, QPainter*, QWidgetRepaintManager*) at :0
  [45] QWidgetPrivate::paintSiblingsRecursive(QPaintDevice*, QList<QObject*> const&, int, QRegion const&, QPoint const&, QFlags<QWidgetPrivate::DrawWidgetFlag>, QPainter*, QWidgetRepaintManager*) at :0
  [46] QWidgetPrivate::paintSiblingsRecursive(QPaintDevice*, QList<QObject*> const&, int, QRegion const&, QPoint const&, QFlags<QWidgetPrivate::DrawWidgetFlag>, QPainter*, QWidgetRepaintManager*) at :0
  [47] QWidgetPrivate::paintSiblingsRecursive(QPaintDevice*, QList<QObject*> const&, int, QRegion const&, QPoint const&, QFlags<QWidgetPrivate::DrawWidgetFlag>, QPainter*, QWidgetRepaintManager*) at :0
  [48] QWidgetPrivate::paintSiblingsRecursive(QPaintDevice*, QList<QObject*> const&, int, QRegion const&, QPoint const&, QFlags<QWidgetPrivate::DrawWidgetFlag>, QPainter*, QWidgetRepaintManager*) at :0
  [49] QWidgetPrivate::paintSiblingsRecursive(QPaintDevice*, QList<QObject*> const&, int, QRegion const&, QPoint const&, QFlags<QWidgetPrivate::DrawWidgetFlag>, QPainter*, QWidgetRepaintManager*) at :0
  [50] QWidgetPrivate::paintSiblingsRecursive(QPaintDevice*, QList<QObject*> const&, int, QRegion const&, QPoint const&, QFlags<QWidgetPrivate::DrawWidgetFlag>, QPainter*, QWidgetRepaintManager*) at :0
  [51] QWidgetPrivate::drawWidget(QPaintDevice*, QRegion const&, QPoint const&, QFlags<QWidgetPrivate::DrawWidgetFlag>, QPainter*, QWidgetRepaintManager*) at :0
  [52] QWidgetRepaintManager::paintAndFlush() at :0
  [53] QWidget::event(QEvent*) at :0
  [54] QApplicationPrivate::notify_helper(QObject*, QEvent*) at :0
  [55] RiaGuiApplication::notify(QObject*, QEvent*) at ResInsight/ApplicationLibCode/Application/RiaGuiApplication.cpp:1828
  [56] QCoreApplication::notifyInternal2(QObject*, QEvent*) at :0
  [57] QCoreApplicationPrivate::sendPostedEvents(QObject*, int, QThreadData*) at :0
  [58]  at :0
  [59] g_main_context_dispatch at :0
  [60] g_main_context_iterate.isra.20 at :0
  [61] g_main_context_iteration at :0
  [62] QEventDispatcherGlib::processEvents(QFlags<QEventLoop::ProcessEventsFlag>) at :0
  [63] QEventLoop::exec(QFlags<QEventLoop::ProcessEventsFlag>) at :0
  [64] QCoreApplication::exec() at :0
  [65] main at ResInsight/ApplicationExeCode/RiaMain.cpp:267
  [66] __libc_start_main at :0
  [67] _start at :0
  [68]  at :0
"
2026-08-12T06:42:46.438Z,2026.06.1,"  [0] performCrashLogging at ResInsight/ApplicationExeCode/RiaMainTools.cpp:170
  [1] manageSegFailureSA(int, siginfo_t*, void*) at ResInsight/ApplicationExeCode/RiaMainTools.cpp:302
  [2]  at :0
  [3] __dynamic_cast at :0
  [4] RiuRelativePermeabilityPlotUpdater::queryDataAndUpdatePlot(RimEclipseResultDefinition const*, unsigned long, unsigned long, unsigned long) at ResInsight/ApplicationLibCode/UserInterface/RiuRelativePermeabilityPlotUpdater.cpp:179
  [5] RiuPlotUpdater::doDelayedUpdate() at ResInsight/ApplicationLibCode/UserInterface/RiuPlotUpdater.cpp:86
  [6] RiuRelativePermeabilityPlotPanel::showEvent(QShowEvent*) at ResInsight/ApplicationLibCode/UserInterface/RiuRelativePermeabilityPlotPanel.cpp:936
  [7] QWidget::event(QEvent*) at :0
  [8] QApplicationPrivate::notify_helper(QObject*, QEvent*) at :0
  [9] RiaGuiApplication::notify(QObject*, QEvent*) at ResInsight/ApplicationLibCode/Application/RiaGuiApplication.cpp:1828
  [10] QCoreApplication::notifyInternal2(QObject*, QEvent*) at :0
  [11] QWidgetPrivate::show_helper() at :0
  [12] QWidgetPrivate::showChildren(bool) at :0
  [13] QWidgetPrivate::show_helper() at :0
  [14] QWidgetPrivate::setVisible(bool) at :0
  [15] QWidgetPrivate::showChildren(bool) at :0
  [16] QWidgetPrivate::show_helper() at :0
  [17] QWidgetPrivate::setVisible(bool) at :0
  [18] QWidgetPrivate::showChildren(bool) at :0
  [19] QWidgetPrivate::show_helper() at :0
  [20] QWidgetPrivate::setVisible(bool) at :0
  [21] ads::CDockAreaWidget::setCurrentIndex(int) at ResInsight/ThirdParty/qtadvanceddocking/src/DockAreaWidget.cpp:739
  [22] ads::CDockAreaWidget::internalSetCurrentDockWidget(ads::CDockWidget*) at ResInsight/ThirdParty/qtadvanceddocking/src/DockAreaWidget.cpp:714
  [23] ads::DockWidgetPrivate::hideDockWidget() at ResInsight/ThirdParty/qtadvanceddocking/src/DockWidget.cpp:224
  [24] ads::CDockWidget::toggleViewInternal(bool) at ResInsight/ThirdParty/qtadvanceddocking/src/DockWidget.cpp:771
  [25] ads::CDockWidget::toggleView(bool) at ResInsight/ThirdParty/qtadvanceddocking/src/DockWidget.cpp:742
  [26] ads::CFloatingDockContainer::hideEvent(QHideEvent*) at ResInsight/ThirdParty/qtadvanceddocking/src/FloatingDockContainer.cpp:990
  [27] QWidget::event(QEvent*) at :0
  [28] ads::CFloatingDockContainer::event(QEvent*) at ResInsight/ThirdParty/qtadvanceddocking/src/FloatingDockContainer.cpp:1408
  [29] QApplicationPrivate::notify_helper(QObject*, QEvent*) at :0
  [30] RiaGuiApplication::notify(QObject*, QEvent*) at ResInsight/ApplicationLibCode/Application/RiaGuiApplication.cpp:1828
  [31] QCoreApplication::notifyInternal2(QObject*, QEvent*) at :0
  [32] QWidgetPrivate::hide_helper() at :0
  [33] QWidgetPrivate::setVisible(bool) at :0
  [34] RicExitApplicationFeature::onActionTriggered(bool) at ResInsight/ApplicationLibCode/Commands/ApplicationCommands/RicExitApplicationFeature.cpp:54
  [35] caf::CmdFeature::actionTriggered(bool) at ResInsight/Fwk/AppFwk/cafCommand/cafCmdFeature.cpp:176
  [36]  at :0
  [37] QAction::triggered(bool) at :0
  [38] QAction::activate(QAction::ActionEvent) at :0
  [39]  at :0
  [40]  at :0
  [41] QWidget::event(QEvent*) at :0
  [42] QApplicationPrivate::notify_helper(QObject*, QEvent*) at :0
  [43] QApplication::notify(QObject*, QEvent*) at :0
  [44] RiaGuiApplication::notify(QObject*, QEvent*) at ResInsight/ApplicationLibCode/Application/RiaGuiApplication.cpp:1828
  [45] QCoreApplication::notifyInternal2(QObject*, QEvent*) at :0
  [46] QApplicationPrivate::sendMouseEvent(QWidget*, QMouseEvent*, QWidget*, QWidget*, QWidget**, QPointer<QWidget>&, bool, bool) at :0
  [47]  at :0
  [48]  at :0
  [49] QApplicationPrivate::notify_helper(QObject*, QEvent*) at :0
  [50] RiaGuiApplication::notify(QObject*, QEvent*) at ResInsight/ApplicationLibCode/Application/RiaGuiApplication.cpp:1828
  [51] QCoreApplication::notifyInternal2(QObject*, QEvent*) at :0
  [52] QGuiApplicationPrivate::processMouseEvent(QWindowSystemInterfacePrivate::MouseEvent*) at :0
  [53] QWindowSystemInterface::sendWindowSystemEvents(QFlags<QEventLoop::ProcessEventsFlag>) at :0
  [54]  at :0
  [55] g_main_context_dispatch at :0
  [56] g_main_context_iterate.isra.20 at :0
  [57] g_main_context_iteration at :0
  [58] QEventDispatcherGlib::processEvents(QFlags<QEventLoop::ProcessEventsFlag>) at :0
  [59] QEventLoop::exec(QFlags<QEventLoop::ProcessEventsFlag>) at :0
  [60] QCoreApplication::exec() at :0
  [61] main at ResInsight/ApplicationExeCode/RiaMain.cpp:267
  [62] __libc_start_main at :0
  [63] _start at :0
  [64]  at :0
"
2026-08-11T22:19:46.129Z,2026.02.1,"  [0] performCrashLogging at ResInsight/ApplicationExeCode/RiaMainTools.cpp:147
  [1] manageSegFailureSA(int, siginfo_t*, void*) at ResInsight/ApplicationExeCode/RiaMainTools.cpp:227
  [2]  at :0
  [3] __GI_raise at :0
  [4] __GI_abort at :0
  [5] RigTransmissibilityCondenser::calculateCondensedTransmissibilities() at ResInsight/ApplicationLibCode/ReservoirDataModel/Completions/RigTransmissibilityCondenser.cpp:336
  [6] RigTransmissibilityCondenser::externalCells() at ResInsight/ApplicationLibCode/ReservoirDataModel/Completions/RigTransmissibilityCondenser.cpp:110
  [7] RicExportFractureCompletionsImpl::calculateMatrixToWellTransmissibilities(RigTransmissibilityCondenser&) at ResInsight/ApplicationLibCode/Commands/CompletionExportCommands/RicExportFractureCompletionsImpl.cpp:710
  [8] RicExportFractureCompletionsImpl::generateCompdatValuesConst(RimEclipseCase const*, QString const&, RigWellPath const*, std::vector<RimFracture const*, std::allocator<RimFracture const*> > const&, std::vector<RicWellPathFractureReportItem, std::allocator<RicWellPathFractureReportItem> >*, QTextStream*, RicExportFractureCompletionsImpl::PressureDepletionParameters) [clone ._omp_fn.0] at ResInsight/ApplicationLibCode/Commands/CompletionExportCommands/RicExportFractureCompletionsImpl.cpp:305
  [9] gomp_thread_start at :0
  [10] start_thread at :0
  [11] __GI___clone at :0
  [12]  at :0
"
2026-08-11T22:19:46.056Z,2026.02.1,"  [0] performCrashLogging at ResInsight/ApplicationExeCode/RiaMainTools.cpp:147
  [1] manageSegFailureSA(int, siginfo_t*, void*) at ResInsight/ApplicationExeCode/RiaMainTools.cpp:227
  [2]  at :0
  [3] __GI_raise at :0
  [4] __GI_abort at :0
  [5] RigTransmissibilityCondenser::calculateCondensedTransmissibilities() at ResInsight/ApplicationLibCode/ReservoirDataModel/Completions/RigTransmissibilityCondenser.cpp:336
  [6] RigTransmissibilityCondenser::externalCells() at ResInsight/ApplicationLibCode/ReservoirDataModel/Completions/RigTransmissibilityCondenser.cpp:110
  [7] RicExportFractureCompletionsImpl::calculateMatrixToWellTransmissibilities(RigTransmissibilityCondenser&) at ResInsight/ApplicationLibCode/Commands/CompletionExportCommands/RicExportFractureCompletionsImpl.cpp:710
  [8] RicExportFractureCompletionsImpl::generateCompdatValuesConst(RimEclipseCase const*, QString const&, RigWellPath const*, std::vector<RimFracture const*, std::allocator<RimFracture const*> > const&, std::vector<RicWellPathFractureReportItem, std::allocator<RicWellPathFractureReportItem> >*, QTextStream*, RicExportFractureCompletionsImpl::PressureDepletionParameters) [clone ._omp_fn.0] at ResInsight/ApplicationLibCode/Commands/CompletionExportCommands/RicExportFractureCompletionsImpl.cpp:305
  [9] gomp_thread_start at :0
  [10] start_thread at :0
  [11] __GI___clone at :0
  [12]  at :0
"
2026-08-11T22:19:46.055Z,2026.02.1,"  [0] performCrashLogging at ResInsight/ApplicationExeCode/RiaMainTools.cpp:147
  [1] manageSegFailureSA(int, siginfo_t*, void*) at ResInsight/ApplicationExeCode/RiaMainTools.cpp:227
  [2]  at :0
  [3] __GI_raise at :0
  [4] __GI_abort at :0
  [5] RigTransmissibilityCondenser::calculateCondensedTransmissibilities() at ResInsight/ApplicationLibCode/ReservoirDataModel/Completions/RigTransmissibilityCondenser.cpp:336
  [6] RigTransmissibilityCondenser::externalCells() at ResInsight/ApplicationLibCode/ReservoirDataModel/Completions/RigTransmissibilityCondenser.cpp:110
  [7] RicExportFractureCompletionsImpl::calculateMatrixToWellTransmissibilities(RigTransmissibilityCondenser&) at ResInsight/ApplicationLibCode/Commands/CompletionExportCommands/RicExportFractureCompletionsImpl.cpp:710
  [8] RicExportFractureCompletionsImpl::generateCompdatValuesConst(RimEclipseCase const*, QString const&, RigWellPath const*, std::vector<RimFracture const*, std::allocator<RimFracture const*> > const&, std::vector<RicWellPathFractureReportItem, std::allocator<RicWellPathFractureReportItem> >*, QTextStream*, RicExportFractureCompletionsImpl::PressureDepletionParameters) [clone ._omp_fn.0] at ResInsight/ApplicationLibCode/Commands/CompletionExportCommands/RicExportFractureCompletionsImpl.cpp:305
  [9] gomp_thread_start at :0
  [10] start_thread at :0
  [11] __GI___clone at :0
  [12]  at :0
"
2026-08-11T21:28:40.219Z,2026.02.1,"  [0] performCrashLogging at ResInsight/ApplicationExeCode/RiaMainTools.cpp:147
  [1] manageSegFailureSA(int, siginfo_t*, void*) at ResInsight/ApplicationExeCode/RiaMainTools.cpp:227
  [2]  at :0
  [3] __GI_raise at :0
  [4] __GI_abort at :0
  [5] RigTransmissibilityCondenser::calculateCondensedTransmissibilities() at ResInsight/ApplicationLibCode/ReservoirDataModel/Completions/RigTransmissibilityCondenser.cpp:336
  [6] RigTransmissibilityCondenser::externalCells() at ResInsight/ApplicationLibCode/ReservoirDataModel/Completions/RigTransmissibilityCondenser.cpp:110
  [7] RicExportFractureCompletionsImpl::calculateMatrixToWellTransmissibilities(RigTransmissibilityCondenser&) at ResInsight/ApplicationLibCode/Commands/CompletionExportCommands/RicExportFractureCompletionsImpl.cpp:710
  [8] RicExportFractureCompletionsImpl::generateCompdatValuesConst(RimEclipseCase const*, QString const&, RigWellPath const*, std::vector<RimFracture const*, std::allocator<RimFracture const*> > const&, std::vector<RicWellPathFractureReportItem, std::allocator<RicWellPathFractureReportItem> >*, QTextStream*, RicExportFractureCompletionsImpl::PressureDepletionParameters) [clone ._omp_fn.0] at ResInsight/ApplicationLibCode/Commands/CompletionExportCommands/RicExportFractureCompletionsImpl.cpp:305
  [9] gomp_thread_start at :0
  [10] start_thread at :0
  [11] __GI___clone at :0
  [12]  at :0
"
2026-08-11T21:28:40.111Z,2026.02.1,"  [0] performCrashLogging at ResInsight/ApplicationExeCode/RiaMainTools.cpp:147
  [1] manageSegFailureSA(int, siginfo_t*, void*) at ResInsight/ApplicationExeCode/RiaMainTools.cpp:227
  [2]  at :0
  [3] __GI_raise at :0
  [4] __GI_abort at :0
  [5] RigTransmissibilityCondenser::calculateCondensedTransmissibilities() at ResInsight/ApplicationLibCode/ReservoirDataModel/Completions/RigTransmissibilityCondenser.cpp:336
  [6] RigTransmissibilityCondenser::externalCells() at ResInsight/ApplicationLibCode/ReservoirDataModel/Completions/RigTransmissibilityCondenser.cpp:110
  [7] RicExportFractureCompletionsImpl::calculateMatrixToWellTransmissibilities(RigTransmissibilityCondenser&) at ResInsight/ApplicationLibCode/Commands/CompletionExportCommands/RicExportFractureCompletionsImpl.cpp:710
  [8] RicExportFractureCompletionsImpl::generateCompdatValuesConst(RimEclipseCase const*, QString const&, RigWellPath const*, std::vector<RimFracture const*, std::allocator<RimFracture const*> > const&, std::vector<RicWellPathFractureReportItem, std::allocator<RicWellPathFractureReportItem> >*, QTextStream*, RicExportFractureCompletionsImpl::PressureDepletionParameters) [clone ._omp_fn.0] at ResInsight/ApplicationLibCode/Commands/CompletionExportCommands/RicExportFractureCompletionsImpl.cpp:305
  [9] GOMP_parallel at :0
  [10] RicExportFractureCompletionsImpl::generateCompdatValuesConst(RimEclipseCase const*, QString const&, RigWellPath const*, std::vector<RimFracture const*, std::allocator<RimFracture const*> > const&, std::vector<RicWellPathFractureReportItem, std::allocator<RicWellPathFractureReportItem> >*, QTextStream*, RicExportFractureCompletionsImpl::PressureDepletionParameters) at ResInsight/ApplicationLibCode/Commands/CompletionExportCommands/RicExportFractureCompletionsImpl.cpp:257
  [11] RicExportFractureCompletionsImpl::generateCompdatValues(RimEclipseCase*, QString const&, RigWellPath const*, std::vector<RimFracture const*, std::allocator<RimFracture const*> > const&, std::vector<RicWellPathFractureReportItem, std::allocator<RicWellPathFractureReportItem> >*, QTextStream*, RicExportFractureCompletionsImpl::PressureDepletionParameters) at ResInsight/ApplicationLibCode/Commands/CompletionExportCommands/RicExportFractureCompletionsImpl.cpp:169
  [12] RicExportFractureCompletionsImpl::generateCompdatValuesForWellPath(RimWellPath*, RimEclipseCase*, std::vector<RicWellPathFractureReportItem, std::allocator<RicWellPathFractureReportItem> >*, QTextStream*, RicExportFractureCompletionsImpl::PressureDepletionParameters) at ResInsight/ApplicationLibCode/Commands/CompletionExportCommands/RicExportFractureCompletionsImpl.cpp:94
  [13] RicWellPathExportCompletionDataFeatureImpl::exportCompletions(std::vector<RimWellPath*, std::allocator<RimWellPath*> > const&, RicExportCompletionDataSettingsUi const&) at ResInsight/ApplicationLibCode/Commands/CompletionExportCommands/RicWellPathExportCompletionDataFeatureImpl.cpp:227
  [14] RicfExportWellPathCompletions::execute() at ResInsight/ApplicationLibCode/CommandFileInterface/RicfExportWellPathCompletions.cpp:184
  [15] RiaGrpcCommandService::Execute(grpc::ServerContext*, rips::CommandParams const*, rips::CommandReply*) at ResInsight/GrpcInterface/RiaGrpcCommandService.cpp:92
  [16] grpc::Status std::__invoke_impl<grpc::Status, grpc::Status (RiaGrpcCommandService::*&)(grpc::ServerContext*, rips::CommandParams const*, rips::CommandReply*), RiaGrpcCommandService&, grpc::ServerContext*, rips::CommandParams const*, rips::CommandReply*>(std::__invoke_memfun_ref, grpc::Status (RiaGrpcCommandService::*&)(grpc::ServerContext*, rips::CommandParams const*, rips::CommandReply*), RiaGrpcCommandService&, grpc::ServerContext*&&, rips::CommandParams const*&&, rips::CommandReply*&&) at /opt/rh/gcc-toolset-13/root/usr/include/c++/13/bits/invoke.h:67
  [17] std::function<grpc::Status (RiaGrpcCommandService&, grpc::ServerContext*, rips::CommandParams const*, rips::CommandReply*)>::operator()(RiaGrpcCommandService&, grpc::ServerContext*, rips::CommandParams const*, rips::CommandReply*) const at /opt/rh/gcc-toolset-13/root/usr/include/c++/13/bits/std_function.h:591
  [18] RiaGrpcServerImpl::processAllQueuedRequests() at ResInsight/GrpcInterface/RiaGrpcServer.cpp:197
  [19] RiaGrpcApplicationInterface::processRequests() at ResInsight/GrpcInterface/RiaGrpcApplicationInterface.cpp:115
  [20] RiaGrpcConsoleApplication::doIdleProcessing() at ResInsight/ApplicationExeCode/RiaGrpcConsoleApplication.cpp:33
  [21]  at :0
  [22] QTimer::timeout(QTimer::QPrivateSignal) at :0
  [23] QObject::event(QEvent*) at :0
  [24] QCoreApplication::notifyInternal2(QObject*, QEvent*) at :0
  [25] QTimerInfoList::activateTimers() at :0
  [26]  at :0
  [27] g_main_context_dispatch at :0
  [28] g_main_context_iterate.isra.20 at :0
  [29] g_main_context_iteration at :0
  [30] QEventDispatcherGlib::processEvents(QFlags<QEventLoop::ProcessEventsFlag>) at :0
  [31] QEventLoop::exec(QFlags<QEventLoop::ProcessEventsFlag>) at :0
  [32] QCoreApplication::exec() at :0
  [33] main at ResInsight/ApplicationExeCode/RiaMain.cpp:226
  [34] __libc_start_main at :0
  [35] _start at :0
  [36]  at :0
"
2026-08-11T21:28:40.077Z,2026.02.1,"  [0] performCrashLogging at ResInsight/ApplicationExeCode/RiaMainTools.cpp:147
  [1] manageSegFailureSA(int, siginfo_t*, void*) at ResInsight/ApplicationExeCode/RiaMainTools.cpp:227
  [2]  at :0
  [3] __GI_raise at :0
  [4] __GI_abort at :0
  [5] RigTransmissibilityCondenser::calculateCondensedTransmissibilities() at ResInsight/ApplicationLibCode/ReservoirDataModel/Completions/RigTransmissibilityCondenser.cpp:336
  [6] RigTransmissibilityCondenser::externalCells() at ResInsight/ApplicationLibCode/ReservoirDataModel/Completions/RigTransmissibilityCondenser.cpp:110
  [7] RicExportFractureCompletionsImpl::calculateMatrixToWellTransmissibilities(RigTransmissibilityCondenser&) at ResInsight/ApplicationLibCode/Commands/CompletionExportCommands/RicExportFractureCompletionsImpl.cpp:710
  [8] RicExportFractureCompletionsImpl::generateCompdatValuesConst(RimEclipseCase const*, QString const&, RigWellPath const*, std::vector<RimFracture const*, std::allocator<RimFracture const*> > const&, std::vector<RicWellPathFractureReportItem, std::allocator<RicWellPathFractureReportItem> >*, QTextStream*, RicExportFractureCompletionsImpl::PressureDepletionParameters) [clone ._omp_fn.0] at ResInsight/ApplicationLibCode/Commands/CompletionExportCommands/RicExportFractureCompletionsImpl.cpp:305
  [9] gomp_thread_start at :0
  [10] start_thread at :0
  [11] __GI___clone at :0
  [12]  at :0
"
2026-08-11T21:28:39.991Z,2026.02.1,"  [0] performCrashLogging at ResInsight/ApplicationExeCode/RiaMainTools.cpp:147
  [1] manageSegFailureSA(int, siginfo_t*, void*) at ResInsight/ApplicationExeCode/RiaMainTools.cpp:227
  [2]  at :0
  [3] __GI_raise at :0
  [4] __GI_abort at :0
  [5] RigTransmissibilityCondenser::calculateCondensedTransmissibilities() at ResInsight/ApplicationLibCode/ReservoirDataModel/Completions/RigTransmissibilityCondenser.cpp:336
  [6] RigTransmissibilityCondenser::externalCells() at ResInsight/ApplicationLibCode/ReservoirDataModel/Completions/RigTransmissibilityCondenser.cpp:110
  [7] RicExportFractureCompletionsImpl::calculateMatrixToWellTransmissibilities(RigTransmissibilityCondenser&) at ResInsight/ApplicationLibCode/Commands/CompletionExportCommands/RicExportFractureCompletionsImpl.cpp:710
  [8] RicExportFractureCompletionsImpl::generateCompdatValuesConst(RimEclipseCase const*, QString const&, RigWellPath const*, std::vector<RimFracture const*, std::allocator<RimFracture const*> > const&, std::vector<RicWellPathFractureReportItem, std::allocator<RicWellPathFractureReportItem> >*, QTextStream*, RicExportFractureCompletionsImpl::PressureDepletionParameters) [clone ._omp_fn.0] at ResInsight/ApplicationLibCode/Commands/CompletionExportCommands/RicExportFractureCompletionsImpl.cpp:305
  [9] gomp_thread_start at :0
  [10] start_thread at :0
  [11] __GI___clone at :0
  [12]  at :0
"
2026-08-11T21:28:39.974Z,2026.02.1,"  [0] performCrashLogging at ResInsight/ApplicationExeCode/RiaMainTools.cpp:147
  [1] manageSegFailureSA(int, siginfo_t*, void*) at ResInsight/ApplicationExeCode/RiaMainTools.cpp:227
  [2]  at :0
  [3] __GI_raise at :0
  [4] __GI_abort at :0
  [5] RigTransmissibilityCondenser::calculateCondensedTransmissibilities() at ResInsight/ApplicationLibCode/ReservoirDataModel/Completions/RigTransmissibilityCondenser.cpp:336
  [6] RigTransmissibilityCondenser::externalCells() at ResInsight/ApplicationLibCode/ReservoirDataModel/Completions/RigTransmissibilityCondenser.cpp:110
  [7] RicExportFractureCompletionsImpl::calculateMatrixToWellTransmissibilities(RigTransmissibilityCondenser&) at ResInsight/ApplicationLibCode/Commands/CompletionExportCommands/RicExportFractureCompletionsImpl.cpp:710
  [8] RicExportFractureCompletionsImpl::generateCompdatValuesConst(RimEclipseCase const*, QString const&, RigWellPath const*, std::vector<RimFracture const*, std::allocator<RimFracture const*> > const&, std::vector<RicWellPathFractureReportItem, std::allocator<RicWellPathFractureReportItem> >*, QTextStream*, RicExportFractureCompletionsImpl::PressureDepletionParameters) [clone ._omp_fn.0] at ResInsight/ApplicationLibCode/Commands/CompletionExportCommands/RicExportFractureCompletionsImpl.cpp:305
  [9] gomp_thread_start at :0
  [10] start_thread at :0
  [11] __GI___clone at :0
  [12]  at :0
"
2026-08-11T16:17:40.621Z,2026.02.1,"  [0] performCrashLogging at ResInsight/ApplicationExeCode/RiaMainTools.cpp:147
  [1] manageSegFailureSA(int, siginfo_t*, void*) at ResInsight/ApplicationExeCode/RiaMainTools.cpp:227
  [2]  at :0
  [3] __GI_raise at :0
  [4] __GI_abort at :0
  [5] RigTransmissibilityCondenser::calculateCondensedTransmissibilities() at ResInsight/ApplicationLibCode/ReservoirDataModel/Completions/RigTransmissibilityCondenser.cpp:336
  [6] RigTransmissibilityCondenser::externalCells() at ResInsight/ApplicationLibCode/ReservoirDataModel/Completions/RigTransmissibilityCondenser.cpp:110
  [7] RicExportFractureCompletionsImpl::calculateMatrixToWellTransmissibilities(RigTransmissibilityCondenser&) at ResInsight/ApplicationLibCode/Commands/CompletionExportCommands/RicExportFractureCompletionsImpl.cpp:710
  [8] RicExportFractureCompletionsImpl::generateCompdatValuesConst(RimEclipseCase const*, QString const&, RigWellPath const*, std::vector<RimFracture const*, std::allocator<RimFracture const*> > const&, std::vector<RicWellPathFractureReportItem, std::allocator<RicWellPathFractureReportItem> >*, QTextStream*, RicExportFractureCompletionsImpl::PressureDepletionParameters) [clone ._omp_fn.0] at ResInsight/ApplicationLibCode/Commands/CompletionExportCommands/RicExportFractureCompletionsImpl.cpp:305
  [9] gomp_thread_start at :0
  [10] start_thread at :0
  [11] __GI___clone at :0
  [12]  at :0
"
2026-08-11T16:17:40.429Z,2026.02.1,"  [0] performCrashLogging at ResInsight/ApplicationExeCode/RiaMainTools.cpp:147
  [1] manageSegFailureSA(int, siginfo_t*, void*) at ResInsight/ApplicationExeCode/RiaMainTools.cpp:227
  [2]  at :0
  [3] __GI_raise at :0
  [4] __GI_abort at :0
  [5] RigTransmissibilityCondenser::calculateCondensedTransmissibilities() at ResInsight/ApplicationLibCode/ReservoirDataModel/Completions/RigTransmissibilityCondenser.cpp:336
  [6] RigTransmissibilityCondenser::externalCells() at ResInsight/ApplicationLibCode/ReservoirDataModel/Completions/RigTransmissibilityCondenser.cpp:110
  [7] RicExportFractureCompletionsImpl::calculateMatrixToWellTransmissibilities(RigTransmissibilityCondenser&) at ResInsight/ApplicationLibCode/Commands/CompletionExportCommands/RicExportFractureCompletionsImpl.cpp:710
  [8] RicExportFractureCompletionsImpl::generateCompdatValuesConst(RimEclipseCase const*, QString const&, RigWellPath const*, std::vector<RimFracture const*, std::allocator<RimFracture const*> > const&, std::vector<RicWellPathFractureReportItem, std::allocator<RicWellPathFractureReportItem> >*, QTextStream*, RicExportFractureCompletionsImpl::PressureDepletionParameters) [clone ._omp_fn.0] at ResInsight/ApplicationLibCode/Commands/CompletionExportCommands/RicExportFractureCompletionsImpl.cpp:305
  [9] gomp_thread_start at :0
  [10] start_thread at :0
  [11] __GI___clone at :0
  [12]  at :0
"
2026-08-11T16:17:40.404Z,2026.02.1,"  [0] performCrashLogging at ResInsight/ApplicationExeCode/RiaMainTools.cpp:147
  [1] manageSegFailureSA(int, siginfo_t*, void*) at ResInsight/ApplicationExeCode/RiaMainTools.cpp:227
  [2]  at :0
  [3] __GI_raise at :0
  [4] __GI_abort at :0
  [5] RigTransmissibilityCondenser::calculateCondensedTransmissibilities() at ResInsight/ApplicationLibCode/ReservoirDataModel/Completions/RigTransmissibilityCondenser.cpp:336
  [6] RigTransmissibilityCondenser::externalCells() at ResInsight/ApplicationLibCode/ReservoirDataModel/Completions/RigTransmissibilityCondenser.cpp:110
  [7] RicExportFractureCompletionsImpl::calculateMatrixToWellTransmissibilities(RigTransmissibilityCondenser&) at ResInsight/ApplicationLibCode/Commands/CompletionExportCommands/RicExportFractureCompletionsImpl.cpp:710
  [8] RicExportFractureCompletionsImpl::generateCompdatValuesConst(RimEclipseCase const*, QString const&, RigWellPath const*, std::vector<RimFracture const*, std::allocator<RimFracture const*> > const&, std::vector<RicWellPathFractureReportItem, std::allocator<RicWellPathFractureReportItem> >*, QTextStream*, RicExportFractureCompletionsImpl::PressureDepletionParameters) [clone ._omp_fn.0] at ResInsight/ApplicationLibCode/Commands/CompletionExportCommands/RicExportFractureCompletionsImpl.cpp:305
  [9] gomp_thread_start at :0
  [10] start_thread at :0
  [11] __GI___clone at :0
  [12]  at :0
"
2026-08-11T16:17:40.404Z,2026.02.1,"  [0] performCrashLogging at ResInsight/ApplicationExeCode/RiaMainTools.cpp:147
  [1] manageSegFailureSA(int, siginfo_t*, void*) at ResInsight/ApplicationExeCode/RiaMainTools.cpp:227
  [2]  at :0
  [3] __GI_raise at :0
  [4] __GI_abort at :0
  [5] RigTransmissibilityCondenser::calculateCondensedTransmissibilities() at ResInsight/ApplicationLibCode/ReservoirDataModel/Completions/RigTransmissibilityCondenser.cpp:336
  [6] RigTransmissibilityCondenser::externalCells() at ResInsight/ApplicationLibCode/ReservoirDataModel/Completions/RigTransmissibilityCondenser.cpp:110
  [7] RicExportFractureCompletionsImpl::calculateMatrixToWellTransmissibilities(RigTransmissibilityCondenser&) at ResInsight/ApplicationLibCode/Commands/CompletionExportCommands/RicExportFractureCompletionsImpl.cpp:710
  [8] RicExportFractureCompletionsImpl::generateCompdatValuesConst(RimEclipseCase const*, QString const&, RigWellPath const*, std::vector<RimFracture const*, std::allocator<RimFracture const*> > const&, std::vector<RicWellPathFractureReportItem, std::allocator<RicWellPathFractureReportItem> >*, QTextStream*, RicExportFractureCompletionsImpl::PressureDepletionParameters) [clone ._omp_fn.0] at ResInsight/ApplicationLibCode/Commands/CompletionExportCommands/RicExportFractureCompletionsImpl.cpp:305
  [9] gomp_thread_start at :0
  [10] start_thread at :0
  [11] __GI___clone at :0
  [12]  at :0
"
2026-08-11T15:29:52.944Z,2026.02.1,"  [0] performCrashLogging at ResInsight/ApplicationExeCode/RiaMainTools.cpp:147
  [1] manageSegFailureSA(int, siginfo_t*, void*) at ResInsight/ApplicationExeCode/RiaMainTools.cpp:227
  [2]  at :0
  [3] __GI_raise at :0
  [4] __GI_abort at :0
  [5] RigTransmissibilityCondenser::calculateCondensedTransmissibilities() at ResInsight/ApplicationLibCode/ReservoirDataModel/Completions/RigTransmissibilityCondenser.cpp:336
  [6] RigTransmissibilityCondenser::externalCells() at ResInsight/ApplicationLibCode/ReservoirDataModel/Completions/RigTransmissibilityCondenser.cpp:110
  [7] RicExportFractureCompletionsImpl::calculateMatrixToWellTransmissibilities(RigTransmissibilityCondenser&) at ResInsight/ApplicationLibCode/Commands/CompletionExportCommands/RicExportFractureCompletionsImpl.cpp:710
  [8] RicExportFractureCompletionsImpl::generateCompdatValuesConst(RimEclipseCase const*, QString const&, RigWellPath const*, std::vector<RimFracture const*, std::allocator<RimFracture const*> > const&, std::vector<RicWellPathFractureReportItem, std::allocator<RicWellPathFractureReportItem> >*, QTextStream*, RicExportFractureCompletionsImpl::PressureDepletionParameters) [clone ._omp_fn.0] at ResInsight/ApplicationLibCode/Commands/CompletionExportCommands/RicExportFractureCompletionsImpl.cpp:305
  [9] gomp_thread_start at :0
  [10] start_thread at :0
  [11] __GI___clone at :0
  [12]  at :0
"
2026-08-11T14:38:23.473Z,2026.02.1,"  [0] performCrashLogging at ResInsight/ApplicationExeCode/RiaMainTools.cpp:147
  [1] manageSegFailureSA(int, siginfo_t*, void*) at ResInsight/ApplicationExeCode/RiaMainTools.cpp:227
  [2]  at :0
  [3] __GI_raise at :0
  [4] __GI_abort at :0
  [5] RigTransmissibilityCondenser::calculateCondensedTransmissibilities() at ResInsight/ApplicationLibCode/ReservoirDataModel/Completions/RigTransmissibilityCondenser.cpp:336
  [6] RigTransmissibilityCondenser::externalCells() at ResInsight/ApplicationLibCode/ReservoirDataModel/Completions/RigTransmissibilityCondenser.cpp:110
  [7] RicExportFractureCompletionsImpl::calculateMatrixToWellTransmissibilities(RigTransmissibilityCondenser&) at ResInsight/ApplicationLibCode/Commands/CompletionExportCommands/RicExportFractureCompletionsImpl.cpp:710
  [8] RicExportFractureCompletionsImpl::generateCompdatValuesConst(RimEclipseCase const*, QString const&, RigWellPath const*, std::vector<RimFracture const*, std::allocator<RimFracture const*> > const&, std::vector<RicWellPathFractureReportItem, std::allocator<RicWellPathFractureReportItem> >*, QTextStream*, RicExportFractureCompletionsImpl::PressureDepletionParameters) [clone ._omp_fn.0] at ResInsight/ApplicationLibCode/Commands/CompletionExportCommands/RicExportFractureCompletionsImpl.cpp:305
  [9] gomp_thread_start at :0
  [10] start_thread at :0
  [11] __GI___clone at :0
  [12]  at :0
"
2026-08-11T14:38:23.464Z,2026.02.1,"  [0] performCrashLogging at ResInsight/ApplicationExeCode/RiaMainTools.cpp:147
  [1] manageSegFailureSA(int, siginfo_t*, void*) at ResInsight/ApplicationExeCode/RiaMainTools.cpp:227
  [2]  at :0
  [3] __GI_raise at :0
  [4] __GI_abort at :0
  [5] RigTransmissibilityCondenser::calculateCondensedTransmissibilities() at ResInsight/ApplicationLibCode/ReservoirDataModel/Completions/RigTransmissibilityCondenser.cpp:336
  [6] RigTransmissibilityCondenser::externalCells() at ResInsight/ApplicationLibCode/ReservoirDataModel/Completions/RigTransmissibilityCondenser.cpp:110
  [7] RicExportFractureCompletionsImpl::calculateMatrixToWellTransmissibilities(RigTransmissibilityCondenser&) at ResInsight/ApplicationLibCode/Commands/CompletionExportCommands/RicExportFractureCompletionsImpl.cpp:710
  [8] RicExportFractureCompletionsImpl::generateCompdatValuesConst(RimEclipseCase const*, QString const&, RigWellPath const*, std::vector<RimFracture const*, std::allocator<RimFracture const*> > const&, std::vector<RicWellPathFractureReportItem, std::allocator<RicWellPathFractureReportItem> >*, QTextStream*, RicExportFractureCompletionsImpl::PressureDepletionParameters) [clone ._omp_fn.0] at ResInsight/ApplicationLibCode/Commands/CompletionExportCommands/RicExportFractureCompletionsImpl.cpp:305
  [9] gomp_thread_start at :0
  [10] start_thread at :0
  [11] __GI___clone at :0
  [12]  at :0
"
2026-08-11T14:38:23.464Z,2026.02.1,"  [0] performCrashLogging at ResInsight/ApplicationExeCode/RiaMainTools.cpp:147
  [1] manageSegFailureSA(int, siginfo_t*, void*) at ResInsight/ApplicationExeCode/RiaMainTools.cpp:227
  [2]  at :0
  [3] __GI_raise at :0
  [4] __GI_abort at :0
  [5] RigTransmissibilityCondenser::calculateCondensedTransmissibilities() at ResInsight/ApplicationLibCode/ReservoirDataModel/Completions/RigTransmissibilityCondenser.cpp:336
  [6] RigTransmissibilityCondenser::externalCells() at ResInsight/ApplicationLibCode/ReservoirDataModel/Completions/RigTransmissibilityCondenser.cpp:110
  [7] RicExportFractureCompletionsImpl::calculateMatrixToWellTransmissibilities(RigTransmissibilityCondenser&) at ResInsight/ApplicationLibCode/Commands/CompletionExportCommands/RicExportFractureCompletionsImpl.cpp:710
  [8] RicExportFractureCompletionsImpl::generateCompdatValuesConst(RimEclipseCase const*, QString const&, RigWellPath const*, std::vector<RimFracture const*, std::allocator<RimFracture const*> > const&, std::vector<RicWellPathFractureReportItem, std::allocator<RicWellPathFractureReportItem> >*, QTextStream*, RicExportFractureCompletionsImpl::PressureDepletionParameters) [clone ._omp_fn.0] at ResInsight/ApplicationLibCode/Commands/CompletionExportCommands/RicExportFractureCompletionsImpl.cpp:305
  [9] gomp_thread_start at :0
  [10] start_thread at :0
  [11] __GI___clone at :0
  [12]  at :0
"
2026-08-11T14:38:23.464Z,2026.02.1,"  [0] performCrashLogging at ResInsight/ApplicationExeCode/RiaMainTools.cpp:147
  [1] manageSegFailureSA(int, siginfo_t*, void*) at ResInsight/ApplicationExeCode/RiaMainTools.cpp:227
  [2]  at :0
  [3] __GI_raise at :0
  [4] __GI_abort at :0
  [5] RigTransmissibilityCondenser::calculateCondensedTransmissibilities() at ResInsight/ApplicationLibCode/ReservoirDataModel/Completions/RigTransmissibilityCondenser.cpp:336
  [6] RigTransmissibilityCondenser::externalCells() at ResInsight/ApplicationLibCode/ReservoirDataModel/Completions/RigTransmissibilityCondenser.cpp:110
  [7] RicExportFractureCompletionsImpl::calculateMatrixToWellTransmissibilities(RigTransmissibilityCondenser&) at ResInsight/ApplicationLibCode/Commands/CompletionExportCommands/RicExportFractureCompletionsImpl.cpp:710
  [8] RicExportFractureCompletionsImpl::generateCompdatValuesConst(RimEclipseCase const*, QString const&, RigWellPath const*, std::vector<RimFracture const*, std::allocator<RimFracture const*> > const&, std::vector<RicWellPathFractureReportItem, std::allocator<RicWellPathFractureReportItem> >*, QTextStream*, RicExportFractureCompletionsImpl::PressureDepletionParameters) [clone ._omp_fn.0] at ResInsight/ApplicationLibCode/Commands/CompletionExportCommands/RicExportFractureCompletionsImpl.cpp:305
  [9] gomp_thread_start at :0
  [10] start_thread at :0
  [11] __GI___clone at :0
  [12]  at :0
"
2026-08-11T12:12:52.642Z,2026.06.1,"  [0] performCrashLogging at ResInsight/ApplicationExeCode/RiaMainTools.cpp:170
  [1] manageSegFailureSA(int, siginfo_t*, void*) at ResInsight/ApplicationExeCode/RiaMainTools.cpp:302
  [2]  at :0
  [3] __GI_raise at :0
  [4] __GI_abort at :0
  [5] manageTerminate() at ResInsight/ApplicationExeCode/RiaMainTools.cpp:241
  [6] __cxxabiv1::__terminate(void (*)()) at :0
  [7] std::terminate() at :0
  [8] __cxa_throw at :0
  [9] std::filesystem::create_directories(std::filesystem::__cxx11::path const&) [clone .cold] at :0
  [10] touch_file at ResInsight/ThirdParty/custom-opm-common/opm-common/opm/input/eclipse/Deck/FileDeck.cpp:83
  [11] Opm::FileDeck::dump(std::__cxx11::basic_string<char, std::char_traits<char>, std::allocator<char> > const&, std::__cxx11::basic_string<char, std::char_traits<char>, std::allocator<char> > const&, Opm::FileDeck::OutputMode) const at ResInsight/ThirdParty/custom-opm-common/opm-common/opm/input/eclipse/Deck/FileDeck.cpp:521
  [12] RifOpmFlowDeckFile::saveDeck(std::__cxx11::basic_string<char, std::char_traits<char>, std::allocator<char> >, std::__cxx11::basic_string<char, std::char_traits<char>, std::allocator<char> >) at ResInsight/ApplicationLibCode/FileInterface/RifOpmFlowDeckFile.cpp:335
  [13] RigSimulationInputTool::exportSimulationInput(RimEclipseCase&, RigSimulationInputSettings const&, cvf::Array<unsigned char>*) at ResInsight/ApplicationLibCode/ReservoirDataModel/SimulationFile/RigSimulationInputTool.cpp:186
  [14] RicExportSectorModelFeature::doExport(RicExportSectorModelUi*, RimEclipseView*) at ResInsight/ApplicationLibCode/Commands/ExportCommands/RicExportSectorModelFeature.cpp:131
  [15] RicExportSectorModelFeature::onActionTriggered(bool) at ResInsight/ApplicationLibCode/Commands/ExportCommands/RicExportSectorModelFeature.cpp:89
  [16] caf::CmdFeature::actionTriggered(bool) at ResInsight/Fwk/AppFwk/cafCommand/cafCmdFeature.cpp:176
  [17]  at :0
  [18] QAction::triggered(bool) at :0
  [19] QAction::activate(QAction::ActionEvent) at :0
  [20]  at :0
  [21]  at :0
  [22] QWidget::event(QEvent*) at :0
  [23] QApplicationPrivate::notify_helper(QObject*, QEvent*) at :0
  [24] QApplication::notify(QObject*, QEvent*) at :0
  [25] RiaGuiApplication::notify(QObject*, QEvent*) at ResInsight/ApplicationLibCode/Application/RiaGuiApplication.cpp:1828
  [26] QCoreApplication::notifyInternal2(QObject*, QEvent*) at :0
  [27] QApplicationPrivate::sendMouseEvent(QWidget*, QMouseEvent*, QWidget*, QWidget*, QWidget**, QPointer<QWidget>&, bool, bool) at :0
  [28]  at :0
  [29]  at :0
  [30] QApplicationPrivate::notify_helper(QObject*, QEvent*) at :0
  [31] RiaGuiApplication::notify(QObject*, QEvent*) at ResInsight/ApplicationLibCode/Application/RiaGuiApplication.cpp:1828
  [32] QCoreApplication::notifyInternal2(QObject*, QEvent*) at :0
  [33] QGuiApplicationPrivate::processMouseEvent(QWindowSystemInterfacePrivate::MouseEvent*) at :0
  [34] QWindowSystemInterface::sendWindowSystemEvents(QFlags<QEventLoop::ProcessEventsFlag>) at :0
  [35]  at :0
  [36] g_main_context_dispatch at :0
  [37] g_main_context_iterate.isra.20 at :0
  [38] g_main_context_iteration at :0
  [39] QEventDispatcherGlib::processEvents(QFlags<QEventLoop::ProcessEventsFlag>) at :0
  [40] QEventLoop::exec(QFlags<QEventLoop::ProcessEventsFlag>) at :0
  [41]  at :0
  [42] QMenu::exec(QPoint const&, QAction*) at :0
  [43] RiuViewerCommands::displayContextMenu(QMouseEvent*) at ResInsight/ApplicationLibCode/UserInterface/RiuViewerCommands.cpp:664
  [44] QWidget::event(QEvent*) at :0
  [45] QApplicationPrivate::notify_helper(QObject*, QEvent*) at :0
  [46] QApplication::notify(QObject*, QEvent*) at :0
  [47] RiaGuiApplication::notify(QObject*, QEvent*) at ResInsight/ApplicationLibCode/Application/RiaGuiApplication.cpp:1828
  [48] QCoreApplication::notifyInternal2(QObject*, QEvent*) at :0
  [49] QApplicationPrivate::sendMouseEvent(QWidget*, QMouseEvent*, QWidget*, QWidget*, QWidget**, QPointer<QWidget>&, bool, bool) at :0
  [50]  at :0
  [51]  at :0
  [52] QApplicationPrivate::notify_helper(QObject*, QEvent*) at :0
  [53] RiaGuiApplication::notify(QObject*, QEvent*) at ResInsight/ApplicationLibCode/Application/RiaGuiApplication.cpp:1828
  [54] QCoreApplication::notifyInternal2(QObject*, QEvent*) at :0
  [55] QGuiApplicationPrivate::processMouseEvent(QWindowSystemInterfacePrivate::MouseEvent*) at :0
  [56] QWindowSystemInterface::sendWindowSystemEvents(QFlags<QEventLoop::ProcessEventsFlag>) at :0
  [57]  at :0
  [58] g_main_context_dispatch at :0
  [59] g_main_context_iterate.isra.20 at :0
  [60] g_main_context_iteration at :0
  [61] QEventDispatcherGlib::processEvents(QFlags<QEventLoop::ProcessEventsFlag>) at :0
  [62] QEventLoop::exec(QFlags<QEventLoop::ProcessEventsFlag>) at :0
  [63] QCoreApplication::exec() at :0
  [64] main at ResInsight/ApplicationExeCode/RiaMain.cpp:267
  [65] __libc_start_main at :0
  [66] _start at :0
  [67]  at :0
"
2026-08-11T12:12:52.364Z,2026.06.1,"  [0] performCrashLogging at ResInsight/ApplicationExeCode/RiaMainTools.cpp:170
  [1] manageTerminate() at ResInsight/ApplicationExeCode/RiaMainTools.cpp:239
  [2] __cxxabiv1::__terminate(void (*)()) at :0
  [3] std::terminate() at :0
  [4] __cxa_throw at :0
  [5] std::filesystem::create_directories(std::filesystem::__cxx11::path const&) [clone .cold] at :0
  [6] touch_file at ResInsight/ThirdParty/custom-opm-common/opm-common/opm/input/eclipse/Deck/FileDeck.cpp:83
  [7] Opm::FileDeck::dump(std::__cxx11::basic_string<char, std::char_traits<char>, std::allocator<char> > const&, std::__cxx11::basic_string<char, std::char_traits<char>, std::allocator<char> > const&, Opm::FileDeck::OutputMode) const at ResInsight/ThirdParty/custom-opm-common/opm-common/opm/input/eclipse/Deck/FileDeck.cpp:521
  [8] RifOpmFlowDeckFile::saveDeck(std::__cxx11::basic_string<char, std::char_traits<char>, std::allocator<char> >, std::__cxx11::basic_string<char, std::char_traits<char>, std::allocator<char> >) at ResInsight/ApplicationLibCode/FileInterface/RifOpmFlowDeckFile.cpp:335
  [9] RigSimulationInputTool::exportSimulationInput(RimEclipseCase&, RigSimulationInputSettings const&, cvf::Array<unsigned char>*) at ResInsight/ApplicationLibCode/ReservoirDataModel/SimulationFile/RigSimulationInputTool.cpp:186
  [10] RicExportSectorModelFeature::doExport(RicExportSectorModelUi*, RimEclipseView*) at ResInsight/ApplicationLibCode/Commands/ExportCommands/RicExportSectorModelFeature.cpp:131
  [11] RicExportSectorModelFeature::onActionTriggered(bool) at ResInsight/ApplicationLibCode/Commands/ExportCommands/RicExportSectorModelFeature.cpp:89
  [12] caf::CmdFeature::actionTriggered(bool) at ResInsight/Fwk/AppFwk/cafCommand/cafCmdFeature.cpp:176
  [13]  at :0
  [14] QAction::triggered(bool) at :0
  [15] QAction::activate(QAction::ActionEvent) at :0
  [16]  at :0
  [17]  at :0
  [18] QWidget::event(QEvent*) at :0
  [19] QApplicationPrivate::notify_helper(QObject*, QEvent*) at :0
  [20] QApplication::notify(QObject*, QEvent*) at :0
  [21] RiaGuiApplication::notify(QObject*, QEvent*) at ResInsight/ApplicationLibCode/Application/RiaGuiApplication.cpp:1828
  [22] QCoreApplication::notifyInternal2(QObject*, QEvent*) at :0
  [23] QApplicationPrivate::sendMouseEvent(QWidget*, QMouseEvent*, QWidget*, QWidget*, QWidget**, QPointer<QWidget>&, bool, bool) at :0
  [24]  at :0
  [25]  at :0
  [26] QApplicationPrivate::notify_helper(QObject*, QEvent*) at :0
  [27] RiaGuiApplication::notify(QObject*, QEvent*) at ResInsight/ApplicationLibCode/Application/RiaGuiApplication.cpp:1828
  [28] QCoreApplication::notifyInternal2(QObject*, QEvent*) at :0
  [29] QGuiApplicationPrivate::processMouseEvent(QWindowSystemInterfacePrivate::MouseEvent*) at :0
  [30] QWindowSystemInterface::sendWindowSystemEvents(QFlags<QEventLoop::ProcessEventsFlag>) at :0
  [31]  at :0
  [32] g_main_context_dispatch at :0
  [33] g_main_context_iterate.isra.20 at :0
  [34] g_main_context_iteration at :0
  [35] QEventDispatcherGlib::processEvents(QFlags<QEventLoop::ProcessEventsFlag>) at :0
  [36] QEventLoop::exec(QFlags<QEventLoop::ProcessEventsFlag>) at :0
  [37]  at :0
  [38] QMenu::exec(QPoint const&, QAction*) at :0
  [39] RiuViewerCommands::displayContextMenu(QMouseEvent*) at ResInsight/ApplicationLibCode/UserInterface/RiuViewerCommands.cpp:664
  [40] QWidget::event(QEvent*) at :0
  [41] QApplicationPrivate::notify_helper(QObject*, QEvent*) at :0
  [42] QApplication::notify(QObject*, QEvent*) at :0
  [43] RiaGuiApplication::notify(QObject*, QEvent*) at ResInsight/ApplicationLibCode/Application/RiaGuiApplication.cpp:1828
  [44] QCoreApplication::notifyInternal2(QObject*, QEvent*) at :0
  [45] QApplicationPrivate::sendMouseEvent(QWidget*, QMouseEvent*, QWidget*, QWidget*, QWidget**, QPointer<QWidget>&, bool, bool) at :0
  [46]  at :0
  [47]  at :0
  [48] QApplicationPrivate::notify_helper(QObject*, QEvent*) at :0
  [49] RiaGuiApplication::notify(QObject*, QEvent*) at ResInsight/ApplicationLibCode/Application/RiaGuiApplication.cpp:1828
  [50] QCoreApplication::notifyInternal2(QObject*, QEvent*) at :0
  [51] QGuiApplicationPrivate::processMouseEvent(QWindowSystemInterfacePrivate::MouseEvent*) at :0
  [52] QWindowSystemInterface::sendWindowSystemEvents(QFlags<QEventLoop::ProcessEventsFlag>) at :0
  [53]  at :0
  [54] g_main_context_dispatch at :0
  [55] g_main_context_iterate.isra.20 at :0
  [56] g_main_context_iteration at :0
  [57] QEventDispatcherGlib::processEvents(QFlags<QEventLoop::ProcessEventsFlag>) at :0
  [58] QEventLoop::exec(QFlags<QEventLoop::ProcessEventsFlag>) at :0
  [59] QCoreApplication::exec() at :0
  [60] main at ResInsight/ApplicationExeCode/RiaMain.cpp:267
  [61] __libc_start_main at :0
  [62] _start at :0
  [63]  at :0
"
2026-08-11T11:15:32.512Z,2026.06.1,"  [0] performCrashLogging at ResInsight/ApplicationExeCode/RiaMainTools.cpp:170
  [1] manageSegFailureSA(int, siginfo_t*, void*) at ResInsight/ApplicationExeCode/RiaMainTools.cpp:302
  [2]  at :0
  [3] __memcpy_avx512_unaligned at :0
  [4]  at :0
  [5]  at :0
  [6]  at :0
  [7] QOpenGLExtraFunctions::glDrawRangeElements(unsigned int, unsigned int, unsigned int, int, unsigned int, void const*) at /private/f_resinsight_build/resbuild/qt/6.6.3/gcc_64/include/QtGui/qopenglextrafunctions.h:932
  [8] cvf::RenderEngine::render(cvf::OpenGLContext*, cvf::RenderQueue*, unsigned long, cvf::Camera const&, cvf::UniformSet const*) at ResInsight/Fwk/VizFwk/LibViewing/cvfRenderEngine.cpp:284
  [9] cvf::Rendering::render(cvf::OpenGLContext*) at ResInsight/Fwk/VizFwk/LibViewing/cvfRendering.cpp:271
  [10] cvf::RenderSequence::render(cvf::OpenGLContext*) at ResInsight/Fwk/VizFwk/LibViewing/cvfRenderSequence.cpp:211
  [11] caf::Viewer::paintGL() at ResInsight/Fwk/AppFwk/cafViewer/cafViewer.cpp:901
  [12]  at :0
  [13] QWidget::event(QEvent*) at :0
  [14] QApplicationPrivate::notify_helper(QObject*, QEvent*) at :0
  [15] RiaGuiApplication::notify(QObject*, QEvent*) at ResInsight/ApplicationLibCode/Application/RiaGuiApplication.cpp:1828
  [16] QCoreApplication::notifyInternal2(QObject*, QEvent*) at :0
  [17] QWidgetPrivate::sendPaintEvent(QRegion const&) at :0
  [18] QWidgetPrivate::drawWidget(QPaintDevice*, QRegion const&, QPoint const&, QFlags<QWidgetPrivate::DrawWidgetFlag>, QPainter*, QWidgetRepaintManager*) at :0
  [19] QWidgetPrivate::paintSiblingsRecursive(QPaintDevice*, QList<QObject*> const&, int, QRegion const&, QPoint const&, QFlags<QWidgetPrivate::DrawWidgetFlag>, QPainter*, QWidgetRepaintManager*) at :0
  [20] QWidgetPrivate::drawWidget(QPaintDevice*, QRegion const&, QPoint const&, QFlags<QWidgetPrivate::DrawWidgetFlag>, QPainter*, QWidgetRepaintManager*) at :0
  [21] QWidgetPrivate::paintSiblingsRecursive(QPaintDevice*, QList<QObject*> const&, int, QRegion const&, QPoint const&, QFlags<QWidgetPrivate::DrawWidgetFlag>, QPainter*, QWidgetRepaintManager*) at :0
  [22] QWidgetPrivate::drawWidget(QPaintDevice*, QRegion const&, QPoint const&, QFlags<QWidgetPrivate::DrawWidgetFlag>, QPainter*, QWidgetRepaintManager*) at :0
  [23] QWidgetPrivate::paintSiblingsRecursive(QPaintDevice*, QList<QObject*> const&, int, QRegion const&, QPoint const&, QFlags<QWidgetPrivate::DrawWidgetFlag>, QPainter*, QWidgetRepaintManager*) at :0
  [24] QWidgetPrivate::drawWidget(QPaintDevice*, QRegion const&, QPoint const&, QFlags<QWidgetPrivate::DrawWidgetFlag>, QPainter*, QWidgetRepaintManager*) at :0
  [25] QWidgetPrivate::paintSiblingsRecursive(QPaintDevice*, QList<QObject*> const&, int, QRegion const&, QPoint const&, QFlags<QWidgetPrivate::DrawWidgetFlag>, QPainter*, QWidgetRepaintManager*) at :0
  [26] QWidgetPrivate::drawWidget(QPaintDevice*, QRegion const&, QPoint const&, QFlags<QWidgetPrivate::DrawWidgetFlag>, QPainter*, QWidgetRepaintManager*) at :0
  [27] QWidgetPrivate::paintSiblingsRecursive(QPaintDevice*, QList<QObject*> const&, int, QRegion const&, QPoint const&, QFlags<QWidgetPrivate::DrawWidgetFlag>, QPainter*, QWidgetRepaintManager*) at :0
  [28] QWidgetPrivate::drawWidget(QPaintDevice*, QRegion const&, QPoint const&, QFlags<QWidgetPrivate::DrawWidgetFlag>, QPainter*, QWidgetRepaintManager*) at :0
  [29] QWidgetPrivate::paintSiblingsRecursive(QPaintDevice*, QList<QObject*> const&, int, QRegion const&, QPoint const&, QFlags<QWidgetPrivate::DrawWidgetFlag>, QPainter*, QWidgetRepaintManager*) at :0
  [30] QWidgetPrivate::drawWidget(QPaintDevice*, QRegion const&, QPoint const&, QFlags<QWidgetPrivate::DrawWidgetFlag>, QPainter*, QWidgetRepaintManager*) at :0
  [31] QWidgetPrivate::paintSiblingsRecursive(QPaintDevice*, QList<QObject*> const&, int, QRegion const&, QPoint const&, QFlags<QWidgetPrivate::DrawWidgetFlag>, QPainter*, QWidgetRepaintManager*) at :0
  [32] QWidgetPrivate::drawWidget(QPaintDevice*, QRegion const&, QPoint const&, QFlags<QWidgetPrivate::DrawWidgetFlag>, QPainter*, QWidgetRepaintManager*) at :0
  [33] QWidgetPrivate::paintSiblingsRecursive(QPaintDevice*, QList<QObject*> const&, int, QRegion const&, QPoint const&, QFlags<QWidgetPrivate::DrawWidgetFlag>, QPainter*, QWidgetRepaintManager*) at :0
  [34] QWidgetPrivate::drawWidget(QPaintDevice*, QRegion const&, QPoint const&, QFlags<QWidgetPrivate::DrawWidgetFlag>, QPainter*, QWidgetRepaintManager*) at :0
  [35] QWidgetPrivate::paintSiblingsRecursive(QPaintDevice*, QList<QObject*> const&, int, QRegion const&, QPoint const&, QFlags<QWidgetPrivate::DrawWidgetFlag>, QPainter*, QWidgetRepaintManager*) at :0
  [36] QWidgetPrivate::paintSiblingsRecursive(QPaintDevice*, QList<QObject*> const&, int, QRegion const&, QPoint const&, QFlags<QWidgetPrivate::DrawWidgetFlag>, QPainter*, QWidgetRepaintManager*) at :0
  [37] QWidgetPrivate::paintSiblingsRecursive(QPaintDevice*, QList<QObject*> const&, int, QRegion const&, QPoint const&, QFlags<QWidgetPrivate::DrawWidgetFlag>, QPainter*, QWidgetRepaintManager*) at :0
  [38] QWidgetPrivate::drawWidget(QPaintDevice*, QRegion const&, QPoint const&, QFlags<QWidgetPrivate::DrawWidgetFlag>, QPainter*, QWidgetRepaintManager*) at :0
  [39] QWidgetPrivate::paintSiblingsRecursive(QPaintDevice*, QList<QObject*> const&, int, QRegion const&, QPoint const&, QFlags<QWidgetPrivate::DrawWidgetFlag>, QPainter*, QWidgetRepaintManager*) at :0
  [40] QWidgetPrivate::drawWidget(QPaintDevice*, QRegion const&, QPoint const&, QFlags<QWidgetPrivate::DrawWidgetFlag>, QPainter*, QWidgetRepaintManager*) at :0
  [41] QWidgetPrivate::paintSiblingsRecursive(QPaintDevice*, QList<QObject*> const&, int, QRegion const&, QPoint const&, QFlags<QWidgetPrivate::DrawWidgetFlag>, QPainter*, QWidgetRepaintManager*) at :0
  [42] QWidgetPrivate::paintSiblingsRecursive(QPaintDevice*, QList<QObject*> const&, int, QRegion const&, QPoint const&, QFlags<QWidgetPrivate::DrawWidgetFlag>, QPainter*, QWidgetRepaintManager*) at :0
  [43] QWidgetPrivate::paintSiblingsRecursive(QPaintDevice*, QList<QObject*> const&, int, QRegion const&, QPoint const&, QFlags<QWidgetPrivate::DrawWidgetFlag>, QPainter*, QWidgetRepaintManager*) at :0
  [44] QWidgetPrivate::paintSiblingsRecursive(QPaintDevice*, QList<QObject*> const&, int, QRegion const&, QPoint const&, QFlags<QWidgetPrivate::DrawWidgetFlag>, QPainter*, QWidgetRepaintManager*) at :0
  [45] QWidgetPrivate::paintSiblingsRecursive(QPaintDevice*, QList<QObject*> const&, int, QRegion const&, QPoint const&, QFlags<QWidgetPrivate::DrawWidgetFlag>, QPainter*, QWidgetRepaintManager*) at :0
  [46] QWidgetPrivate::paintSiblingsRecursive(QPaintDevice*, QList<QObject*> const&, int, QRegion const&, QPoint const&, QFlags<QWidgetPrivate::DrawWidgetFlag>, QPainter*, QWidgetRepaintManager*) at :0
  [47] QWidgetPrivate::drawWidget(QPaintDevice*, QRegion const&, QPoint const&, QFlags<QWidgetPrivate::DrawWidgetFlag>, QPainter*, QWidgetRepaintManager*) at :0
  [48] QWidgetRepaintManager::paintAndFlush() at :0
  [49] QWidget::event(QEvent*) at :0
  [50] QApplicationPrivate::notify_helper(QObject*, QEvent*) at :0
  [51] RiaGuiApplication::notify(QObject*, QEvent*) at ResInsight/ApplicationLibCode/Application/RiaGuiApplication.cpp:1828
  [52] QCoreApplication::notifyInternal2(QObject*, QEvent*) at :0
  [53] QCoreApplicationPrivate::sendPostedEvents(QObject*, int, QThreadData*) at :0
  [54]  at :0
  [55] g_main_context_dispatch at :0
  [56] g_main_context_iterate.isra.20 at :0
  [57] g_main_context_iteration at :0
  [58] QEventDispatcherGlib::processEvents(QFlags<QEventLoop::ProcessEventsFlag>) at :0
  [59] QEventLoop::exec(QFlags<QEventLoop::ProcessEventsFlag>) at :0
  [60] QCoreApplication::exec() at :0
  [61] main at ResInsight/ApplicationExeCode/RiaMain.cpp:267
  [62] __libc_start_main at :0
  [63] _start at :0
  [64]  at :0
"
2026-08-11T08:07:06.446Z,2026.06.1,"  [0] performCrashLogging at ResInsight/ApplicationExeCode/RiaMainTools.cpp:170
  [1] manageSegFailureSA(int, siginfo_t*, void*) at ResInsight/ApplicationExeCode/RiaMainTools.cpp:302
  [2]  at :0
  [3] __GI_raise at :0
  [4] __GI_abort at :0
  [5] caf::PdmUiEditorHandle::updateUi(QString const&) at ResInsight/Fwk/AppFwk/cafProjectDataModel/cafPdmUiCore/cafPdmUiEditorHandle.cpp:65
  [6] caf::PdmUiPropertyView::showProperties(caf::PdmObjectHandle*) at ResInsight/Fwk/AppFwk/cafUserInterface/cafPdmUiPropertyView.cpp:213
  [7] RiuMainWindow::selectedObjectsChanged() at ResInsight/ApplicationLibCode/UserInterface/RiuMainWindow.cpp:1539
  [8]  at :0
  [9] caf::PdmUiTreeView::slotOnSelectionChanged() at ResInsight/Fwk/AppFwk/cafUserInterface/cafPdmUiTreeView.cpp:154
  [10]  at :0
  [11]  at :0
  [12] QItemSelectionModel::selectionChanged(QItemSelection const&, QItemSelection const&) at :0
  [13] QItemSelectionModel::emitSelectionChanged(QItemSelection const&, QItemSelection const&) at :0
  [14] QItemSelectionModel::select(QItemSelection const&, QFlags<QItemSelectionModel::SelectionFlag>) at :0
  [15] QTreeViewPrivate::select(QModelIndex const&, QModelIndex const&, QFlags<QItemSelectionModel::SelectionFlag>) at :0
  [16] QTreeView::setSelection(QRect const&, QFlags<QItemSelectionModel::SelectionFlag>) at :0
  [17] QAbstractItemView::mousePressEvent(QMouseEvent*) at :0
  [18] QWidget::event(QEvent*) at :0
  [19] QFrame::event(QEvent*) at :0
  [20] QCoreApplicationPrivate::sendThroughObjectEventFilters(QObject*, QEvent*) at :0
  [21] QApplicationPrivate::notify_helper(QObject*, QEvent*) at :0
  [22] QApplication::notify(QObject*, QEvent*) at :0
  [23] RiaGuiApplication::notify(QObject*, QEvent*) at ResInsight/ApplicationLibCode/Application/RiaGuiApplication.cpp:1828
  [24] QCoreApplication::notifyInternal2(QObject*, QEvent*) at :0
  [25] QApplicationPrivate::sendMouseEvent(QWidget*, QMouseEvent*, QWidget*, QWidget*, QWidget**, QPointer<QWidget>&, bool, bool) at :0
  [26]  at :0
  [27]  at :0
  [28] QApplicationPrivate::notify_helper(QObject*, QEvent*) at :0
  [29] RiaGuiApplication::notify(QObject*, QEvent*) at ResInsight/ApplicationLibCode/Application/RiaGuiApplication.cpp:1828
  [30] QCoreApplication::notifyInternal2(QObject*, QEvent*) at :0
  [31] QGuiApplicationPrivate::processMouseEvent(QWindowSystemInterfacePrivate::MouseEvent*) at :0
  [32] QWindowSystemInterface::sendWindowSystemEvents(QFlags<QEventLoop::ProcessEventsFlag>) at :0
  [33]  at :0
  [34] g_main_context_dispatch at :0
  [35] g_main_context_iterate.isra.20 at :0
  [36] g_main_context_iteration at :0
  [37] QEventDispatcherGlib::processEvents(QFlags<QEventLoop::ProcessEventsFlag>) at :0
  [38] QEventLoop::exec(QFlags<QEventLoop::ProcessEventsFlag>) at :0
  [39] QCoreApplication::exec() at :0
  [40] main at ResInsight/ApplicationExeCode/RiaMain.cpp:267
  [41] __libc_start_main at :0
  [42] _start at :0
  [43]  at :0
"
2026-08-10T18:01:38.981Z,2026.02.1,"  [0] performCrashLogging at ResInsight/ApplicationExeCode/RiaMainTools.cpp:147
  [1] manageSegFailureSA(int, siginfo_t*, void*) at ResInsight/ApplicationExeCode/RiaMainTools.cpp:227
  [2]  at :0
  [3] __GI_raise at :0
  [4] __GI_abort at :0
  [5] RigTransmissibilityCondenser::calculateCondensedTransmissibilities() at ResInsight/ApplicationLibCode/ReservoirDataModel/Completions/RigTransmissibilityCondenser.cpp:336
  [6] RigTransmissibilityCondenser::externalCells() at ResInsight/ApplicationLibCode/ReservoirDataModel/Completions/RigTransmissibilityCondenser.cpp:110
  [7] RicExportFractureCompletionsImpl::calculateMatrixToWellTransmissibilities(RigTransmissibilityCondenser&) at ResInsight/ApplicationLibCode/Commands/CompletionExportCommands/RicExportFractureCompletionsImpl.cpp:710
  [8] RicExportFractureCompletionsImpl::generateCompdatValuesConst(RimEclipseCase const*, QString const&, RigWellPath const*, std::vector<RimFracture const*, std::allocator<RimFracture const*> > const&, std::vector<RicWellPathFractureReportItem, std::allocator<RicWellPathFractureReportItem> >*, QTextStream*, RicExportFractureCompletionsImpl::PressureDepletionParameters) [clone ._omp_fn.0] at ResInsight/ApplicationLibCode/Commands/CompletionExportCommands/RicExportFractureCompletionsImpl.cpp:305
  [9] gomp_thread_start at :0
  [10] start_thread at :0
  [11] __GI___clone at :0
  [12]  at :0
"
2026-08-10T18:01:38.981Z,2026.02.1,"  [0] performCrashLogging at ResInsight/ApplicationExeCode/RiaMainTools.cpp:147
  [1] manageSegFailureSA(int, siginfo_t*, void*) at ResInsight/ApplicationExeCode/RiaMainTools.cpp:227
  [2]  at :0
  [3] __GI_raise at :0
  [4] __GI_abort at :0
  [5] RigTransmissibilityCondenser::calculateCondensedTransmissibilities() at ResInsight/ApplicationLibCode/ReservoirDataModel/Completions/RigTransmissibilityCondenser.cpp:336
  [6] RigTransmissibilityCondenser::externalCells() at ResInsight/ApplicationLibCode/ReservoirDataModel/Completions/RigTransmissibilityCondenser.cpp:110
  [7] RicExportFractureCompletionsImpl::calculateMatrixToWellTransmissibilities(RigTransmissibilityCondenser&) at ResInsight/ApplicationLibCode/Commands/CompletionExportCommands/RicExportFractureCompletionsImpl.cpp:710
  [8] RicExportFractureCompletionsImpl::generateCompdatValuesConst(RimEclipseCase const*, QString const&, RigWellPath const*, std::vector<RimFracture const*, std::allocator<RimFracture const*> > const&, std::vector<RicWellPathFractureReportItem, std::allocator<RicWellPathFractureReportItem> >*, QTextStream*, RicExportFractureCompletionsImpl::PressureDepletionParameters) [clone ._omp_fn.0] at ResInsight/ApplicationLibCode/Commands/CompletionExportCommands/RicExportFractureCompletionsImpl.cpp:305
  [9] gomp_thread_start at :0
  [10] start_thread at :0
  [11] __GI___clone at :0
  [12]  at :0
"
2026-08-10T18:01:38.981Z,2026.02.1,"  [0] performCrashLogging at ResInsight/ApplicationExeCode/RiaMainTools.cpp:147
  [1] manageSegFailureSA(int, siginfo_t*, void*) at ResInsight/ApplicationExeCode/RiaMainTools.cpp:227
  [2]  at :0
  [3] __GI_raise at :0
  [4] __GI_abort at :0
  [5] RigTransmissibilityCondenser::calculateCondensedTransmissibilities() at ResInsight/ApplicationLibCode/ReservoirDataModel/Completions/RigTransmissibilityCondenser.cpp:336
  [6] RigTransmissibilityCondenser::externalCells() at ResInsight/ApplicationLibCode/ReservoirDataModel/Completions/RigTransmissibilityCondenser.cpp:110
  [7] RicExportFractureCompletionsImpl::calculateMatrixToWellTransmissibilities(RigTransmissibilityCondenser&) at ResInsight/ApplicationLibCode/Commands/CompletionExportCommands/RicExportFractureCompletionsImpl.cpp:710
  [8] RicExportFractureCompletionsImpl::generateCompdatValuesConst(RimEclipseCase const*, QString const&, RigWellPath const*, std::vector<RimFracture const*, std::allocator<RimFracture const*> > const&, std::vector<RicWellPathFractureReportItem, std::allocator<RicWellPathFractureReportItem> >*, QTextStream*, RicExportFractureCompletionsImpl::PressureDepletionParameters) [clone ._omp_fn.0] at ResInsight/ApplicationLibCode/Commands/CompletionExportCommands/RicExportFractureCompletionsImpl.cpp:305
  [9] gomp_thread_start at :0
  [10] start_thread at :0
  [11] __GI___clone at :0
  [12]  at :0
"
2026-08-10T17:14:48.443Z,2026.02.1,"  [0] performCrashLogging at ResInsight/ApplicationExeCode/RiaMainTools.cpp:147
  [1] manageSegFailureSA(int, siginfo_t*, void*) at ResInsight/ApplicationExeCode/RiaMainTools.cpp:227
  [2]  at :0
  [3] __GI_raise at :0
  [4] __GI_abort at :0
  [5] __libc_message at :0
  [6] malloc_printerr at :0
  [7] _int_free at :0
  [8] std::__new_allocator<Clipper2Lib::Point<long> >::deallocate(Clipper2Lib::Point<long>*, unsigned long) at /opt/rh/gcc-toolset-13/root/usr/include/c++/13/bits/new_allocator.h:172
  [9] RigCellGeometryTools::intersectionWithPolygon(std::vector<cvf::Vector3<double>, std::allocator<cvf::Vector3<double> > > const&, std::vector<cvf::Vector3<double>, std::allocator<cvf::Vector3<double> > > const&) at ResInsight/ApplicationLibCode/ReservoirDataModel/RigCellGeometryTools.cpp:443
  [10] RigCellGeometryTools::polygonLengthInLocalXdirWeightedByArea(std::vector<cvf::Vector3<double>, std::allocator<cvf::Vector3<double> > > const&) at ResInsight/ApplicationLibCode/ReservoirDataModel/RigCellGeometryTools.cpp:332
  [11] RigEclipseToStimPlanCellTransmissibilityCalculator::calculateStimPlanCellsMatrixTransmissibility(std::set<unsigned long, std::less<unsigned long>, std::allocator<unsigned long> > const&) at ResInsight/ApplicationLibCode/ReservoirDataModel/Completions/RigEclipseToStimPlanCellTransmissibilityCalculator.cpp:247
  [12] RigEclipseToStimPlanCalculator::computeValues() at ResInsight/ApplicationLibCode/ReservoirDataModel/Completions/RigEclipseToStimPlanCalculator.cpp:166
  [13] RigEclipseToStimPlanCalculator::RigEclipseToStimPlanCalculator(RimEclipseCase const*, cvf::Matrix4<double>, double, double, RigFractureGrid const&, RimFracture const*) at ResInsight/ApplicationLibCode/ReservoirDataModel/Completions/RigEclipseToStimPlanCalculator.cpp:63
  [14] RicExportFractureCompletionsImpl::generateCompdatValuesConst(RimEclipseCase const*, QString const&, RigWellPath const*, std::vector<RimFracture const*, std::allocator<RimFracture const*> > const&, std::vector<RicWellPathFractureReportItem, std::allocator<RicWellPathFractureReportItem> >*, QTextStream*, RicExportFractureCompletionsImpl::PressureDepletionParameters) [clone ._omp_fn.0] at ResInsight/ApplicationLibCode/Commands/CompletionExportCommands/RicExportFractureCompletionsImpl.cpp:286
  [15] gomp_thread_start at :0
  [16] start_thread at :0
  [17] __GI___clone at :0
  [18]  at :0
"
2026-08-10T13:48:45.049Z,2026.06.1,"  [0] performCrashLogging at ResInsight/ApplicationExeCode/RiaMainTools.cpp:170
  [1] manageSegFailureSA(int, siginfo_t*, void*) at ResInsight/ApplicationExeCode/RiaMainTools.cpp:302
  [2]  at :0
  [3] QWidgetPrivate::shouldPaintOnScreen() const at :0
  [4] QWidgetRepaintManager::markNeedsFlush(QWidget*, QRegion const&, QPoint const&) at :0
  [5] QWidgetPrivate::drawWidget(QPaintDevice*, QRegion const&, QPoint const&, QFlags<QWidgetPrivate::DrawWidgetFlag>, QPainter*, QWidgetRepaintManager*) at :0
  [6] QWidgetPrivate::paintSiblingsRecursive(QPaintDevice*, QList<QObject*> const&, int, QRegion const&, QPoint const&, QFlags<QWidgetPrivate::DrawWidgetFlag>, QPainter*, QWidgetRepaintManager*) at :0
  [7] QWidgetPrivate::drawWidget(QPaintDevice*, QRegion const&, QPoint const&, QFlags<QWidgetPrivate::DrawWidgetFlag>, QPainter*, QWidgetRepaintManager*) at :0
  [8] QWidgetPrivate::paintSiblingsRecursive(QPaintDevice*, QList<QObject*> const&, int, QRegion const&, QPoint const&, QFlags<QWidgetPrivate::DrawWidgetFlag>, QPainter*, QWidgetRepaintManager*) at :0
  [9] QWidgetPrivate::drawWidget(QPaintDevice*, QRegion const&, QPoint const&, QFlags<QWidgetPrivate::DrawWidgetFlag>, QPainter*, QWidgetRepaintManager*) at :0
  [10] QWidgetPrivate::paintSiblingsRecursive(QPaintDevice*, QList<QObject*> const&, int, QRegion const&, QPoint const&, QFlags<QWidgetPrivate::DrawWidgetFlag>, QPainter*, QWidgetRepaintManager*) at :0
  [11] QWidgetPrivate::drawWidget(QPaintDevice*, QRegion const&, QPoint const&, QFlags<QWidgetPrivate::DrawWidgetFlag>, QPainter*, QWidgetRepaintManager*) at :0
  [12] QWidgetPrivate::paintSiblingsRecursive(QPaintDevice*, QList<QObject*> const&, int, QRegion const&, QPoint const&, QFlags<QWidgetPrivate::DrawWidgetFlag>, QPainter*, QWidgetRepaintManager*) at :0
  [13] QWidgetPrivate::drawWidget(QPaintDevice*, QRegion const&, QPoint const&, QFlags<QWidgetPrivate::DrawWidgetFlag>, QPainter*, QWidgetRepaintManager*) at :0
  [14] QWidgetPrivate::paintSiblingsRecursive(QPaintDevice*, QList<QObject*> const&, int, QRegion const&, QPoint const&, QFlags<QWidgetPrivate::DrawWidgetFlag>, QPainter*, QWidgetRepaintManager*) at :0
  [15] QWidgetPrivate::drawWidget(QPaintDevice*, QRegion const&, QPoint const&, QFlags<QWidgetPrivate::DrawWidgetFlag>, QPainter*, QWidgetRepaintManager*) at :0
  [16] QWidgetPrivate::paintSiblingsRecursive(QPaintDevice*, QList<QObject*> const&, int, QRegion const&, QPoint const&, QFlags<QWidgetPrivate::DrawWidgetFlag>, QPainter*, QWidgetRepaintManager*) at :0
  [17] QWidgetPrivate::drawWidget(QPaintDevice*, QRegion const&, QPoint const&, QFlags<QWidgetPrivate::DrawWidgetFlag>, QPainter*, QWidgetRepaintManager*) at :0
  [18] QWidgetPrivate::paintSiblingsRecursive(QPaintDevice*, QList<QObject*> const&, int, QRegion const&, QPoint const&, QFlags<QWidgetPrivate::DrawWidgetFlag>, QPainter*, QWidgetRepaintManager*) at :0
  [19] QWidgetPrivate::drawWidget(QPaintDevice*, QRegion const&, QPoint const&, QFlags<QWidgetPrivate::DrawWidgetFlag>, QPainter*, QWidgetRepaintManager*) at :0
  [20] QWidgetPrivate::paintSiblingsRecursive(QPaintDevice*, QList<QObject*> const&, int, QRegion const&, QPoint const&, QFlags<QWidgetPrivate::DrawWidgetFlag>, QPainter*, QWidgetRepaintManager*) at :0
  [21] QWidgetPrivate::drawWidget(QPaintDevice*, QRegion const&, QPoint const&, QFlags<QWidgetPrivate::DrawWidgetFlag>, QPainter*, QWidgetRepaintManager*) at :0
  [22] QWidgetPrivate::paintSiblingsRecursive(QPaintDevice*, QList<QObject*> const&, int, QRegion const&, QPoint const&, QFlags<QWidgetPrivate::DrawWidgetFlag>, QPainter*, QWidgetRepaintManager*) at :0
  [23] QWidgetPrivate::drawWidget(QPaintDevice*, QRegion const&, QPoint const&, QFlags<QWidgetPrivate::DrawWidgetFlag>, QPainter*, QWidgetRepaintManager*) at :0
  [24] QWidgetPrivate::paintSiblingsRecursive(QPaintDevice*, QList<QObject*> const&, int, QRegion const&, QPoint const&, QFlags<QWidgetPrivate::DrawWidgetFlag>, QPainter*, QWidgetRepaintManager*) at :0
  [25] QWidgetPrivate::drawWidget(QPaintDevice*, QRegion const&, QPoint const&, QFlags<QWidgetPrivate::DrawWidgetFlag>, QPainter*, QWidgetRepaintManager*) at :0
  [26] QWidgetPrivate::paintSiblingsRecursive(QPaintDevice*, QList<QObject*> const&, int, QRegion const&, QPoint const&, QFlags<QWidgetPrivate::DrawWidgetFlag>, QPainter*, QWidgetRepaintManager*) at :0
  [27] QWidgetPrivate::drawWidget(QPaintDevice*, QRegion const&, QPoint const&, QFlags<QWidgetPrivate::DrawWidgetFlag>, QPainter*, QWidgetRepaintManager*) at :0
  [28] QWidgetPrivate::paintSiblingsRecursive(QPaintDevice*, QList<QObject*> const&, int, QRegion const&, QPoint const&, QFlags<QWidgetPrivate::DrawWidgetFlag>, QPainter*, QWidgetRepaintManager*) at :0
  [29] QWidgetPrivate::drawWidget(QPaintDevice*, QRegion const&, QPoint const&, QFlags<QWidgetPrivate::DrawWidgetFlag>, QPainter*, QWidgetRepaintManager*) at :0
  [30] QWidgetPrivate::paintSiblingsRecursive(QPaintDevice*, QList<QObject*> const&, int, QRegion const&, QPoint const&, QFlags<QWidgetPrivate::DrawWidgetFlag>, QPainter*, QWidgetRepaintManager*) at :0
  [31] QWidgetPrivate::drawWidget(QPaintDevice*, QRegion const&, QPoint const&, QFlags<QWidgetPrivate::DrawWidgetFlag>, QPainter*, QWidgetRepaintManager*) at :0
  [32] QWidgetPrivate::paintSiblingsRecursive(QPaintDevice*, QList<QObject*> const&, int, QRegion const&, QPoint const&, QFlags<QWidgetPrivate::DrawWidgetFlag>, QPainter*, QWidgetRepaintManager*) at :0
  [33] QWidgetPrivate::drawWidget(QPaintDevice*, QRegion const&, QPoint const&, QFlags<QWidgetPrivate::DrawWidgetFlag>, QPainter*, QWidgetRepaintManager*) at :0
  [34] QWidgetPrivate::paintSiblingsRecursive(QPaintDevice*, QList<QObject*> const&, int, QRegion const&, QPoint const&, QFlags<QWidgetPrivate::DrawWidgetFlag>, QPainter*, QWidgetRepaintManager*) at :0
  [35] QWidgetPrivate::drawWidget(QPaintDevice*, QRegion const&, QPoint const&, QFlags<QWidgetPrivate::DrawWidgetFlag>, QPainter*, QWidgetRepaintManager*) at :0
  [36] QWidgetPrivate::paintSiblingsRecursive(QPaintDevice*, QList<QObject*> const&, int, QRegion const&, QPoint const&, QFlags<QWidgetPrivate::DrawWidgetFlag>, QPainter*, QWidgetRepaintManager*) at :0
  [37] QWidgetPrivate::drawWidget(QPaintDevice*, QRegion const&, QPoint const&, QFlags<QWidgetPrivate::DrawWidgetFlag>, QPainter*, QWidgetRepaintManager*) at :0
  [38] QWidgetPrivate::paintSiblingsRecursive(QPaintDevice*, QList<QObject*> const&, int, QRegion const&, QPoint const&, QFlags<QWidgetPrivate::DrawWidgetFlag>, QPainter*, QWidgetRepaintManager*) at :0
  [39] QWidgetPrivate::drawWidget(QPaintDevice*, QRegion const&, QPoint const&, QFlags<QWidgetPrivate::DrawWidgetFlag>, QPainter*, QWidgetRepaintManager*) at :0
  [40] QWidgetRepaintManager::paintAndFlush() at :0
  [41] QWidget::event(QEvent*) at :0
  [42] QApplicationPrivate::notify_helper(QObject*, QEvent*) at :0
  [43] RiaGuiApplication::notify(QObject*, QEvent*) at ResInsight/ApplicationLibCode/Application/RiaGuiApplication.cpp:1828
  [44] QCoreApplication::notifyInternal2(QObject*, QEvent*) at :0
  [45] QCoreApplicationPrivate::sendPostedEvents(QObject*, int, QThreadData*) at :0
  [46]  at :0
  [47] g_main_context_dispatch at :0
  [48] g_main_context_iterate.isra.20 at :0
  [49] g_main_context_iteration at :0
  [50] QEventDispatcherGlib::processEvents(QFlags<QEventLoop::ProcessEventsFlag>) at :0
  [51] QEventLoop::exec(QFlags<QEventLoop::ProcessEventsFlag>) at :0
  [52] QCoreApplication::exec() at :0
  [53] main at ResInsight/ApplicationExeCode/RiaMain.cpp:267
  [54] __libc_start_main at :0
  [55] _start at :0
  [56]  at :0
"
2026-08-10T13:14:39.809Z,2026.02.2,"  [0] performCrashLogging at ResInsight/ApplicationExeCode/RiaMainTools.cpp:147
  [1] manageSegFailureSA(int, siginfo_t*, void*) at ResInsight/ApplicationExeCode/RiaMainTools.cpp:227
  [2]  at :0
  [3] __GI_raise at :0
  [4] __GI_abort at :0
  [5] __gnu_cxx::__verbose_terminate_handler() [clone .cold.1] at :0
  [6]  at :0
  [7]  at :0
  [8] __cxxabiv1::__terminate(void (*)()) at :0
  [9] std::terminate() at :0
  [10] __cxa_rethrow at :0
  [11] main at ResInsight/ApplicationExeCode/RiaMain.cpp:232
  [12] __libc_start_main at :0
  [13] _start at :0
  [14]  at :0
"
2026-08-10T10:44:48.913Z,2026.02.1,"  [0] performCrashLogging at ResInsight/ApplicationExeCode/RiaMainTools.cpp:147
  [1] manageSegFailureSA(int, siginfo_t*, void*) at ResInsight/ApplicationExeCode/RiaMainTools.cpp:227
  [2]  at :0
  [3] __GI_raise at :0
  [4] __GI_abort at :0
  [5] RigTransmissibilityCondenser::calculateCondensedTransmissibilities() at ResInsight/ApplicationLibCode/ReservoirDataModel/Completions/RigTransmissibilityCondenser.cpp:336
  [6] RigTransmissibilityCondenser::externalCells() at ResInsight/ApplicationLibCode/ReservoirDataModel/Completions/RigTransmissibilityCondenser.cpp:110
  [7] RicExportFractureCompletionsImpl::calculateMatrixToWellTransmissibilities(RigTransmissibilityCondenser&) at ResInsight/ApplicationLibCode/Commands/CompletionExportCommands/RicExportFractureCompletionsImpl.cpp:710
  [8] RicExportFractureCompletionsImpl::generateCompdatValuesConst(RimEclipseCase const*, QString const&, RigWellPath const*, std::vector<RimFracture const*, std::allocator<RimFracture const*> > const&, std::vector<RicWellPathFractureReportItem, std::allocator<RicWellPathFractureReportItem> >*, QTextStream*, RicExportFractureCompletionsImpl::PressureDepletionParameters) [clone ._omp_fn.0] at ResInsight/ApplicationLibCode/Commands/CompletionExportCommands/RicExportFractureCompletionsImpl.cpp:305
  [9] gomp_thread_start at :0
  [10] start_thread at :0
  [11] __GI___clone at :0
  [12]  at :0
"
2026-08-10T10:44:48.912Z,2026.02.1,"  [0] performCrashLogging at ResInsight/ApplicationExeCode/RiaMainTools.cpp:147
  [1] manageSegFailureSA(int, siginfo_t*, void*) at ResInsight/ApplicationExeCode/RiaMainTools.cpp:227
  [2]  at :0
  [3] __GI_raise at :0
  [4] __GI_abort at :0
  [5] RigTransmissibilityCondenser::calculateCondensedTransmissibilities() at ResInsight/ApplicationLibCode/ReservoirDataModel/Completions/RigTransmissibilityCondenser.cpp:336
  [6] RigTransmissibilityCondenser::externalCells() at ResInsight/ApplicationLibCode/ReservoirDataModel/Completions/RigTransmissibilityCondenser.cpp:110
  [7] RicExportFractureCompletionsImpl::calculateMatrixToWellTransmissibilities(RigTransmissibilityCondenser&) at ResInsight/ApplicationLibCode/Commands/CompletionExportCommands/RicExportFractureCompletionsImpl.cpp:710
  [8] RicExportFractureCompletionsImpl::generateCompdatValuesConst(RimEclipseCase const*, QString const&, RigWellPath const*, std::vector<RimFracture const*, std::allocator<RimFracture const*> > const&, std::vector<RicWellPathFractureReportItem, std::allocator<RicWellPathFractureReportItem> >*, QTextStream*, RicExportFractureCompletionsImpl::PressureDepletionParameters) [clone ._omp_fn.0] at ResInsight/ApplicationLibCode/Commands/CompletionExportCommands/RicExportFractureCompletionsImpl.cpp:305
  [9] gomp_thread_start at :0
  [10] start_thread at :0
  [11] __GI___clone at :0
  [12]  at :0
"
2026-08-10T08:46:20.685Z,2026.02.1,"  [0] performCrashLogging at ResInsight/ApplicationExeCode/RiaMainTools.cpp:147
  [1] manageSegFailureSA(int, siginfo_t*, void*) at ResInsight/ApplicationExeCode/RiaMainTools.cpp:227
  [2]  at :0
  [3] __GI_raise at :0
  [4] __GI_abort at :0
  [5] RigTransmissibilityCondenser::calculateCondensedTransmissibilities() at ResInsight/ApplicationLibCode/ReservoirDataModel/Completions/RigTransmissibilityCondenser.cpp:336
  [6] RigTransmissibilityCondenser::externalCells() at ResInsight/ApplicationLibCode/ReservoirDataModel/Completions/RigTransmissibilityCondenser.cpp:110
  [7] RicExportFractureCompletionsImpl::calculateMatrixToWellTransmissibilities(RigTransmissibilityCondenser&) at ResInsight/ApplicationLibCode/Commands/CompletionExportCommands/RicExportFractureCompletionsImpl.cpp:710
  [8] RicExportFractureCompletionsImpl::generateCompdatValuesConst(RimEclipseCase const*, QString const&, RigWellPath const*, std::vector<RimFracture const*, std::allocator<RimFracture const*> > const&, std::vector<RicWellPathFractureReportItem, std::allocator<RicWellPathFractureReportItem> >*, QTextStream*, RicExportFractureCompletionsImpl::PressureDepletionParameters) [clone ._omp_fn.0] at ResInsight/ApplicationLibCode/Commands/CompletionExportCommands/RicExportFractureCompletionsImpl.cpp:305
  [9] gomp_thread_start at :0
  [10] start_thread at :0
  [11] __GI___clone at :0
  [12]  at :0
"
2026-08-10T08:46:20.683Z,2026.02.1,"  [0] performCrashLogging at ResInsight/ApplicationExeCode/RiaMainTools.cpp:147
  [1] manageSegFailureSA(int, siginfo_t*, void*) at ResInsight/ApplicationExeCode/RiaMainTools.cpp:227
  [2]  at :0
  [3] __GI_raise at :0
  [4] __GI_abort at :0
  [5] RigTransmissibilityCondenser::calculateCondensedTransmissibilities() at ResInsight/ApplicationLibCode/ReservoirDataModel/Completions/RigTransmissibilityCondenser.cpp:336
  [6] RigTransmissibilityCondenser::externalCells() at ResInsight/ApplicationLibCode/ReservoirDataModel/Completions/RigTransmissibilityCondenser.cpp:110
  [7] RicExportFractureCompletionsImpl::calculateMatrixToWellTransmissibilities(RigTransmissibilityCondenser&) at ResInsight/ApplicationLibCode/Commands/CompletionExportCommands/RicExportFractureCompletionsImpl.cpp:710
  [8] RicExportFractureCompletionsImpl::generateCompdatValuesConst(RimEclipseCase const*, QString const&, RigWellPath const*, std::vector<RimFracture const*, std::allocator<RimFracture const*> > const&, std::vector<RicWellPathFractureReportItem, std::allocator<RicWellPathFractureReportItem> >*, QTextStream*, RicExportFractureCompletionsImpl::PressureDepletionParameters) [clone ._omp_fn.0] at ResInsight/ApplicationLibCode/Commands/CompletionExportCommands/RicExportFractureCompletionsImpl.cpp:305
  [9] gomp_thread_start at :0
  [10] start_thread at :0
  [11] __GI___clone at :0
  [12]  at :0
"
2026-08-10T08:46:20.683Z,2026.02.1,"  [0] performCrashLogging at ResInsight/ApplicationExeCode/RiaMainTools.cpp:147
  [1] manageSegFailureSA(int, siginfo_t*, void*) at ResInsight/ApplicationExeCode/RiaMainTools.cpp:227
  [2]  at :0
  [3] __GI_raise at :0
  [4] __GI_abort at :0
  [5] RigTransmissibilityCondenser::calculateCondensedTransmissibilities() at ResInsight/ApplicationLibCode/ReservoirDataModel/Completions/RigTransmissibilityCondenser.cpp:336
  [6] RigTransmissibilityCondenser::externalCells() at ResInsight/ApplicationLibCode/ReservoirDataModel/Completions/RigTransmissibilityCondenser.cpp:110
  [7] RicExportFractureCompletionsImpl::calculateMatrixToWellTransmissibilities(RigTransmissibilityCondenser&) at ResInsight/ApplicationLibCode/Commands/CompletionExportCommands/RicExportFractureCompletionsImpl.cpp:710
  [8] RicExportFractureCompletionsImpl::generateCompdatValuesConst(RimEclipseCase const*, QString const&, RigWellPath const*, std::vector<RimFracture const*, std::allocator<RimFracture const*> > const&, std::vector<RicWellPathFractureReportItem, std::allocator<RicWellPathFractureReportItem> >*, QTextStream*, RicExportFractureCompletionsImpl::PressureDepletionParameters) [clone ._omp_fn.0] at ResInsight/ApplicationLibCode/Commands/CompletionExportCommands/RicExportFractureCompletionsImpl.cpp:305
  [9] gomp_thread_start at :0
  [10] start_thread at :0
  [11] __GI___clone at :0
  [12]  at :0
"
2026-08-10T08:46:20.683Z,2026.02.1,"  [0] performCrashLogging at ResInsight/ApplicationExeCode/RiaMainTools.cpp:147
  [1] manageSegFailureSA(int, siginfo_t*, void*) at ResInsight/ApplicationExeCode/RiaMainTools.cpp:227
  [2]  at :0
  [3] __GI_raise at :0
  [4] __GI_abort at :0
  [5] RigTransmissibilityCondenser::calculateCondensedTransmissibilities() at ResInsight/ApplicationLibCode/ReservoirDataModel/Completions/RigTransmissibilityCondenser.cpp:336
  [6] RigTransmissibilityCondenser::externalCells() at ResInsight/ApplicationLibCode/ReservoirDataModel/Completions/RigTransmissibilityCondenser.cpp:110
  [7] RicExportFractureCompletionsImpl::calculateMatrixToWellTransmissibilities(RigTransmissibilityCondenser&) at ResInsight/ApplicationLibCode/Commands/CompletionExportCommands/RicExportFractureCompletionsImpl.cpp:710
  [8] RicExportFractureCompletionsImpl::generateCompdatValuesConst(RimEclipseCase const*, QString const&, RigWellPath const*, std::vector<RimFracture const*, std::allocator<RimFracture const*> > const&, std::vector<RicWellPathFractureReportItem, std::allocator<RicWellPathFractureReportItem> >*, QTextStream*, RicExportFractureCompletionsImpl::PressureDepletionParameters) [clone ._omp_fn.0] at ResInsight/ApplicationLibCode/Commands/CompletionExportCommands/RicExportFractureCompletionsImpl.cpp:305
  [9] gomp_thread_start at :0
  [10] start_thread at :0
  [11] __GI___clone at :0
  [12]  at :0
"
2026-08-07T22:22:00.222Z,2026.02.1,"  [0] performCrashLogging at ResInsight/ApplicationExeCode/RiaMainTools.cpp:147
  [1] manageSegFailureSA(int, siginfo_t*, void*) at ResInsight/ApplicationExeCode/RiaMainTools.cpp:227
  [2]  at :0
  [3] __GI_raise at :0
  [4] __GI_abort at :0
  [5] RigTransmissibilityCondenser::calculateCondensedTransmissibilities() at ResInsight/ApplicationLibCode/ReservoirDataModel/Completions/RigTransmissibilityCondenser.cpp:336
  [6] RigTransmissibilityCondenser::externalCells() at ResInsight/ApplicationLibCode/ReservoirDataModel/Completions/RigTransmissibilityCondenser.cpp:110
  [7] RicExportFractureCompletionsImpl::calculateMatrixToWellTransmissibilities(RigTransmissibilityCondenser&) at ResInsight/ApplicationLibCode/Commands/CompletionExportCommands/RicExportFractureCompletionsImpl.cpp:710
  [8] RicExportFractureCompletionsImpl::generateCompdatValuesConst(RimEclipseCase const*, QString const&, RigWellPath const*, std::vector<RimFracture const*, std::allocator<RimFracture const*> > const&, std::vector<RicWellPathFractureReportItem, std::allocator<RicWellPathFractureReportItem> >*, QTextStream*, RicExportFractureCompletionsImpl::PressureDepletionParameters) [clone ._omp_fn.0] at ResInsight/ApplicationLibCode/Commands/CompletionExportCommands/RicExportFractureCompletionsImpl.cpp:305
  [9] gomp_thread_start at :0
  [10] start_thread at :0
  [11] __GI___clone at :0
  [12]  at :0
"
2026-08-07T22:22:00.216Z,2026.02.1,"  [0] performCrashLogging at ResInsight/ApplicationExeCode/RiaMainTools.cpp:147
  [1] manageSegFailureSA(int, siginfo_t*, void*) at ResInsight/ApplicationExeCode/RiaMainTools.cpp:227
  [2]  at :0
  [3] __GI_raise at :0
  [4] __GI_abort at :0
  [5] RigTransmissibilityCondenser::calculateCondensedTransmissibilities() at ResInsight/ApplicationLibCode/ReservoirDataModel/Completions/RigTransmissibilityCondenser.cpp:336
  [6] RigTransmissibilityCondenser::externalCells() at ResInsight/ApplicationLibCode/ReservoirDataModel/Completions/RigTransmissibilityCondenser.cpp:110
  [7] RicExportFractureCompletionsImpl::calculateMatrixToWellTransmissibilities(RigTransmissibilityCondenser&) at ResInsight/ApplicationLibCode/Commands/CompletionExportCommands/RicExportFractureCompletionsImpl.cpp:710
  [8] RicExportFractureCompletionsImpl::generateCompdatValuesConst(RimEclipseCase const*, QString const&, RigWellPath const*, std::vector<RimFracture const*, std::allocator<RimFracture const*> > const&, std::vector<RicWellPathFractureReportItem, std::allocator<RicWellPathFractureReportItem> >*, QTextStream*, RicExportFractureCompletionsImpl::PressureDepletionParameters) [clone ._omp_fn.0] at ResInsight/ApplicationLibCode/Commands/CompletionExportCommands/RicExportFractureCompletionsImpl.cpp:305
  [9] GOMP_parallel at :0
  [10] RicExportFractureCompletionsImpl::generateCompdatValuesConst(RimEclipseCase const*, QString const&, RigWellPath const*, std::vector<RimFracture const*, std::allocator<RimFracture const*> > const&, std::vector<RicWellPathFractureReportItem, std::allocator<RicWellPathFractureReportItem> >*, QTextStream*, RicExportFractureCompletionsImpl::PressureDepletionParameters) at ResInsight/ApplicationLibCode/Commands/CompletionExportCommands/RicExportFractureCompletionsImpl.cpp:257
  [11] RicExportFractureCompletionsImpl::generateCompdatValues(RimEclipseCase*, QString const&, RigWellPath const*, std::vector<RimFracture const*, std::allocator<RimFracture const*> > const&, std::vector<RicWellPathFractureReportItem, std::allocator<RicWellPathFractureReportItem> >*, QTextStream*, RicExportFractureCompletionsImpl::PressureDepletionParameters) at ResInsight/ApplicationLibCode/Commands/CompletionExportCommands/RicExportFractureCompletionsImpl.cpp:169
  [12] RicExportFractureCompletionsImpl::generateCompdatValuesForWellPath(RimWellPath*, RimEclipseCase*, std::vector<RicWellPathFractureReportItem, std::allocator<RicWellPathFractureReportItem> >*, QTextStream*, RicExportFractureCompletionsImpl::PressureDepletionParameters) at ResInsight/ApplicationLibCode/Commands/CompletionExportCommands/RicExportFractureCompletionsImpl.cpp:94
  [13] RicWellPathExportCompletionDataFeatureImpl::exportCompletions(std::vector<RimWellPath*, std::allocator<RimWellPath*> > const&, RicExportCompletionDataSettingsUi const&) at ResInsight/ApplicationLibCode/Commands/CompletionExportCommands/RicWellPathExportCompletionDataFeatureImpl.cpp:227
  [14] RicfExportWellPathCompletions::execute() at ResInsight/ApplicationLibCode/CommandFileInterface/RicfExportWellPathCompletions.cpp:184
  [15] RiaGrpcCommandService::Execute(grpc::ServerContext*, rips::CommandParams const*, rips::CommandReply*) at ResInsight/GrpcInterface/RiaGrpcCommandService.cpp:92
  [16] grpc::Status std::__invoke_impl<grpc::Status, grpc::Status (RiaGrpcCommandService::*&)(grpc::ServerContext*, rips::CommandParams const*, rips::CommandReply*), RiaGrpcCommandService&, grpc::ServerContext*, rips::CommandParams const*, rips::CommandReply*>(std::__invoke_memfun_ref, grpc::Status (RiaGrpcCommandService::*&)(grpc::ServerContext*, rips::CommandParams const*, rips::CommandReply*), RiaGrpcCommandService&, grpc::ServerContext*&&, rips::CommandParams const*&&, rips::CommandReply*&&) at /opt/rh/gcc-toolset-13/root/usr/include/c++/13/bits/invoke.h:67
  [17] std::function<grpc::Status (RiaGrpcCommandService&, grpc::ServerContext*, rips::CommandParams const*, rips::CommandReply*)>::operator()(RiaGrpcCommandService&, grpc::ServerContext*, rips::CommandParams const*, rips::CommandReply*) const at /opt/rh/gcc-toolset-13/root/usr/include/c++/13/bits/std_function.h:591
  [18] RiaGrpcServerImpl::processAllQueuedRequests() at ResInsight/GrpcInterface/RiaGrpcServer.cpp:197
  [19] RiaGrpcApplicationInterface::processRequests() at ResInsight/GrpcInterface/RiaGrpcApplicationInterface.cpp:115
  [20] RiaGrpcConsoleApplication::doIdleProcessing() at ResInsight/ApplicationExeCode/RiaGrpcConsoleApplication.cpp:33
  [21]  at :0
  [22] QTimer::timeout(QTimer::QPrivateSignal) at :0
  [23] QObject::event(QEvent*) at :0
  [24] QCoreApplication::notifyInternal2(QObject*, QEvent*) at :0
  [25] QTimerInfoList::activateTimers() at :0
  [26]  at :0
  [27] g_main_context_dispatch at :0
  [28] g_main_context_iterate.isra.20 at :0
  [29] g_main_context_iteration at :0
  [30] QEventDispatcherGlib::processEvents(QFlags<QEventLoop::ProcessEventsFlag>) at :0
  [31] QEventLoop::exec(QFlags<QEventLoop::ProcessEventsFlag>) at :0
  [32] QCoreApplication::exec() at :0
  [33] main at ResInsight/ApplicationExeCode/RiaMain.cpp:226
  [34] __libc_start_main at :0
  [35] _start at :0
  [36]  at :0
"
2026-08-07T22:22:00.137Z,2026.02.1,"  [0] performCrashLogging at ResInsight/ApplicationExeCode/RiaMainTools.cpp:147
  [1] manageSegFailureSA(int, siginfo_t*, void*) at ResInsight/ApplicationExeCode/RiaMainTools.cpp:227
  [2]  at :0
  [3] __GI_raise at :0
  [4] __GI_abort at :0
  [5] RigTransmissibilityCondenser::calculateCondensedTransmissibilities() at ResInsight/ApplicationLibCode/ReservoirDataModel/Completions/RigTransmissibilityCondenser.cpp:336
  [6] RigTransmissibilityCondenser::externalCells() at ResInsight/ApplicationLibCode/ReservoirDataModel/Completions/RigTransmissibilityCondenser.cpp:110
  [7] RicExportFractureCompletionsImpl::calculateMatrixToWellTransmissibilities(RigTransmissibilityCondenser&) at ResInsight/ApplicationLibCode/Commands/CompletionExportCommands/RicExportFractureCompletionsImpl.cpp:710
  [8] RicExportFractureCompletionsImpl::generateCompdatValuesConst(RimEclipseCase const*, QString const&, RigWellPath const*, std::vector<RimFracture const*, std::allocator<RimFracture const*> > const&, std::vector<RicWellPathFractureReportItem, std::allocator<RicWellPathFractureReportItem> >*, QTextStream*, RicExportFractureCompletionsImpl::PressureDepletionParameters) [clone ._omp_fn.0] at ResInsight/ApplicationLibCode/Commands/CompletionExportCommands/RicExportFractureCompletionsImpl.cpp:305
  [9] gomp_thread_start at :0
  [10] start_thread at :0
  [11] __GI___clone at :0
  [12]  at :0
"
2026-08-07T19:31:30.133Z,2026.02.1,"  [0] performCrashLogging at ResInsight/ApplicationExeCode/RiaMainTools.cpp:147
  [1] manageSegFailureSA(int, siginfo_t*, void*) at ResInsight/ApplicationExeCode/RiaMainTools.cpp:227
  [2]  at :0
  [3] __run_exit_handlers at :0
  [4] exit at :0
  [5] manageSegFailureSA(int, siginfo_t*, void*) at ResInsight/ApplicationExeCode/RiaMainTools.cpp:228
  [6]  at :0
  [7] __GI_raise at :0
  [8] __GI_abort at :0
  [9] RigTransmissibilityCondenser::calculateCondensedTransmissibilities() at ResInsight/ApplicationLibCode/ReservoirDataModel/Completions/RigTransmissibilityCondenser.cpp:336
  [10] RigTransmissibilityCondenser::externalCells() at ResInsight/ApplicationLibCode/ReservoirDataModel/Completions/RigTransmissibilityCondenser.cpp:110
  [11] RicExportFractureCompletionsImpl::calculateMatrixToWellTransmissibilities(RigTransmissibilityCondenser&) at ResInsight/ApplicationLibCode/Commands/CompletionExportCommands/RicExportFractureCompletionsImpl.cpp:710
  [12] RicExportFractureCompletionsImpl::generateCompdatValuesConst(RimEclipseCase const*, QString const&, RigWellPath const*, std::vector<RimFracture const*, std::allocator<RimFracture const*> > const&, std::vector<RicWellPathFractureReportItem, std::allocator<RicWellPathFractureReportItem> >*, QTextStream*, RicExportFractureCompletionsImpl::PressureDepletionParameters) [clone ._omp_fn.0] at ResInsight/ApplicationLibCode/Commands/CompletionExportCommands/RicExportFractureCompletionsImpl.cpp:305
  [13] gomp_thread_start at :0
  [14] start_thread at :0
  [15] __GI___clone at :0
  [16]  at :0
"
2026-08-07T19:31:20.283Z,2026.02.1,"  [0] performCrashLogging at ResInsight/ApplicationExeCode/RiaMainTools.cpp:147
  [1] manageSegFailureSA(int, siginfo_t*, void*) at ResInsight/ApplicationExeCode/RiaMainTools.cpp:227
  [2]  at :0
  [3] __GI_raise at :0
  [4] __GI_abort at :0
  [5] RigTransmissibilityCondenser::calculateCondensedTransmissibilities() at ResInsight/ApplicationLibCode/ReservoirDataModel/Completions/RigTransmissibilityCondenser.cpp:336
  [6] RigTransmissibilityCondenser::externalCells() at ResInsight/ApplicationLibCode/ReservoirDataModel/Completions/RigTransmissibilityCondenser.cpp:110
  [7] RicExportFractureCompletionsImpl::calculateMatrixToWellTransmissibilities(RigTransmissibilityCondenser&) at ResInsight/ApplicationLibCode/Commands/CompletionExportCommands/RicExportFractureCompletionsImpl.cpp:710
  [8] RicExportFractureCompletionsImpl::generateCompdatValuesConst(RimEclipseCase const*, QString const&, RigWellPath const*, std::vector<RimFracture const*, std::allocator<RimFracture const*> > const&, std::vector<RicWellPathFractureReportItem, std::allocator<RicWellPathFractureReportItem> >*, QTextStream*, RicExportFractureCompletionsImpl::PressureDepletionParameters) [clone ._omp_fn.0] at ResInsight/ApplicationLibCode/Commands/CompletionExportCommands/RicExportFractureCompletionsImpl.cpp:305
  [9] gomp_thread_start at :0
  [10] start_thread at :0
  [11] __GI___clone at :0
  [12]  at :0
"
2026-08-07T19:31:20.109Z,2026.02.1,"  [0] performCrashLogging at ResInsight/ApplicationExeCode/RiaMainTools.cpp:147
  [1] manageSegFailureSA(int, siginfo_t*, void*) at ResInsight/ApplicationExeCode/RiaMainTools.cpp:227
  [2]  at :0
  [3] __GI_raise at :0
  [4] __GI_abort at :0
  [5] RigTransmissibilityCondenser::calculateCondensedTransmissibilities() at ResInsight/ApplicationLibCode/ReservoirDataModel/Completions/RigTransmissibilityCondenser.cpp:336
  [6] RigTransmissibilityCondenser::externalCells() at ResInsight/ApplicationLibCode/ReservoirDataModel/Completions/RigTransmissibilityCondenser.cpp:110
  [7] RicExportFractureCompletionsImpl::calculateMatrixToWellTransmissibilities(RigTransmissibilityCondenser&) at ResInsight/ApplicationLibCode/Commands/CompletionExportCommands/RicExportFractureCompletionsImpl.cpp:710
  [8] RicExportFractureCompletionsImpl::generateCompdatValuesConst(RimEclipseCase const*, QString const&, RigWellPath const*, std::vector<RimFracture const*, std::allocator<RimFracture const*> > const&, std::vector<RicWellPathFractureReportItem, std::allocator<RicWellPathFractureReportItem> >*, QTextStream*, RicExportFractureCompletionsImpl::PressureDepletionParameters) [clone ._omp_fn.0] at ResInsight/ApplicationLibCode/Commands/CompletionExportCommands/RicExportFractureCompletionsImpl.cpp:305
  [9] gomp_thread_start at :0
  [10] start_thread at :0
  [11] __GI___clone at :0
  [12]  at :0
"
2026-08-07T19:31:20.061Z,2026.02.1,"  [0] performCrashLogging at ResInsight/ApplicationExeCode/RiaMainTools.cpp:147
  [1] manageSegFailureSA(int, siginfo_t*, void*) at ResInsight/ApplicationExeCode/RiaMainTools.cpp:227
  [2]  at :0
  [3] __GI_raise at :0
  [4] __GI_abort at :0
  [5] RigTransmissibilityCondenser::calculateCondensedTransmissibilities() at ResInsight/ApplicationLibCode/ReservoirDataModel/Completions/RigTransmissibilityCondenser.cpp:336
  [6] RigTransmissibilityCondenser::externalCells() at ResInsight/ApplicationLibCode/ReservoirDataModel/Completions/RigTransmissibilityCondenser.cpp:110
  [7] RicExportFractureCompletionsImpl::calculateMatrixToWellTransmissibilities(RigTransmissibilityCondenser&) at ResInsight/ApplicationLibCode/Commands/CompletionExportCommands/RicExportFractureCompletionsImpl.cpp:710
  [8] RicExportFractureCompletionsImpl::generateCompdatValuesConst(RimEclipseCase const*, QString const&, RigWellPath const*, std::vector<RimFracture const*, std::allocator<RimFracture const*> > const&, std::vector<RicWellPathFractureReportItem, std::allocator<RicWellPathFractureReportItem> >*, QTextStream*, RicExportFractureCompletionsImpl::PressureDepletionParameters) [clone ._omp_fn.0] at ResInsight/ApplicationLibCode/Commands/CompletionExportCommands/RicExportFractureCompletionsImpl.cpp:305
  [9] gomp_thread_start at :0
  [10] start_thread at :0
  [11] __GI___clone at :0
  [12]  at :0
"
2026-08-07T19:31:20.061Z,2026.02.1,"  [0] performCrashLogging at ResInsight/ApplicationExeCode/RiaMainTools.cpp:147
  [1] manageSegFailureSA(int, siginfo_t*, void*) at ResInsight/ApplicationExeCode/RiaMainTools.cpp:227
  [2]  at :0
  [3] __GI_raise at :0
  [4] __GI_abort at :0
  [5] RigTransmissibilityCondenser::calculateCondensedTransmissibilities() at ResInsight/ApplicationLibCode/ReservoirDataModel/Completions/RigTransmissibilityCondenser.cpp:336
  [6] RigTransmissibilityCondenser::externalCells() at ResInsight/ApplicationLibCode/ReservoirDataModel/Completions/RigTransmissibilityCondenser.cpp:110
  [7] RicExportFractureCompletionsImpl::calculateMatrixToWellTransmissibilities(RigTransmissibilityCondenser&) at ResInsight/ApplicationLibCode/Commands/CompletionExportCommands/RicExportFractureCompletionsImpl.cpp:710
  [8] RicExportFractureCompletionsImpl::generateCompdatValuesConst(RimEclipseCase const*, QString const&, RigWellPath const*, std::vector<RimFracture const*, std::allocator<RimFracture const*> > const&, std::vector<RicWellPathFractureReportItem, std::allocator<RicWellPathFractureReportItem> >*, QTextStream*, RicExportFractureCompletionsImpl::PressureDepletionParameters) [clone ._omp_fn.0] at ResInsight/ApplicationLibCode/Commands/CompletionExportCommands/RicExportFractureCompletionsImpl.cpp:305
  [9] gomp_thread_start at :0
  [10] start_thread at :0
  [11] __GI___clone at :0
  [12]  at :0
"
2026-08-07T19:18:42.349Z,2026.02.1,"  [0] performCrashLogging at ResInsight/ApplicationExeCode/RiaMainTools.cpp:147
  [1] manageSegFailureSA(int, siginfo_t*, void*) at ResInsight/ApplicationExeCode/RiaMainTools.cpp:227
  [2]  at :0
  [3] __GI_raise at :0
  [4] __GI_abort at :0
  [5] RigTransmissibilityCondenser::calculateCondensedTransmissibilities() at ResInsight/ApplicationLibCode/ReservoirDataModel/Completions/RigTransmissibilityCondenser.cpp:336
  [6] RigTransmissibilityCondenser::externalCells() at ResInsight/ApplicationLibCode/ReservoirDataModel/Completions/RigTransmissibilityCondenser.cpp:110
  [7] RicExportFractureCompletionsImpl::calculateMatrixToWellTransmissibilities(RigTransmissibilityCondenser&) at ResInsight/ApplicationLibCode/Commands/CompletionExportCommands/RicExportFractureCompletionsImpl.cpp:710
  [8] RicExportFractureCompletionsImpl::generateCompdatValuesConst(RimEclipseCase const*, QString const&, RigWellPath const*, std::vector<RimFracture const*, std::allocator<RimFracture const*> > const&, std::vector<RicWellPathFractureReportItem, std::allocator<RicWellPathFractureReportItem> >*, QTextStream*, RicExportFractureCompletionsImpl::PressureDepletionParameters) [clone ._omp_fn.0] at ResInsight/ApplicationLibCode/Commands/CompletionExportCommands/RicExportFractureCompletionsImpl.cpp:305
  [9] gomp_thread_start at :0
  [10] start_thread at :0
  [11] __GI___clone at :0
  [12]  at :0
"
2026-08-07T19:18:42.178Z,2026.02.1,"  [0] performCrashLogging at ResInsight/ApplicationExeCode/RiaMainTools.cpp:147
  [1] manageSegFailureSA(int, siginfo_t*, void*) at ResInsight/ApplicationExeCode/RiaMainTools.cpp:227
  [2]  at :0
  [3] __GI_raise at :0
  [4] __GI_abort at :0
  [5] RigTransmissibilityCondenser::calculateCondensedTransmissibilities() at ResInsight/ApplicationLibCode/ReservoirDataModel/Completions/RigTransmissibilityCondenser.cpp:336
  [6] RigTransmissibilityCondenser::externalCells() at ResInsight/ApplicationLibCode/ReservoirDataModel/Completions/RigTransmissibilityCondenser.cpp:110
  [7] RicExportFractureCompletionsImpl::calculateMatrixToWellTransmissibilities(RigTransmissibilityCondenser&) at ResInsight/ApplicationLibCode/Commands/CompletionExportCommands/RicExportFractureCompletionsImpl.cpp:710
  [8] RicExportFractureCompletionsImpl::generateCompdatValuesConst(RimEclipseCase const*, QString const&, RigWellPath const*, std::vector<RimFracture const*, std::allocator<RimFracture const*> > const&, std::vector<RicWellPathFractureReportItem, std::allocator<RicWellPathFractureReportItem> >*, QTextStream*, RicExportFractureCompletionsImpl::PressureDepletionParameters) [clone ._omp_fn.0] at ResInsight/ApplicationLibCode/Commands/CompletionExportCommands/RicExportFractureCompletionsImpl.cpp:305
  [9] gomp_thread_start at :0
  [10] start_thread at :0
  [11] __GI___clone at :0
  [12]  at :0
"
2026-08-07T19:18:42.126Z,2026.02.1,"  [0] performCrashLogging at ResInsight/ApplicationExeCode/RiaMainTools.cpp:147
  [1] manageSegFailureSA(int, siginfo_t*, void*) at ResInsight/ApplicationExeCode/RiaMainTools.cpp:227
  [2]  at :0
  [3] __GI_raise at :0
  [4] __GI_abort at :0
  [5] RigTransmissibilityCondenser::calculateCondensedTransmissibilities() at ResInsight/ApplicationLibCode/ReservoirDataModel/Completions/RigTransmissibilityCondenser.cpp:336
  [6] RigTransmissibilityCondenser::externalCells() at ResInsight/ApplicationLibCode/ReservoirDataModel/Completions/RigTransmissibilityCondenser.cpp:110
  [7] RicExportFractureCompletionsImpl::calculateMatrixToWellTransmissibilities(RigTransmissibilityCondenser&) at ResInsight/ApplicationLibCode/Commands/CompletionExportCommands/RicExportFractureCompletionsImpl.cpp:710
  [8] RicExportFractureCompletionsImpl::generateCompdatValuesConst(RimEclipseCase const*, QString const&, RigWellPath const*, std::vector<RimFracture const*, std::allocator<RimFracture const*> > const&, std::vector<RicWellPathFractureReportItem, std::allocator<RicWellPathFractureReportItem> >*, QTextStream*, RicExportFractureCompletionsImpl::PressureDepletionParameters) [clone ._omp_fn.0] at ResInsight/ApplicationLibCode/Commands/CompletionExportCommands/RicExportFractureCompletionsImpl.cpp:305
  [9] gomp_thread_start at :0
  [10] start_thread at :0
  [11] __GI___clone at :0
  [12]  at :0
"
2026-08-07T19:18:42.126Z,2026.02.1,"  [0] performCrashLogging at ResInsight/ApplicationExeCode/RiaMainTools.cpp:147
  [1] manageSegFailureSA(int, siginfo_t*, void*) at ResInsight/ApplicationExeCode/RiaMainTools.cpp:227
  [2]  at :0
  [3] __GI_raise at :0
  [4] __GI_abort at :0
  [5] RigTransmissibilityCondenser::calculateCondensedTransmissibilities() at ResInsight/ApplicationLibCode/ReservoirDataModel/Completions/RigTransmissibilityCondenser.cpp:336
  [6] RigTransmissibilityCondenser::externalCells() at ResInsight/ApplicationLibCode/ReservoirDataModel/Completions/RigTransmissibilityCondenser.cpp:110
  [7] RicExportFractureCompletionsImpl::calculateMatrixToWellTransmissibilities(RigTransmissibilityCondenser&) at ResInsight/ApplicationLibCode/Commands/CompletionExportCommands/RicExportFractureCompletionsImpl.cpp:710
  [8] RicExportFractureCompletionsImpl::generateCompdatValuesConst(RimEclipseCase const*, QString const&, RigWellPath const*, std::vector<RimFracture const*, std::allocator<RimFracture const*> > const&, std::vector<RicWellPathFractureReportItem, std::allocator<RicWellPathFractureReportItem> >*, QTextStream*, RicExportFractureCompletionsImpl::PressureDepletionParameters) [clone ._omp_fn.0] at ResInsight/ApplicationLibCode/Commands/CompletionExportCommands/RicExportFractureCompletionsImpl.cpp:305
  [9] gomp_thread_start at :0
  [10] start_thread at :0
  [11] __GI___clone at :0
  [12]  at :0
"
2026-08-07T18:53:44.042Z,2026.02.1,"  [0] performCrashLogging at ResInsight/ApplicationExeCode/RiaMainTools.cpp:147
  [1] manageSegFailureSA(int, siginfo_t*, void*) at ResInsight/ApplicationExeCode/RiaMainTools.cpp:227
  [2]  at :0
  [3] __GI_raise at :0
  [4] __GI_abort at :0
  [5] RigTransmissibilityCondenser::calculateCondensedTransmissibilities() at ResInsight/ApplicationLibCode/ReservoirDataModel/Completions/RigTransmissibilityCondenser.cpp:336
  [6] RigTransmissibilityCondenser::externalCells() at ResInsight/ApplicationLibCode/ReservoirDataModel/Completions/RigTransmissibilityCondenser.cpp:110
  [7] RicExportFractureCompletionsImpl::calculateMatrixToWellTransmissibilities(RigTransmissibilityCondenser&) at ResInsight/ApplicationLibCode/Commands/CompletionExportCommands/RicExportFractureCompletionsImpl.cpp:710
  [8] RicExportFractureCompletionsImpl::generateCompdatValuesConst(RimEclipseCase const*, QString const&, RigWellPath const*, std::vector<RimFracture const*, std::allocator<RimFracture const*> > const&, std::vector<RicWellPathFractureReportItem, std::allocator<RicWellPathFractureReportItem> >*, QTextStream*, RicExportFractureCompletionsImpl::PressureDepletionParameters) [clone ._omp_fn.0] at ResInsight/ApplicationLibCode/Commands/CompletionExportCommands/RicExportFractureCompletionsImpl.cpp:305
  [9] gomp_thread_start at :0
  [10] start_thread at :0
  [11] __GI___clone at :0
  [12]  at :0
"
2026-08-07T18:53:44.037Z,2026.02.1,"  [0] performCrashLogging at ResInsight/ApplicationExeCode/RiaMainTools.cpp:147
  [1] manageSegFailureSA(int, siginfo_t*, void*) at ResInsight/ApplicationExeCode/RiaMainTools.cpp:227
  [2]  at :0
  [3] __GI_raise at :0
  [4] __GI_abort at :0
  [5] RigTransmissibilityCondenser::calculateCondensedTransmissibilities() at ResInsight/ApplicationLibCode/ReservoirDataModel/Completions/RigTransmissibilityCondenser.cpp:336
  [6] RigTransmissibilityCondenser::externalCells() at ResInsight/ApplicationLibCode/ReservoirDataModel/Completions/RigTransmissibilityCondenser.cpp:110
  [7] RicExportFractureCompletionsImpl::calculateMatrixToWellTransmissibilities(RigTransmissibilityCondenser&) at ResInsight/ApplicationLibCode/Commands/CompletionExportCommands/RicExportFractureCompletionsImpl.cpp:710
  [8] RicExportFractureCompletionsImpl::generateCompdatValuesConst(RimEclipseCase const*, QString const&, RigWellPath const*, std::vector<RimFracture const*, std::allocator<RimFracture const*> > const&, std::vector<RicWellPathFractureReportItem, std::allocator<RicWellPathFractureReportItem> >*, QTextStream*, RicExportFractureCompletionsImpl::PressureDepletionParameters) [clone ._omp_fn.0] at ResInsight/ApplicationLibCode/Commands/CompletionExportCommands/RicExportFractureCompletionsImpl.cpp:305
  [9] gomp_thread_start at :0
  [10] start_thread at :0
  [11] __GI___clone at :0
  [12]  at :0
"
2026-08-07T18:53:44.036Z,2026.02.1,"  [0] performCrashLogging at ResInsight/ApplicationExeCode/RiaMainTools.cpp:147
  [1] manageSegFailureSA(int, siginfo_t*, void*) at ResInsight/ApplicationExeCode/RiaMainTools.cpp:227
  [2]  at :0
  [3] __GI_raise at :0
  [4] __GI_abort at :0
  [5] RigTransmissibilityCondenser::calculateCondensedTransmissibilities() at ResInsight/ApplicationLibCode/ReservoirDataModel/Completions/RigTransmissibilityCondenser.cpp:336
  [6] RigTransmissibilityCondenser::externalCells() at ResInsight/ApplicationLibCode/ReservoirDataModel/Completions/RigTransmissibilityCondenser.cpp:110
  [7] RicExportFractureCompletionsImpl::calculateMatrixToWellTransmissibilities(RigTransmissibilityCondenser&) at ResInsight/ApplicationLibCode/Commands/CompletionExportCommands/RicExportFractureCompletionsImpl.cpp:710
  [8] RicExportFractureCompletionsImpl::generateCompdatValuesConst(RimEclipseCase const*, QString const&, RigWellPath const*, std::vector<RimFracture const*, std::allocator<RimFracture const*> > const&, std::vector<RicWellPathFractureReportItem, std::allocator<RicWellPathFractureReportItem> >*, QTextStream*, RicExportFractureCompletionsImpl::PressureDepletionParameters) [clone ._omp_fn.0] at ResInsight/ApplicationLibCode/Commands/CompletionExportCommands/RicExportFractureCompletionsImpl.cpp:305
  [9] gomp_thread_start at :0
  [10] start_thread at :0
  [11] __GI___clone at :0
  [12]  at :0
"
2026-08-07T18:33:43.773Z,2026.02.1,"  [0] performCrashLogging at ResInsight/ApplicationExeCode/RiaMainTools.cpp:147
  [1] manageSegFailureSA(int, siginfo_t*, void*) at ResInsight/ApplicationExeCode/RiaMainTools.cpp:227
  [2]  at :0
  [3] __GI_raise at :0
  [4] __GI_abort at :0
  [5] RigTransmissibilityCondenser::calculateCondensedTransmissibilities() at ResInsight/ApplicationLibCode/ReservoirDataModel/Completions/RigTransmissibilityCondenser.cpp:336
  [6] RigTransmissibilityCondenser::externalCells() at ResInsight/ApplicationLibCode/ReservoirDataModel/Completions/RigTransmissibilityCondenser.cpp:110
  [7] RicExportFractureCompletionsImpl::calculateMatrixToWellTransmissibilities(RigTransmissibilityCondenser&) at ResInsight/ApplicationLibCode/Commands/CompletionExportCommands/RicExportFractureCompletionsImpl.cpp:710
  [8] RicExportFractureCompletionsImpl::generateCompdatValuesConst(RimEclipseCase const*, QString const&, RigWellPath const*, std::vector<RimFracture const*, std::allocator<RimFracture const*> > const&, std::vector<RicWellPathFractureReportItem, std::allocator<RicWellPathFractureReportItem> >*, QTextStream*, RicExportFractureCompletionsImpl::PressureDepletionParameters) [clone ._omp_fn.0] at ResInsight/ApplicationLibCode/Commands/CompletionExportCommands/RicExportFractureCompletionsImpl.cpp:305
  [9] GOMP_parallel at :0
  [10] RicExportFractureCompletionsImpl::generateCompdatValuesConst(RimEclipseCase const*, QString const&, RigWellPath const*, std::vector<RimFracture const*, std::allocator<RimFracture const*> > const&, std::vector<RicWellPathFractureReportItem, std::allocator<RicWellPathFractureReportItem> >*, QTextStream*, RicExportFractureCompletionsImpl::PressureDepletionParameters) at ResInsight/ApplicationLibCode/Commands/CompletionExportCommands/RicExportFractureCompletionsImpl.cpp:257
  [11] RicExportFractureCompletionsImpl::generateCompdatValues(RimEclipseCase*, QString const&, RigWellPath const*, std::vector<RimFracture const*, std::allocator<RimFracture const*> > const&, std::vector<RicWellPathFractureReportItem, std::allocator<RicWellPathFractureReportItem> >*, QTextStream*, RicExportFractureCompletionsImpl::PressureDepletionParameters) at ResInsight/ApplicationLibCode/Commands/CompletionExportCommands/RicExportFractureCompletionsImpl.cpp:169
  [12] RicExportFractureCompletionsImpl::generateCompdatValuesForWellPath(RimWellPath*, RimEclipseCase*, std::vector<RicWellPathFractureReportItem, std::allocator<RicWellPathFractureReportItem> >*, QTextStream*, RicExportFractureCompletionsImpl::PressureDepletionParameters) at ResInsight/ApplicationLibCode/Commands/CompletionExportCommands/RicExportFractureCompletionsImpl.cpp:94
  [13] RicWellPathExportCompletionDataFeatureImpl::exportCompletions(std::vector<RimWellPath*, std::allocator<RimWellPath*> > const&, RicExportCompletionDataSettingsUi const&) at ResInsight/ApplicationLibCode/Commands/CompletionExportCommands/RicWellPathExportCompletionDataFeatureImpl.cpp:227
  [14] RicfExportWellPathCompletions::execute() at ResInsight/ApplicationLibCode/CommandFileInterface/RicfExportWellPathCompletions.cpp:184
  [15] RiaGrpcCommandService::Execute(grpc::ServerContext*, rips::CommandParams const*, rips::CommandReply*) at ResInsight/GrpcInterface/RiaGrpcCommandService.cpp:92
  [16] grpc::Status std::__invoke_impl<grpc::Status, grpc::Status (RiaGrpcCommandService::*&)(grpc::ServerContext*, rips::CommandParams const*, rips::CommandReply*), RiaGrpcCommandService&, grpc::ServerContext*, rips::CommandParams const*, rips::CommandReply*>(std::__invoke_memfun_ref, grpc::Status (RiaGrpcCommandService::*&)(grpc::ServerContext*, rips::CommandParams const*, rips::CommandReply*), RiaGrpcCommandService&, grpc::ServerContext*&&, rips::CommandParams const*&&, rips::CommandReply*&&) at /opt/rh/gcc-toolset-13/root/usr/include/c++/13/bits/invoke.h:67
  [17] std::function<grpc::Status (RiaGrpcCommandService&, grpc::ServerContext*, rips::CommandParams const*, rips::CommandReply*)>::operator()(RiaGrpcCommandService&, grpc::ServerContext*, rips::CommandParams const*, rips::CommandReply*) const at /opt/rh/gcc-toolset-13/root/usr/include/c++/13/bits/std_function.h:591
  [18] RiaGrpcServerImpl::processAllQueuedRequests() at ResInsight/GrpcInterface/RiaGrpcServer.cpp:197
  [19] RiaGrpcApplicationInterface::processRequests() at ResInsight/GrpcInterface/RiaGrpcApplicationInterface.cpp:115
  [20] RiaGrpcConsoleApplication::doIdleProcessing() at ResInsight/ApplicationExeCode/RiaGrpcConsoleApplication.cpp:33
  [21]  at :0
  [22] QTimer::timeout(QTimer::QPrivateSignal) at :0
  [23] QObject::event(QEvent*) at :0
  [24] QCoreApplication::notifyInternal2(QObject*, QEvent*) at :0
  [25] QTimerInfoList::activateTimers() at :0
  [26]  at :0
  [27] g_main_context_dispatch at :0
  [28] g_main_context_iterate.isra.20 at :0
  [29] g_main_context_iteration at :0
  [30] QEventDispatcherGlib::processEvents(QFlags<QEventLoop::ProcessEventsFlag>) at :0
  [31] QEventLoop::exec(QFlags<QEventLoop::ProcessEventsFlag>) at :0
  [32] QCoreApplication::exec() at :0
  [33] main at ResInsight/ApplicationExeCode/RiaMain.cpp:226
  [34] __libc_start_main at :0
  [35] _start at :0
  [36]  at :0
"
2026-08-07T18:33:43.605Z,2026.02.1,"  [0] performCrashLogging at ResInsight/ApplicationExeCode/RiaMainTools.cpp:147
  [1] manageSegFailureSA(int, siginfo_t*, void*) at ResInsight/ApplicationExeCode/RiaMainTools.cpp:227
  [2]  at :0
  [3] __GI_raise at :0
  [4] __GI_abort at :0
  [5] RigTransmissibilityCondenser::calculateCondensedTransmissibilities() at ResInsight/ApplicationLibCode/ReservoirDataModel/Completions/RigTransmissibilityCondenser.cpp:336
  [6] RigTransmissibilityCondenser::externalCells() at ResInsight/ApplicationLibCode/ReservoirDataModel/Completions/RigTransmissibilityCondenser.cpp:110
  [7] RicExportFractureCompletionsImpl::calculateMatrixToWellTransmissibilities(RigTransmissibilityCondenser&) at ResInsight/ApplicationLibCode/Commands/CompletionExportCommands/RicExportFractureCompletionsImpl.cpp:710
  [8] RicExportFractureCompletionsImpl::generateCompdatValuesConst(RimEclipseCase const*, QString const&, RigWellPath const*, std::vector<RimFracture const*, std::allocator<RimFracture const*> > const&, std::vector<RicWellPathFractureReportItem, std::allocator<RicWellPathFractureReportItem> >*, QTextStream*, RicExportFractureCompletionsImpl::PressureDepletionParameters) [clone ._omp_fn.0] at ResInsight/ApplicationLibCode/Commands/CompletionExportCommands/RicExportFractureCompletionsImpl.cpp:305
  [9] gomp_thread_start at :0
  [10] start_thread at :0
  [11] __GI___clone at :0
  [12]  at :0
"
2026-08-07T18:33:43.604Z,2026.02.1,"  [0] performCrashLogging at ResInsight/ApplicationExeCode/RiaMainTools.cpp:147
  [1] manageSegFailureSA(int, siginfo_t*, void*) at ResInsight/ApplicationExeCode/RiaMainTools.cpp:227
  [2]  at :0
  [3] __GI_raise at :0
  [4] __GI_abort at :0
  [5] RigTransmissibilityCondenser::calculateCondensedTransmissibilities() at ResInsight/ApplicationLibCode/ReservoirDataModel/Completions/RigTransmissibilityCondenser.cpp:336
  [6] RigTransmissibilityCondenser::externalCells() at ResInsight/ApplicationLibCode/ReservoirDataModel/Completions/RigTransmissibilityCondenser.cpp:110
  [7] RicExportFractureCompletionsImpl::calculateMatrixToWellTransmissibilities(RigTransmissibilityCondenser&) at ResInsight/ApplicationLibCode/Commands/CompletionExportCommands/RicExportFractureCompletionsImpl.cpp:710
  [8] RicExportFractureCompletionsImpl::generateCompdatValuesConst(RimEclipseCase const*, QString const&, RigWellPath const*, std::vector<RimFracture const*, std::allocator<RimFracture const*> > const&, std::vector<RicWellPathFractureReportItem, std::allocator<RicWellPathFractureReportItem> >*, QTextStream*, RicExportFractureCompletionsImpl::PressureDepletionParameters) [clone ._omp_fn.0] at ResInsight/ApplicationLibCode/Commands/CompletionExportCommands/RicExportFractureCompletionsImpl.cpp:305
  [9] gomp_thread_start at :0
  [10] start_thread at :0
  [11] __GI___clone at :0
  [12]  at :0
"
2026-08-07T18:33:43.596Z,2026.02.1,"  [0] performCrashLogging at ResInsight/ApplicationExeCode/RiaMainTools.cpp:147
  [1] manageSegFailureSA(int, siginfo_t*, void*) at ResInsight/ApplicationExeCode/RiaMainTools.cpp:227
  [2]  at :0
  [3] __GI_raise at :0
  [4] __GI_abort at :0
  [5] RigTransmissibilityCondenser::calculateCondensedTransmissibilities() at ResInsight/ApplicationLibCode/ReservoirDataModel/Completions/RigTransmissibilityCondenser.cpp:336
  [6] RigTransmissibilityCondenser::externalCells() at ResInsight/ApplicationLibCode/ReservoirDataModel/Completions/RigTransmissibilityCondenser.cpp:110
  [7] RicExportFractureCompletionsImpl::calculateMatrixToWellTransmissibilities(RigTransmissibilityCondenser&) at ResInsight/ApplicationLibCode/Commands/CompletionExportCommands/RicExportFractureCompletionsImpl.cpp:710
  [8] RicExportFractureCompletionsImpl::generateCompdatValuesConst(RimEclipseCase const*, QString const&, RigWellPath const*, std::vector<RimFracture const*, std::allocator<RimFracture const*> > const&, std::vector<RicWellPathFractureReportItem, std::allocator<RicWellPathFractureReportItem> >*, QTextStream*, RicExportFractureCompletionsImpl::PressureDepletionParameters) [clone ._omp_fn.0] at ResInsight/ApplicationLibCode/Commands/CompletionExportCommands/RicExportFractureCompletionsImpl.cpp:305
  [9] gomp_thread_start at :0
  [10] start_thread at :0
  [11] __GI___clone at :0
  [12]  at :0
"
2026-08-07T18:33:43.596Z,2026.02.1,"  [0] performCrashLogging at ResInsight/ApplicationExeCode/RiaMainTools.cpp:147
  [1] manageSegFailureSA(int, siginfo_t*, void*) at ResInsight/ApplicationExeCode/RiaMainTools.cpp:227
  [2]  at :0
  [3] __GI_raise at :0
  [4] __GI_abort at :0
  [5] RigTransmissibilityCondenser::calculateCondensedTransmissibilities() at ResInsight/ApplicationLibCode/ReservoirDataModel/Completions/RigTransmissibilityCondenser.cpp:336
  [6] RigTransmissibilityCondenser::externalCells() at ResInsight/ApplicationLibCode/ReservoirDataModel/Completions/RigTransmissibilityCondenser.cpp:110
  [7] RicExportFractureCompletionsImpl::calculateMatrixToWellTransmissibilities(RigTransmissibilityCondenser&) at ResInsight/ApplicationLibCode/Commands/CompletionExportCommands/RicExportFractureCompletionsImpl.cpp:710
  [8] RicExportFractureCompletionsImpl::generateCompdatValuesConst(RimEclipseCase const*, QString const&, RigWellPath const*, std::vector<RimFracture const*, std::allocator<RimFracture const*> > const&, std::vector<RicWellPathFractureReportItem, std::allocator<RicWellPathFractureReportItem> >*, QTextStream*, RicExportFractureCompletionsImpl::PressureDepletionParameters) [clone ._omp_fn.0] at ResInsight/ApplicationLibCode/Commands/CompletionExportCommands/RicExportFractureCompletionsImpl.cpp:305
  [9] gomp_thread_start at :0
  [10] start_thread at :0
  [11] __GI___clone at :0
  [12]  at :0
"
2026-08-07T17:27:31.793Z,2026.02.1,"  [0] performCrashLogging at ResInsight/ApplicationExeCode/RiaMainTools.cpp:147
  [1] manageSegFailureSA(int, siginfo_t*, void*) at ResInsight/ApplicationExeCode/RiaMainTools.cpp:227
  [2]  at :0
  [3] __GI_raise at :0
  [4] __GI_abort at :0
  [5] RigTransmissibilityCondenser::calculateCondensedTransmissibilities() at ResInsight/ApplicationLibCode/ReservoirDataModel/Completions/RigTransmissibilityCondenser.cpp:336
  [6] RigTransmissibilityCondenser::externalCells() at ResInsight/ApplicationLibCode/ReservoirDataModel/Completions/RigTransmissibilityCondenser.cpp:110
  [7] RicExportFractureCompletionsImpl::calculateMatrixToWellTransmissibilities(RigTransmissibilityCondenser&) at ResInsight/ApplicationLibCode/Commands/CompletionExportCommands/RicExportFractureCompletionsImpl.cpp:710
  [8] RicExportFractureCompletionsImpl::generateCompdatValuesConst(RimEclipseCase const*, QString const&, RigWellPath const*, std::vector<RimFracture const*, std::allocator<RimFracture const*> > const&, std::vector<RicWellPathFractureReportItem, std::allocator<RicWellPathFractureReportItem> >*, QTextStream*, RicExportFractureCompletionsImpl::PressureDepletionParameters) [clone ._omp_fn.0] at ResInsight/ApplicationLibCode/Commands/CompletionExportCommands/RicExportFractureCompletionsImpl.cpp:305
  [9] gomp_thread_start at :0
  [10] start_thread at :0
  [11] __GI___clone at :0
  [12]  at :0
"
2026-08-07T17:12:32.572Z,2026.02.1,"  [0] performCrashLogging at ResInsight/ApplicationExeCode/RiaMainTools.cpp:147
  [1] manageSegFailureSA(int, siginfo_t*, void*) at ResInsight/ApplicationExeCode/RiaMainTools.cpp:227
  [2]  at :0
  [3] __GI_raise at :0
  [4] __GI_abort at :0
  [5] RigTransmissibilityCondenser::calculateCondensedTransmissibilities() at ResInsight/ApplicationLibCode/ReservoirDataModel/Completions/RigTransmissibilityCondenser.cpp:336
  [6] RigTransmissibilityCondenser::externalCells() at ResInsight/ApplicationLibCode/ReservoirDataModel/Completions/RigTransmissibilityCondenser.cpp:110
  [7] RicExportFractureCompletionsImpl::calculateMatrixToWellTransmissibilities(RigTransmissibilityCondenser&) at ResInsight/ApplicationLibCode/Commands/CompletionExportCommands/RicExportFractureCompletionsImpl.cpp:710
  [8] RicExportFractureCompletionsImpl::generateCompdatValuesConst(RimEclipseCase const*, QString const&, RigWellPath const*, std::vector<RimFracture const*, std::allocator<RimFracture const*> > const&, std::vector<RicWellPathFractureReportItem, std::allocator<RicWellPathFractureReportItem> >*, QTextStream*, RicExportFractureCompletionsImpl::PressureDepletionParameters) [clone ._omp_fn.0] at ResInsight/ApplicationLibCode/Commands/CompletionExportCommands/RicExportFractureCompletionsImpl.cpp:305
  [9] gomp_thread_start at :0
  [10] start_thread at :0
  [11] __GI___clone at :0
  [12]  at :0
"
2026-08-07T17:12:32.457Z,2026.02.1,"  [0] performCrashLogging at ResInsight/ApplicationExeCode/RiaMainTools.cpp:147
  [1] manageSegFailureSA(int, siginfo_t*, void*) at ResInsight/ApplicationExeCode/RiaMainTools.cpp:227
  [2]  at :0
  [3] __GI_raise at :0
  [4] __GI_abort at :0
  [5] RigTransmissibilityCondenser::calculateCondensedTransmissibilities() at ResInsight/ApplicationLibCode/ReservoirDataModel/Completions/RigTransmissibilityCondenser.cpp:336
  [6] RigTransmissibilityCondenser::externalCells() at ResInsight/ApplicationLibCode/ReservoirDataModel/Completions/RigTransmissibilityCondenser.cpp:110
  [7] RicExportFractureCompletionsImpl::calculateMatrixToWellTransmissibilities(RigTransmissibilityCondenser&) at ResInsight/ApplicationLibCode/Commands/CompletionExportCommands/RicExportFractureCompletionsImpl.cpp:710
  [8] RicExportFractureCompletionsImpl::generateCompdatValuesConst(RimEclipseCase const*, QString const&, RigWellPath const*, std::vector<RimFracture const*, std::allocator<RimFracture const*> > const&, std::vector<RicWellPathFractureReportItem, std::allocator<RicWellPathFractureReportItem> >*, QTextStream*, RicExportFractureCompletionsImpl::PressureDepletionParameters) [clone ._omp_fn.0] at ResInsight/ApplicationLibCode/Commands/CompletionExportCommands/RicExportFractureCompletionsImpl.cpp:305
  [9] gomp_thread_start at :0
  [10] start_thread at :0
  [11] __GI___clone at :0
  [12]  at :0
"
2026-08-07T17:12:32.447Z,2026.02.1,"  [0] performCrashLogging at ResInsight/ApplicationExeCode/RiaMainTools.cpp:147
  [1] manageSegFailureSA(int, siginfo_t*, void*) at ResInsight/ApplicationExeCode/RiaMainTools.cpp:227
  [2]  at :0
  [3] __GI_raise at :0
  [4] __GI_abort at :0
  [5] RigTransmissibilityCondenser::calculateCondensedTransmissibilities() at ResInsight/ApplicationLibCode/ReservoirDataModel/Completions/RigTransmissibilityCondenser.cpp:336
  [6] RigTransmissibilityCondenser::externalCells() at ResInsight/ApplicationLibCode/ReservoirDataModel/Completions/RigTransmissibilityCondenser.cpp:110
  [7] RicExportFractureCompletionsImpl::calculateMatrixToWellTransmissibilities(RigTransmissibilityCondenser&) at ResInsight/ApplicationLibCode/Commands/CompletionExportCommands/RicExportFractureCompletionsImpl.cpp:710
  [8] RicExportFractureCompletionsImpl::generateCompdatValuesConst(RimEclipseCase const*, QString const&, RigWellPath const*, std::vector<RimFracture const*, std::allocator<RimFracture const*> > const&, std::vector<RicWellPathFractureReportItem, std::allocator<RicWellPathFractureReportItem> >*, QTextStream*, RicExportFractureCompletionsImpl::PressureDepletionParameters) [clone ._omp_fn.0] at ResInsight/ApplicationLibCode/Commands/CompletionExportCommands/RicExportFractureCompletionsImpl.cpp:305
  [9] gomp_thread_start at :0
  [10] start_thread at :0
  [11] __GI___clone at :0
  [12]  at :0
"
2026-08-07T17:12:32.446Z,2026.02.1,"  [0] performCrashLogging at ResInsight/ApplicationExeCode/RiaMainTools.cpp:147
  [1] manageSegFailureSA(int, siginfo_t*, void*) at ResInsight/ApplicationExeCode/RiaMainTools.cpp:227
  [2]  at :0
  [3] __GI_raise at :0
  [4] __GI_abort at :0
  [5] RigTransmissibilityCondenser::calculateCondensedTransmissibilities() at ResInsight/ApplicationLibCode/ReservoirDataModel/Completions/RigTransmissibilityCondenser.cpp:336
  [6] RigTransmissibilityCondenser::externalCells() at ResInsight/ApplicationLibCode/ReservoirDataModel/Completions/RigTransmissibilityCondenser.cpp:110
  [7] RicExportFractureCompletionsImpl::calculateMatrixToWellTransmissibilities(RigTransmissibilityCondenser&) at ResInsight/ApplicationLibCode/Commands/CompletionExportCommands/RicExportFractureCompletionsImpl.cpp:710
  [8] RicExportFractureCompletionsImpl::generateCompdatValuesConst(RimEclipseCase const*, QString const&, RigWellPath const*, std::vector<RimFracture const*, std::allocator<RimFracture const*> > const&, std::vector<RicWellPathFractureReportItem, std::allocator<RicWellPathFractureReportItem> >*, QTextStream*, RicExportFractureCompletionsImpl::PressureDepletionParameters) [clone ._omp_fn.0] at ResInsight/ApplicationLibCode/Commands/CompletionExportCommands/RicExportFractureCompletionsImpl.cpp:305
  [9] gomp_thread_start at :0
  [10] start_thread at :0
  [11] __GI___clone at :0
  [12]  at :0
"
2026-08-07T12:43:41.714Z,2026.02.1,"  [0] performCrashLogging at ResInsight/ApplicationExeCode/RiaMainTools.cpp:147
  [1] manageSegFailureSA(int, siginfo_t*, void*) at ResInsight/ApplicationExeCode/RiaMainTools.cpp:227
  [2]  at :0
  [3] __GI_raise at :0
  [4] __GI_abort at :0
  [5] RigTransmissibilityCondenser::calculateCondensedTransmissibilities() at ResInsight/ApplicationLibCode/ReservoirDataModel/Completions/RigTransmissibilityCondenser.cpp:336
  [6] RigTransmissibilityCondenser::externalCells() at ResInsight/ApplicationLibCode/ReservoirDataModel/Completions/RigTransmissibilityCondenser.cpp:110
  [7] RicExportFractureCompletionsImpl::calculateMatrixToWellTransmissibilities(RigTransmissibilityCondenser&) at ResInsight/ApplicationLibCode/Commands/CompletionExportCommands/RicExportFractureCompletionsImpl.cpp:710
  [8] RicExportFractureCompletionsImpl::generateCompdatValuesConst(RimEclipseCase const*, QString const&, RigWellPath const*, std::vector<RimFracture const*, std::allocator<RimFracture const*> > const&, std::vector<RicWellPathFractureReportItem, std::allocator<RicWellPathFractureReportItem> >*, QTextStream*, RicExportFractureCompletionsImpl::PressureDepletionParameters) [clone ._omp_fn.0] at ResInsight/ApplicationLibCode/Commands/CompletionExportCommands/RicExportFractureCompletionsImpl.cpp:305
  [9] GOMP_parallel at :0
  [10] RicExportFractureCompletionsImpl::generateCompdatValuesConst(RimEclipseCase const*, QString const&, RigWellPath const*, std::vector<RimFracture const*, std::allocator<RimFracture const*> > const&, std::vector<RicWellPathFractureReportItem, std::allocator<RicWellPathFractureReportItem> >*, QTextStream*, RicExportFractureCompletionsImpl::PressureDepletionParameters) at ResInsight/ApplicationLibCode/Commands/CompletionExportCommands/RicExportFractureCompletionsImpl.cpp:257
  [11] RicExportFractureCompletionsImpl::generateCompdatValues(RimEclipseCase*, QString const&, RigWellPath const*, std::vector<RimFracture const*, std::allocator<RimFracture const*> > const&, std::vector<RicWellPathFractureReportItem, std::allocator<RicWellPathFractureReportItem> >*, QTextStream*, RicExportFractureCompletionsImpl::PressureDepletionParameters) at ResInsight/ApplicationLibCode/Commands/CompletionExportCommands/RicExportFractureCompletionsImpl.cpp:169
  [12] RicExportFractureCompletionsImpl::generateCompdatValuesForWellPath(RimWellPath*, RimEclipseCase*, std::vector<RicWellPathFractureReportItem, std::allocator<RicWellPathFractureReportItem> >*, QTextStream*, RicExportFractureCompletionsImpl::PressureDepletionParameters) at ResInsight/ApplicationLibCode/Commands/CompletionExportCommands/RicExportFractureCompletionsImpl.cpp:94
  [13] RicWellPathExportCompletionDataFeatureImpl::exportCompletions(std::vector<RimWellPath*, std::allocator<RimWellPath*> > const&, RicExportCompletionDataSettingsUi const&) at ResInsight/ApplicationLibCode/Commands/CompletionExportCommands/RicWellPathExportCompletionDataFeatureImpl.cpp:227
  [14] RicfExportWellPathCompletions::execute() at ResInsight/ApplicationLibCode/CommandFileInterface/RicfExportWellPathCompletions.cpp:184
  [15] RiaGrpcCommandService::Execute(grpc::ServerContext*, rips::CommandParams const*, rips::CommandReply*) at ResInsight/GrpcInterface/RiaGrpcCommandService.cpp:92
  [16] grpc::Status std::__invoke_impl<grpc::Status, grpc::Status (RiaGrpcCommandService::*&)(grpc::ServerContext*, rips::CommandParams const*, rips::CommandReply*), RiaGrpcCommandService&, grpc::ServerContext*, rips::CommandParams const*, rips::CommandReply*>(std::__invoke_memfun_ref, grpc::Status (RiaGrpcCommandService::*&)(grpc::ServerContext*, rips::CommandParams const*, rips::CommandReply*), RiaGrpcCommandService&, grpc::ServerContext*&&, rips::CommandParams const*&&, rips::CommandReply*&&) at /opt/rh/gcc-toolset-13/root/usr/include/c++/13/bits/invoke.h:67
  [17] std::function<grpc::Status (RiaGrpcCommandService&, grpc::ServerContext*, rips::CommandParams const*, rips::CommandReply*)>::operator()(RiaGrpcCommandService&, grpc::ServerContext*, rips::CommandParams const*, rips::CommandReply*) const at /opt/rh/gcc-toolset-13/root/usr/include/c++/13/bits/std_function.h:591
  [18] RiaGrpcServerImpl::processAllQueuedRequests() at ResInsight/GrpcInterface/RiaGrpcServer.cpp:197
  [19] RiaGrpcApplicationInterface::processRequests() at ResInsight/GrpcInterface/RiaGrpcApplicationInterface.cpp:115
  [20] RiaGrpcConsoleApplication::doIdleProcessing() at ResInsight/ApplicationExeCode/RiaGrpcConsoleApplication.cpp:33
  [21]  at :0
  [22] QTimer::timeout(QTimer::QPrivateSignal) at :0
  [23] QObject::event(QEvent*) at :0
  [24] QCoreApplication::notifyInternal2(QObject*, QEvent*) at :0
  [25] QTimerInfoList::activateTimers() at :0
  [26]  at :0
  [27] g_main_context_dispatch at :0
  [28] g_main_context_iterate.isra.20 at :0
  [29] g_main_context_iteration at :0
  [30] QEventDispatcherGlib::processEvents(QFlags<QEventLoop::ProcessEventsFlag>) at :0
  [31] QEventLoop::exec(QFlags<QEventLoop::ProcessEventsFlag>) at :0
  [32] QCoreApplication::exec() at :0
  [33] main at ResInsight/ApplicationExeCode/RiaMain.cpp:226
  [34] __libc_start_main at :0
  [35] _start at :0
  [36]  at :0
"
2026-08-07T12:43:41.469Z,2026.02.1,"  [0] performCrashLogging at ResInsight/ApplicationExeCode/RiaMainTools.cpp:147
  [1] manageSegFailureSA(int, siginfo_t*, void*) at ResInsight/ApplicationExeCode/RiaMainTools.cpp:227
  [2]  at :0
  [3] __GI_raise at :0
  [4] __GI_abort at :0
  [5] RigTransmissibilityCondenser::calculateCondensedTransmissibilities() at ResInsight/ApplicationLibCode/ReservoirDataModel/Completions/RigTransmissibilityCondenser.cpp:336
  [6] RigTransmissibilityCondenser::externalCells() at ResInsight/ApplicationLibCode/ReservoirDataModel/Completions/RigTransmissibilityCondenser.cpp:110
  [7] RicExportFractureCompletionsImpl::calculateMatrixToWellTransmissibilities(RigTransmissibilityCondenser&) at ResInsight/ApplicationLibCode/Commands/CompletionExportCommands/RicExportFractureCompletionsImpl.cpp:710
  [8] RicExportFractureCompletionsImpl::generateCompdatValuesConst(RimEclipseCase const*, QString const&, RigWellPath const*, std::vector<RimFracture const*, std::allocator<RimFracture const*> > const&, std::vector<RicWellPathFractureReportItem, std::allocator<RicWellPathFractureReportItem> >*, QTextStream*, RicExportFractureCompletionsImpl::PressureDepletionParameters) [clone ._omp_fn.0] at ResInsight/ApplicationLibCode/Commands/CompletionExportCommands/RicExportFractureCompletionsImpl.cpp:305
  [9] gomp_thread_start at :0
  [10] start_thread at :0
  [11] __GI___clone at :0
  [12]  at :0
"
2026-08-07T12:43:41.305Z,2026.02.1,"  [0] performCrashLogging at ResInsight/ApplicationExeCode/RiaMainTools.cpp:147
  [1] manageSegFailureSA(int, siginfo_t*, void*) at ResInsight/ApplicationExeCode/RiaMainTools.cpp:227
  [2]  at :0
  [3] __GI_raise at :0
  [4] __GI_abort at :0
  [5] RigTransmissibilityCondenser::calculateCondensedTransmissibilities() at ResInsight/ApplicationLibCode/ReservoirDataModel/Completions/RigTransmissibilityCondenser.cpp:336
  [6] RigTransmissibilityCondenser::externalCells() at ResInsight/ApplicationLibCode/ReservoirDataModel/Completions/RigTransmissibilityCondenser.cpp:110
  [7] RicExportFractureCompletionsImpl::calculateMatrixToWellTransmissibilities(RigTransmissibilityCondenser&) at ResInsight/ApplicationLibCode/Commands/CompletionExportCommands/RicExportFractureCompletionsImpl.cpp:710
  [8] RicExportFractureCompletionsImpl::generateCompdatValuesConst(RimEclipseCase const*, QString const&, RigWellPath const*, std::vector<RimFracture const*, std::allocator<RimFracture const*> > const&, std::vector<RicWellPathFractureReportItem, std::allocator<RicWellPathFractureReportItem> >*, QTextStream*, RicExportFractureCompletionsImpl::PressureDepletionParameters) [clone ._omp_fn.0] at ResInsight/ApplicationLibCode/Commands/CompletionExportCommands/RicExportFractureCompletionsImpl.cpp:305
  [9] gomp_thread_start at :0
  [10] start_thread at :0
  [11] __GI___clone at :0
  [12]  at :0
"
2026-08-07T12:43:41.208Z,2026.02.1,"  [0] performCrashLogging at ResInsight/ApplicationExeCode/RiaMainTools.cpp:147
  [1] manageSegFailureSA(int, siginfo_t*, void*) at ResInsight/ApplicationExeCode/RiaMainTools.cpp:227
  [2]  at :0
  [3] __GI_raise at :0
  [4] __GI_abort at :0
  [5] RigTransmissibilityCondenser::calculateCondensedTransmissibilities() at ResInsight/ApplicationLibCode/ReservoirDataModel/Completions/RigTransmissibilityCondenser.cpp:336
  [6] RigTransmissibilityCondenser::externalCells() at ResInsight/ApplicationLibCode/ReservoirDataModel/Completions/RigTransmissibilityCondenser.cpp:110
  [7] RicExportFractureCompletionsImpl::calculateMatrixToWellTransmissibilities(RigTransmissibilityCondenser&) at ResInsight/ApplicationLibCode/Commands/CompletionExportCommands/RicExportFractureCompletionsImpl.cpp:710
  [8] RicExportFractureCompletionsImpl::generateCompdatValuesConst(RimEclipseCase const*, QString const&, RigWellPath const*, std::vector<RimFracture const*, std::allocator<RimFracture const*> > const&, std::vector<RicWellPathFractureReportItem, std::allocator<RicWellPathFractureReportItem> >*, QTextStream*, RicExportFractureCompletionsImpl::PressureDepletionParameters) [clone ._omp_fn.0] at ResInsight/ApplicationLibCode/Commands/CompletionExportCommands/RicExportFractureCompletionsImpl.cpp:305
  [9] gomp_thread_start at :0
  [10] start_thread at :0
  [11] __GI___clone at :0
  [12]  at :0
"
2026-08-07T12:43:41.208Z,2026.02.1,"  [0] performCrashLogging at ResInsight/ApplicationExeCode/RiaMainTools.cpp:147
  [1] manageSegFailureSA(int, siginfo_t*, void*) at ResInsight/ApplicationExeCode/RiaMainTools.cpp:227
  [2]  at :0
  [3] __GI_raise at :0
  [4] __GI_abort at :0
  [5] RigTransmissibilityCondenser::calculateCondensedTransmissibilities() at ResInsight/ApplicationLibCode/ReservoirDataModel/Completions/RigTransmissibilityCondenser.cpp:336
  [6] RigTransmissibilityCondenser::externalCells() at ResInsight/ApplicationLibCode/ReservoirDataModel/Completions/RigTransmissibilityCondenser.cpp:110
  [7] RicExportFractureCompletionsImpl::calculateMatrixToWellTransmissibilities(RigTransmissibilityCondenser&) at ResInsight/ApplicationLibCode/Commands/CompletionExportCommands/RicExportFractureCompletionsImpl.cpp:710
  [8] RicExportFractureCompletionsImpl::generateCompdatValuesConst(RimEclipseCase const*, QString const&, RigWellPath const*, std::vector<RimFracture const*, std::allocator<RimFracture const*> > const&, std::vector<RicWellPathFractureReportItem, std::allocator<RicWellPathFractureReportItem> >*, QTextStream*, RicExportFractureCompletionsImpl::PressureDepletionParameters) [clone ._omp_fn.0] at ResInsight/ApplicationLibCode/Commands/CompletionExportCommands/RicExportFractureCompletionsImpl.cpp:305
  [9] gomp_thread_start at :0
  [10] start_thread at :0
  [11] __GI___clone at :0
  [12]  at :0
"
2026-08-07T12:29:48.362Z,2026.06.1,"  [0] performCrashLogging at ResInsight/ApplicationExeCode/RiaMainTools.cpp:170
  [1] manageSegFailureSA(int, siginfo_t*, void*) at ResInsight/ApplicationExeCode/RiaMainTools.cpp:302
  [2]  at :0
  [3] __GI_raise at :0
  [4] __GI_abort at :0
  [5] cvf::AssertHandlerConsole::handleAssert(char const*, int, char const*, char const*) at ResInsight/Fwk/VizFwk/LibCore/cvfAssert.cpp:125
  [6] RivTextureCoordsCreator::createTextureCoords(cvf::Array<cvf::Vector2<float> >*, cvf::StructGridQuadToCellFaceMapper const*, RigResultAccessor const*, RivResultToTextureMapper const*) at ResInsight/ApplicationLibCode/ModelVisualization/RivTextureCoordsCreator.cpp:102
  [7] RivGridPartMgr::updateCellResultColor(unsigned long, RimEclipseCellColors*) at ResInsight/ApplicationLibCode/ModelVisualization/RivGridPartMgr.cpp:325
  [8] RivReservoirPartMgr::updateCellResultColor(unsigned long, RimEclipseCellColors*) at ResInsight/ApplicationLibCode/ModelVisualization/RivReservoirPartMgr.cpp:129
  [9] RimEclipseView::updateVisibleCellColors() at ResInsight/ApplicationLibCode/ProjectDataModel/RimEclipseView.cpp:1119
  [10] RimEclipseView::onUpdateDisplayModelForCurrentTimeStep() at ResInsight/ApplicationLibCode/ProjectDataModel/RimEclipseView.cpp:951
  [11] Rim3dView::updateDisplayModelForCurrentTimeStepAndRedraw() at ResInsight/ApplicationLibCode/ProjectDataModel/Rim3dView.cpp:673
  [12] RiuViewer::setCurrentFrame(int) at ResInsight/ApplicationLibCode/UserInterface/RiuViewer.cpp:1042
  [13] RimViewLinker::updateTimeStep(Rim3dView*, int) at ResInsight/ApplicationLibCode/ProjectDataModel/RimViewLinker.cpp:119
  [14] non-virtual thunk to RimViewLinkerCollection::fieldChangedByUi(caf::PdmFieldHandle const*, QVariant const&, QVariant const&) at ResInsight/ApplicationLibCode/ProjectDataModel/RimViewLinkerCollection.h:48
  [15] caf::PdmUiFieldHandle::notifyFieldChanged(QVariant const&, QVariant const&) at ResInsight/Fwk/AppFwk/cafProjectDataModel/cafPdmUiCore/cafPdmUiFieldHandle.cpp:75
  [16] caf::PdmFieldUiCap<caf::PdmField<bool> >::setValueFromUiEditor(QVariant const&, bool) at ResInsight/Fwk/AppFwk/cafProjectDataModel/cafPdmUiCore/cafInternalPdmUiFieldCapability.inl:116
  [17] caf::CmdFieldChangeExec::redo() at ResInsight/Fwk/AppFwk/cafCommand/cafCmdFieldChangeExec.cpp:139
  [18] QUndoStack::push(QUndoCommand*) at :0
  [19] caf::CmdUiCommandSystemImpl::fieldChangedCommand(std::vector<caf::PdmFieldHandle*, std::allocator<caf::PdmFieldHandle*> > const&, QVariant const&) at ResInsight/Fwk/AppFwk/cafCommand/cafCmdUiCommandSystemImpl.cpp:146
  [20] caf::PdmUiCommandSystemProxy::setUiValueToField(caf::PdmUiFieldHandle*, QVariant const&) at ResInsight/Fwk/AppFwk/cafProjectDataModel/cafPdmUiCore/cafPdmUiCommandSystemProxy.cpp:113
  [21] caf::PdmUiTreeViewQModel::setData(QModelIndex const&, QVariant const&, int) at ResInsight/Fwk/AppFwk/cafUserInterface/cafPdmUiTreeViewQModel.cpp:761
  [22] QSortFilterProxyModel::setData(QModelIndex const&, QVariant const&, int) at :0
  [23] QStyledItemDelegate::editorEvent(QEvent*, QAbstractItemModel*, QStyleOptionViewItem const&, QModelIndex const&) at :0
  [24]  at :0
  [25] QAbstractItemView::edit(QModelIndex const&, QAbstractItemView::EditTrigger, QEvent*) at :0
  [26] QAbstractItemView::mouseReleaseEvent(QMouseEvent*) at :0
  [27] QWidget::event(QEvent*) at :0
  [28] QFrame::event(QEvent*) at :0
  [29] QCoreApplicationPrivate::sendThroughObjectEventFilters(QObject*, QEvent*) at :0
  [30] QApplicationPrivate::notify_helper(QObject*, QEvent*) at :0
  [31] QApplication::notify(QObject*, QEvent*) at :0
  [32] RiaGuiApplication::notify(QObject*, QEvent*) at ResInsight/ApplicationLibCode/Application/RiaGuiApplication.cpp:1828
  [33] QCoreApplication::notifyInternal2(QObject*, QEvent*) at :0
  [34] QApplicationPrivate::sendMouseEvent(QWidget*, QMouseEvent*, QWidget*, QWidget*, QWidget**, QPointer<QWidget>&, bool, bool) at :0
  [35]  at :0
  [36]  at :0
  [37] QApplicationPrivate::notify_helper(QObject*, QEvent*) at :0
  [38] RiaGuiApplication::notify(QObject*, QEvent*) at ResInsight/ApplicationLibCode/Application/RiaGuiApplication.cpp:1828
  [39] QCoreApplication::notifyInternal2(QObject*, QEvent*) at :0
  [40] QGuiApplicationPrivate::processMouseEvent(QWindowSystemInterfacePrivate::MouseEvent*) at :0
  [41] QWindowSystemInterface::sendWindowSystemEvents(QFlags<QEventLoop::ProcessEventsFlag>) at :0
  [42]  at :0
  [43] g_main_context_dispatch at :0
  [44] g_main_context_iterate.isra.20 at :0
  [45] g_main_context_iteration at :0
  [46] QEventDispatcherGlib::processEvents(QFlags<QEventLoop::ProcessEventsFlag>) at :0
  [47] QEventLoop::exec(QFlags<QEventLoop::ProcessEventsFlag>) at :0
  [48] QCoreApplication::exec() at :0
  [49] main at ResInsight/ApplicationExeCode/RiaMain.cpp:267
  [50] __libc_start_main at :0
  [51] _start at :0
  [52]  at :0
"
2026-08-07T12:27:26.263Z,2026.02.1,"  [0] performCrashLogging at ResInsight/ApplicationExeCode/RiaMainTools.cpp:147
  [1] manageSegFailureSA(int, siginfo_t*, void*) at ResInsight/ApplicationExeCode/RiaMainTools.cpp:227
  [2]  at :0
  [3] __GI_raise at :0
  [4] __GI_abort at :0
  [5] RigTransmissibilityCondenser::calculateCondensedTransmissibilities() at ResInsight/ApplicationLibCode/ReservoirDataModel/Completions/RigTransmissibilityCondenser.cpp:336
  [6] RigTransmissibilityCondenser::externalCells() at ResInsight/ApplicationLibCode/ReservoirDataModel/Completions/RigTransmissibilityCondenser.cpp:110
  [7] RicExportFractureCompletionsImpl::calculateMatrixToWellTransmissibilities(RigTransmissibilityCondenser&) at ResInsight/ApplicationLibCode/Commands/CompletionExportCommands/RicExportFractureCompletionsImpl.cpp:710
  [8] RicExportFractureCompletionsImpl::generateCompdatValuesConst(RimEclipseCase const*, QString const&, RigWellPath const*, std::vector<RimFracture const*, std::allocator<RimFracture const*> > const&, std::vector<RicWellPathFractureReportItem, std::allocator<RicWellPathFractureReportItem> >*, QTextStream*, RicExportFractureCompletionsImpl::PressureDepletionParameters) [clone ._omp_fn.0] at ResInsight/ApplicationLibCode/Commands/CompletionExportCommands/RicExportFractureCompletionsImpl.cpp:305
  [9] gomp_thread_start at :0
  [10] start_thread at :0
  [11] __GI___clone at :0
  [12]  at :0
"
2026-08-07T12:27:26.263Z,2026.02.1,"  [0] performCrashLogging at ResInsight/ApplicationExeCode/RiaMainTools.cpp:147
  [1] manageSegFailureSA(int, siginfo_t*, void*) at ResInsight/ApplicationExeCode/RiaMainTools.cpp:227
  [2]  at :0
  [3] __GI_raise at :0
  [4] __GI_abort at :0
  [5] RigTransmissibilityCondenser::calculateCondensedTransmissibilities() at ResInsight/ApplicationLibCode/ReservoirDataModel/Completions/RigTransmissibilityCondenser.cpp:336
  [6] RigTransmissibilityCondenser::externalCells() at ResInsight/ApplicationLibCode/ReservoirDataModel/Completions/RigTransmissibilityCondenser.cpp:110
  [7] RicExportFractureCompletionsImpl::calculateMatrixToWellTransmissibilities(RigTransmissibilityCondenser&) at ResInsight/ApplicationLibCode/Commands/CompletionExportCommands/RicExportFractureCompletionsImpl.cpp:710
  [8] RicExportFractureCompletionsImpl::generateCompdatValuesConst(RimEclipseCase const*, QString const&, RigWellPath const*, std::vector<RimFracture const*, std::allocator<RimFracture const*> > const&, std::vector<RicWellPathFractureReportItem, std::allocator<RicWellPathFractureReportItem> >*, QTextStream*, RicExportFractureCompletionsImpl::PressureDepletionParameters) [clone ._omp_fn.0] at ResInsight/ApplicationLibCode/Commands/CompletionExportCommands/RicExportFractureCompletionsImpl.cpp:305
  [9] gomp_thread_start at :0
  [10] start_thread at :0
  [11] __GI___clone at :0
  [12]  at :0
"
2026-08-07T12:16:23.5Z,2026.02.2,"  [0] performCrashLogging at ResInsight/ApplicationExeCode/RiaMainTools.cpp:147
  [1] manageSegFailureSA(int, siginfo_t*, void*) at ResInsight/ApplicationExeCode/RiaMainTools.cpp:227
  [2]  at :0
  [3] cvf::ref<RigActiveCellInfo>::p() at ResInsight/Fwk/VizFwk/LibCore/cvfObject.inl:307
  [4] RimIdenticalGridCaseGroup::computeUnionOfActiveCells() at ResInsight/ApplicationLibCode/ProjectDataModel/RimIdenticalGridCaseGroup.cpp:297
  [5] RimIdenticalGridCaseGroup::loadMainCaseAndActiveCellInfo() at ResInsight/ApplicationLibCode/ProjectDataModel/RimIdenticalGridCaseGroup.cpp:234
  [6] RiaApplication::loadProject(QString const&, RiaApplication::ProjectLoadAction, RiaProjectModifier*) at ResInsight/ApplicationLibCode/Application/RiaApplication.cpp:609
  [7] RiaApplication::openFile(QString const&) at ResInsight/ApplicationLibCode/Application/RiaApplication.cpp:410
  [8] RiuRecentFileActionProvider::slotOpenRecentFile() at ResInsight/ApplicationLibCode/UserInterface/RiuRecentFileActionProvider.cpp:134
  [9]  at :0
  [10] QAction::triggered(bool) at :0
  [11] QAction::activate(QAction::ActionEvent) at :0
  [12]  at :0
  [13]  at :0
  [14] QWidget::event(QEvent*) at :0
  [15] QApplicationPrivate::notify_helper(QObject*, QEvent*) at :0
  [16] QApplication::notify(QObject*, QEvent*) at :0
  [17] RiaGuiApplication::notify(QObject*, QEvent*) at ResInsight/ApplicationLibCode/Application/RiaGuiApplication.cpp:1823
  [18] QCoreApplication::notifyInternal2(QObject*, QEvent*) at :0
  [19]  at :0
  [20] QMenu::mouseReleaseEvent(QMouseEvent*) at :0
  [21] QWidget::event(QEvent*) at :0
  [22] QApplicationPrivate::notify_helper(QObject*, QEvent*) at :0
  [23] QApplication::notify(QObject*, QEvent*) at :0
  [24] RiaGuiApplication::notify(QObject*, QEvent*) at ResInsight/ApplicationLibCode/Application/RiaGuiApplication.cpp:1823
  [25] QCoreApplication::notifyInternal2(QObject*, QEvent*) at :0
  [26] QApplicationPrivate::sendMouseEvent(QWidget*, QMouseEvent*, QWidget*, QWidget*, QWidget**, QPointer<QWidget>&, bool, bool) at :0
  [27]  at :0
  [28]  at :0
  [29] QApplicationPrivate::notify_helper(QObject*, QEvent*) at :0
  [30] RiaGuiApplication::notify(QObject*, QEvent*) at ResInsight/ApplicationLibCode/Application/RiaGuiApplication.cpp:1823
  [31] QCoreApplication::notifyInternal2(QObject*, QEvent*) at :0
  [32] QGuiApplicationPrivate::processMouseEvent(QWindowSystemInterfacePrivate::MouseEvent*) at :0
  [33] QWindowSystemInterface::sendWindowSystemEvents(QFlags<QEventLoop::ProcessEventsFlag>) at :0
  [34]  at :0
  [35] g_main_context_dispatch at :0
  [36] g_main_context_iterate.isra.20 at :0
  [37] g_main_context_iteration at :0
  [38] QEventDispatcherGlib::processEvents(QFlags<QEventLoop::ProcessEventsFlag>) at :0
  [39] QEventLoop::exec(QFlags<QEventLoop::ProcessEventsFlag>) at :0
  [40] QCoreApplication::exec() at :0
  [41] main at ResInsight/ApplicationExeCode/RiaMain.cpp:226
  [42] __libc_start_main at :0
  [43] _start at :0
  [44]  at :0
"
2026-08-07T12:07:46.932Z,2026.06.1,"  [0] performCrashLogging at ResInsight/ApplicationExeCode/RiaMainTools.cpp:170
  [1] manageSegFailureSA(int, siginfo_t*, void*) at ResInsight/ApplicationExeCode/RiaMainTools.cpp:302
  [2]  at :0
  [3] cvf::ref<RigActiveCellInfo>::p() at ResInsight/Fwk/VizFwk/LibCore/cvfObject.inl:307
  [4] RimIdenticalGridCaseGroup::computeUnionOfActiveCells() at ResInsight/ApplicationLibCode/ProjectDataModel/RimIdenticalGridCaseGroup.cpp:314
  [5] RimIdenticalGridCaseGroup::loadMainCaseAndActiveCellInfo() at ResInsight/ApplicationLibCode/ProjectDataModel/RimIdenticalGridCaseGroup.cpp:235
  [6] RiaApplication::loadProject(QString const&, RiaApplication::ProjectLoadAction, RiaProjectModifier*) at ResInsight/ApplicationLibCode/Application/RiaApplication.cpp:630
  [7] RicOpenProjectFeature::onActionTriggered(bool) at ResInsight/ApplicationLibCode/Commands/ApplicationCommands/RicOpenProjectFeature.cpp:50
  [8] caf::CmdFeature::actionTriggered(bool) at ResInsight/Fwk/AppFwk/cafCommand/cafCmdFeature.cpp:176
  [9]  at :0
  [10] QAction::triggered(bool) at :0
  [11] QAction::activate(QAction::ActionEvent) at :0
  [12]  at :0
  [13]  at :0
  [14] QWidget::event(QEvent*) at :0
  [15] QApplicationPrivate::notify_helper(QObject*, QEvent*) at :0
  [16] QApplication::notify(QObject*, QEvent*) at :0
  [17] RiaGuiApplication::notify(QObject*, QEvent*) at ResInsight/ApplicationLibCode/Application/RiaGuiApplication.cpp:1828
  [18] QCoreApplication::notifyInternal2(QObject*, QEvent*) at :0
  [19] QApplicationPrivate::sendMouseEvent(QWidget*, QMouseEvent*, QWidget*, QWidget*, QWidget**, QPointer<QWidget>&, bool, bool) at :0
  [20]  at :0
  [21]  at :0
  [22] QApplicationPrivate::notify_helper(QObject*, QEvent*) at :0
  [23] RiaGuiApplication::notify(QObject*, QEvent*) at ResInsight/ApplicationLibCode/Application/RiaGuiApplication.cpp:1828
  [24] QCoreApplication::notifyInternal2(QObject*, QEvent*) at :0
  [25] QGuiApplicationPrivate::processMouseEvent(QWindowSystemInterfacePrivate::MouseEvent*) at :0
  [26] QWindowSystemInterface::sendWindowSystemEvents(QFlags<QEventLoop::ProcessEventsFlag>) at :0
  [27]  at :0
  [28] g_main_context_dispatch at :0
  [29] g_main_context_iterate.isra.20 at :0
  [30] g_main_context_iteration at :0
  [31] QEventDispatcherGlib::processEvents(QFlags<QEventLoop::ProcessEventsFlag>) at :0
  [32] QEventLoop::exec(QFlags<QEventLoop::ProcessEventsFlag>) at :0
  [33] QCoreApplication::exec() at :0
  [34] main at ResInsight/ApplicationExeCode/RiaMain.cpp:267
  [35] __libc_start_main at :0
  [36] _start at :0
  [37]  at :0
"
2026-08-07T12:05:21.879Z,2026.06.1,"  [0] performCrashLogging at ResInsight/ApplicationExeCode/RiaMainTools.cpp:170
  [1] manageSegFailureSA(int, siginfo_t*, void*) at ResInsight/ApplicationExeCode/RiaMainTools.cpp:302
  [2]  at :0
  [3] cvf::ref<RigActiveCellInfo>::p() at ResInsight/Fwk/VizFwk/LibCore/cvfObject.inl:307
  [4] RimIdenticalGridCaseGroup::computeUnionOfActiveCells() at ResInsight/ApplicationLibCode/ProjectDataModel/RimIdenticalGridCaseGroup.cpp:314
  [5] RimIdenticalGridCaseGroup::loadMainCaseAndActiveCellInfo() at ResInsight/ApplicationLibCode/ProjectDataModel/RimIdenticalGridCaseGroup.cpp:235
  [6] RiaApplication::loadProject(QString const&, RiaApplication::ProjectLoadAction, RiaProjectModifier*) at ResInsight/ApplicationLibCode/Application/RiaApplication.cpp:630
  [7] RiaApplication::openFile(QString const&) at ResInsight/ApplicationLibCode/Application/RiaApplication.cpp:420
  [8] RiuRecentFileActionProvider::slotOpenRecentFile() at ResInsight/ApplicationLibCode/UserInterface/RiuRecentFileActionProvider.cpp:149
  [9]  at :0
  [10] QAction::triggered(bool) at :0
  [11] QAction::activate(QAction::ActionEvent) at :0
  [12]  at :0
  [13]  at :0
  [14] QWidget::event(QEvent*) at :0
  [15] QApplicationPrivate::notify_helper(QObject*, QEvent*) at :0
  [16] QApplication::notify(QObject*, QEvent*) at :0
  [17] RiaGuiApplication::notify(QObject*, QEvent*) at ResInsight/ApplicationLibCode/Application/RiaGuiApplication.cpp:1828
  [18] QCoreApplication::notifyInternal2(QObject*, QEvent*) at :0
  [19] QApplicationPrivate::sendMouseEvent(QWidget*, QMouseEvent*, QWidget*, QWidget*, QWidget**, QPointer<QWidget>&, bool, bool) at :0
  [20]  at :0
  [21]  at :0
  [22] QApplicationPrivate::notify_helper(QObject*, QEvent*) at :0
  [23] RiaGuiApplication::notify(QObject*, QEvent*) at ResInsight/ApplicationLibCode/Application/RiaGuiApplication.cpp:1828
  [24] QCoreApplication::notifyInternal2(QObject*, QEvent*) at :0
  [25] QGuiApplicationPrivate::processMouseEvent(QWindowSystemInterfacePrivate::MouseEvent*) at :0
  [26] QWindowSystemInterface::sendWindowSystemEvents(QFlags<QEventLoop::ProcessEventsFlag>) at :0
  [27]  at :0
  [28] g_main_context_dispatch at :0
  [29] g_main_context_iterate.isra.20 at :0
  [30] g_main_context_iteration at :0
  [31] QEventDispatcherGlib::processEvents(QFlags<QEventLoop::ProcessEventsFlag>) at :0
  [32] QEventLoop::exec(QFlags<QEventLoop::ProcessEventsFlag>) at :0
  [33] QCoreApplication::exec() at :0
  [34] main at ResInsight/ApplicationExeCode/RiaMain.cpp:267
  [35] __libc_start_main at :0
  [36] _start at :0
  [37]  at :0
"
2026-08-07T12:03:38.815Z,2026.06.1,"  [0] performCrashLogging at ResInsight/ApplicationExeCode/RiaMainTools.cpp:170
  [1] manageSegFailureSA(int, siginfo_t*, void*) at ResInsight/ApplicationExeCode/RiaMainTools.cpp:302
  [2]  at :0
  [3] cvf::ref<RigActiveCellInfo>::p() at ResInsight/Fwk/VizFwk/LibCore/cvfObject.inl:307
  [4] RimIdenticalGridCaseGroup::computeUnionOfActiveCells() at ResInsight/ApplicationLibCode/ProjectDataModel/RimIdenticalGridCaseGroup.cpp:314
  [5] RimIdenticalGridCaseGroup::loadMainCaseAndActiveCellInfo() at ResInsight/ApplicationLibCode/ProjectDataModel/RimIdenticalGridCaseGroup.cpp:235
  [6] RiaApplication::loadProject(QString const&, RiaApplication::ProjectLoadAction, RiaProjectModifier*) at ResInsight/ApplicationLibCode/Application/RiaApplication.cpp:630
  [7] RiaApplication::openFile(QString const&) at ResInsight/ApplicationLibCode/Application/RiaApplication.cpp:420
  [8] RiuRecentFileActionProvider::slotOpenRecentFile() at ResInsight/ApplicationLibCode/UserInterface/RiuRecentFileActionProvider.cpp:149
  [9]  at :0
  [10] QAction::triggered(bool) at :0
  [11] QAction::activate(QAction::ActionEvent) at :0
  [12]  at :0
  [13]  at :0
  [14] QWidget::event(QEvent*) at :0
  [15] QApplicationPrivate::notify_helper(QObject*, QEvent*) at :0
  [16] QApplication::notify(QObject*, QEvent*) at :0
  [17] RiaGuiApplication::notify(QObject*, QEvent*) at ResInsight/ApplicationLibCode/Application/RiaGuiApplication.cpp:1828
  [18] QCoreApplication::notifyInternal2(QObject*, QEvent*) at :0
  [19] QApplicationPrivate::sendMouseEvent(QWidget*, QMouseEvent*, QWidget*, QWidget*, QWidget**, QPointer<QWidget>&, bool, bool) at :0
  [20]  at :0
  [21]  at :0
  [22] QApplicationPrivate::notify_helper(QObject*, QEvent*) at :0
  [23] RiaGuiApplication::notify(QObject*, QEvent*) at ResInsight/ApplicationLibCode/Application/RiaGuiApplication.cpp:1828
  [24] QCoreApplication::notifyInternal2(QObject*, QEvent*) at :0
  [25] QGuiApplicationPrivate::processMouseEvent(QWindowSystemInterfacePrivate::MouseEvent*) at :0
  [26] QWindowSystemInterface::sendWindowSystemEvents(QFlags<QEventLoop::ProcessEventsFlag>) at :0
  [27]  at :0
  [28] g_main_context_dispatch at :0
  [29] g_main_context_iterate.isra.20 at :0
  [30] g_main_context_iteration at :0
  [31] QEventDispatcherGlib::processEvents(QFlags<QEventLoop::ProcessEventsFlag>) at :0
  [32] QEventLoop::exec(QFlags<QEventLoop::ProcessEventsFlag>) at :0
  [33] QCoreApplication::exec() at :0
  [34] main at ResInsight/ApplicationExeCode/RiaMain.cpp:267
  [35] __libc_start_main at :0
  [36] _start at :0
  [37]  at :0
"
2026-08-07T12:02:03.752Z,2026.06.1,"  [0] performCrashLogging at ResInsight/ApplicationExeCode/RiaMainTools.cpp:170
  [1] manageSegFailureSA(int, siginfo_t*, void*) at ResInsight/ApplicationExeCode/RiaMainTools.cpp:302
  [2]  at :0
  [3] cvf::ref<RigActiveCellInfo>::p() at ResInsight/Fwk/VizFwk/LibCore/cvfObject.inl:307
  [4] RimIdenticalGridCaseGroup::computeUnionOfActiveCells() at ResInsight/ApplicationLibCode/ProjectDataModel/RimIdenticalGridCaseGroup.cpp:314
  [5] RimIdenticalGridCaseGroup::loadMainCaseAndActiveCellInfo() at ResInsight/ApplicationLibCode/ProjectDataModel/RimIdenticalGridCaseGroup.cpp:235
  [6] RiaApplication::loadProject(QString const&, RiaApplication::ProjectLoadAction, RiaProjectModifier*) at ResInsight/ApplicationLibCode/Application/RiaApplication.cpp:630
  [7] RicOpenProjectFeature::onActionTriggered(bool) at ResInsight/ApplicationLibCode/Commands/ApplicationCommands/RicOpenProjectFeature.cpp:50
  [8] caf::CmdFeature::actionTriggered(bool) at ResInsight/Fwk/AppFwk/cafCommand/cafCmdFeature.cpp:176
  [9]  at :0
  [10] QAction::triggered(bool) at :0
  [11] QAction::activate(QAction::ActionEvent) at :0
  [12]  at :0
  [13]  at :0
  [14] QWidget::event(QEvent*) at :0
  [15] QApplicationPrivate::notify_helper(QObject*, QEvent*) at :0
  [16] QApplication::notify(QObject*, QEvent*) at :0
  [17] RiaGuiApplication::notify(QObject*, QEvent*) at ResInsight/ApplicationLibCode/Application/RiaGuiApplication.cpp:1828
  [18] QCoreApplication::notifyInternal2(QObject*, QEvent*) at :0
  [19] QApplicationPrivate::sendMouseEvent(QWidget*, QMouseEvent*, QWidget*, QWidget*, QWidget**, QPointer<QWidget>&, bool, bool) at :0
  [20]  at :0
  [21]  at :0
  [22] QApplicationPrivate::notify_helper(QObject*, QEvent*) at :0
  [23] RiaGuiApplication::notify(QObject*, QEvent*) at ResInsight/ApplicationLibCode/Application/RiaGuiApplication.cpp:1828
  [24] QCoreApplication::notifyInternal2(QObject*, QEvent*) at :0
  [25] QGuiApplicationPrivate::processMouseEvent(QWindowSystemInterfacePrivate::MouseEvent*) at :0
  [26] QWindowSystemInterface::sendWindowSystemEvents(QFlags<QEventLoop::ProcessEventsFlag>) at :0
  [27]  at :0
  [28] g_main_context_dispatch at :0
  [29] g_main_context_iterate.isra.20 at :0
  [30] g_main_context_iteration at :0
  [31] QEventDispatcherGlib::processEvents(QFlags<QEventLoop::ProcessEventsFlag>) at :0
  [32] QEventLoop::exec(QFlags<QEventLoop::ProcessEventsFlag>) at :0
  [33] QCoreApplication::exec() at :0
  [34] main at ResInsight/ApplicationExeCode/RiaMain.cpp:267
  [35] __libc_start_main at :0
  [36] _start at :0
  [37]  at :0
"
2026-08-07T11:58:25.633Z,2026.02.1,"  [0] performCrashLogging at ResInsight/ApplicationExeCode/RiaMainTools.cpp:147
  [1] manageSegFailureSA(int, siginfo_t*, void*) at ResInsight/ApplicationExeCode/RiaMainTools.cpp:227
  [2]  at :0
  [3] __GI_raise at :0
  [4] __GI_abort at :0
  [5] RigTransmissibilityCondenser::calculateCondensedTransmissibilities() at ResInsight/ApplicationLibCode/ReservoirDataModel/Completions/RigTransmissibilityCondenser.cpp:336
  [6] RigTransmissibilityCondenser::externalCells() at ResInsight/ApplicationLibCode/ReservoirDataModel/Completions/RigTransmissibilityCondenser.cpp:110
  [7] RicExportFractureCompletionsImpl::calculateMatrixToWellTransmissibilities(RigTransmissibilityCondenser&) at ResInsight/ApplicationLibCode/Commands/CompletionExportCommands/RicExportFractureCompletionsImpl.cpp:710
  [8] RicExportFractureCompletionsImpl::generateCompdatValuesConst(RimEclipseCase const*, QString const&, RigWellPath const*, std::vector<RimFracture const*, std::allocator<RimFracture const*> > const&, std::vector<RicWellPathFractureReportItem, std::allocator<RicWellPathFractureReportItem> >*, QTextStream*, RicExportFractureCompletionsImpl::PressureDepletionParameters) [clone ._omp_fn.0] at ResInsight/ApplicationLibCode/Commands/CompletionExportCommands/RicExportFractureCompletionsImpl.cpp:305
  [9] gomp_thread_start at :0
  [10] start_thread at :0
  [11] __GI___clone at :0
  [12]  at :0
"
2026-08-07T11:58:25.511Z,2026.02.1,"  [0] performCrashLogging at ResInsight/ApplicationExeCode/RiaMainTools.cpp:147
  [1] manageSegFailureSA(int, siginfo_t*, void*) at ResInsight/ApplicationExeCode/RiaMainTools.cpp:227
  [2]  at :0
  [3] __GI_raise at :0
  [4] __GI_abort at :0
  [5] RigTransmissibilityCondenser::calculateCondensedTransmissibilities() at ResInsight/ApplicationLibCode/ReservoirDataModel/Completions/RigTransmissibilityCondenser.cpp:336
  [6] RigTransmissibilityCondenser::externalCells() at ResInsight/ApplicationLibCode/ReservoirDataModel/Completions/RigTransmissibilityCondenser.cpp:110
  [7] RicExportFractureCompletionsImpl::calculateMatrixToWellTransmissibilities(RigTransmissibilityCondenser&) at ResInsight/ApplicationLibCode/Commands/CompletionExportCommands/RicExportFractureCompletionsImpl.cpp:710
  [8] RicExportFractureCompletionsImpl::generateCompdatValuesConst(RimEclipseCase const*, QString const&, RigWellPath const*, std::vector<RimFracture const*, std::allocator<RimFracture const*> > const&, std::vector<RicWellPathFractureReportItem, std::allocator<RicWellPathFractureReportItem> >*, QTextStream*, RicExportFractureCompletionsImpl::PressureDepletionParameters) [clone ._omp_fn.0] at ResInsight/ApplicationLibCode/Commands/CompletionExportCommands/RicExportFractureCompletionsImpl.cpp:305
  [9] gomp_thread_start at :0
  [10] start_thread at :0
  [11] __GI___clone at :0
  [12]  at :0
"
2026-08-07T11:58:25.457Z,2026.02.1,"  [0] performCrashLogging at ResInsight/ApplicationExeCode/RiaMainTools.cpp:147
  [1] manageSegFailureSA(int, siginfo_t*, void*) at ResInsight/ApplicationExeCode/RiaMainTools.cpp:227
  [2]  at :0
  [3] __GI_raise at :0
  [4] __GI_abort at :0
  [5] RigTransmissibilityCondenser::calculateCondensedTransmissibilities() at ResInsight/ApplicationLibCode/ReservoirDataModel/Completions/RigTransmissibilityCondenser.cpp:336
  [6] RigTransmissibilityCondenser::externalCells() at ResInsight/ApplicationLibCode/ReservoirDataModel/Completions/RigTransmissibilityCondenser.cpp:110
  [7] RicExportFractureCompletionsImpl::calculateMatrixToWellTransmissibilities(RigTransmissibilityCondenser&) at ResInsight/ApplicationLibCode/Commands/CompletionExportCommands/RicExportFractureCompletionsImpl.cpp:710
  [8] RicExportFractureCompletionsImpl::generateCompdatValuesConst(RimEclipseCase const*, QString const&, RigWellPath const*, std::vector<RimFracture const*, std::allocator<RimFracture const*> > const&, std::vector<RicWellPathFractureReportItem, std::allocator<RicWellPathFractureReportItem> >*, QTextStream*, RicExportFractureCompletionsImpl::PressureDepletionParameters) [clone ._omp_fn.0] at ResInsight/ApplicationLibCode/Commands/CompletionExportCommands/RicExportFractureCompletionsImpl.cpp:305
  [9] gomp_thread_start at :0
  [10] start_thread at :0
  [11] __GI___clone at :0
  [12]  at :0
"
2026-08-07T11:58:25.457Z,2026.02.1,"  [0] performCrashLogging at ResInsight/ApplicationExeCode/RiaMainTools.cpp:147
  [1] manageSegFailureSA(int, siginfo_t*, void*) at ResInsight/ApplicationExeCode/RiaMainTools.cpp:227
  [2]  at :0
  [3] __GI_raise at :0
  [4] __GI_abort at :0
  [5] RigTransmissibilityCondenser::calculateCondensedTransmissibilities() at ResInsight/ApplicationLibCode/ReservoirDataModel/Completions/RigTransmissibilityCondenser.cpp:336
  [6] RigTransmissibilityCondenser::externalCells() at ResInsight/ApplicationLibCode/ReservoirDataModel/Completions/RigTransmissibilityCondenser.cpp:110
  [7] RicExportFractureCompletionsImpl::calculateMatrixToWellTransmissibilities(RigTransmissibilityCondenser&) at ResInsight/ApplicationLibCode/Commands/CompletionExportCommands/RicExportFractureCompletionsImpl.cpp:710
  [8] RicExportFractureCompletionsImpl::generateCompdatValuesConst(RimEclipseCase const*, QString const&, RigWellPath const*, std::vector<RimFracture const*, std::allocator<RimFracture const*> > const&, std::vector<RicWellPathFractureReportItem, std::allocator<RicWellPathFractureReportItem> >*, QTextStream*, RicExportFractureCompletionsImpl::PressureDepletionParameters) [clone ._omp_fn.0] at ResInsight/ApplicationLibCode/Commands/CompletionExportCommands/RicExportFractureCompletionsImpl.cpp:305
  [9] gomp_thread_start at :0
  [10] start_thread at :0
  [11] __GI___clone at :0
  [12]  at :0
"
2026-08-07T11:54:06.627Z,2026.06.1,"  [0] performCrashLogging at ResInsight/ApplicationExeCode/RiaMainTools.cpp:170
  [1] manageSegFailureSA(int, siginfo_t*, void*) at ResInsight/ApplicationExeCode/RiaMainTools.cpp:302
  [2]  at :0
  [3] cvf::ref<RigActiveCellInfo>::p() at ResInsight/Fwk/VizFwk/LibCore/cvfObject.inl:307
  [4] RimIdenticalGridCaseGroup::computeUnionOfActiveCells() at ResInsight/ApplicationLibCode/ProjectDataModel/RimIdenticalGridCaseGroup.cpp:314
  [5] RimIdenticalGridCaseGroup::loadMainCaseAndActiveCellInfo() at ResInsight/ApplicationLibCode/ProjectDataModel/RimIdenticalGridCaseGroup.cpp:235
  [6] RiaApplication::loadProject(QString const&, RiaApplication::ProjectLoadAction, RiaProjectModifier*) at ResInsight/ApplicationLibCode/Application/RiaApplication.cpp:630
  [7] RiaApplication::openFile(QString const&) at ResInsight/ApplicationLibCode/Application/RiaApplication.cpp:420
  [8] RiuRecentFileActionProvider::slotOpenRecentFile() at ResInsight/ApplicationLibCode/UserInterface/RiuRecentFileActionProvider.cpp:149
  [9]  at :0
  [10] QAction::triggered(bool) at :0
  [11] QAction::activate(QAction::ActionEvent) at :0
  [12]  at :0
  [13]  at :0
  [14] QWidget::event(QEvent*) at :0
  [15] QApplicationPrivate::notify_helper(QObject*, QEvent*) at :0
  [16] QApplication::notify(QObject*, QEvent*) at :0
  [17] RiaGuiApplication::notify(QObject*, QEvent*) at ResInsight/ApplicationLibCode/Application/RiaGuiApplication.cpp:1828
  [18] QCoreApplication::notifyInternal2(QObject*, QEvent*) at :0
  [19] QApplicationPrivate::sendMouseEvent(QWidget*, QMouseEvent*, QWidget*, QWidget*, QWidget**, QPointer<QWidget>&, bool, bool) at :0
  [20]  at :0
  [21]  at :0
  [22] QApplicationPrivate::notify_helper(QObject*, QEvent*) at :0
  [23] RiaGuiApplication::notify(QObject*, QEvent*) at ResInsight/ApplicationLibCode/Application/RiaGuiApplication.cpp:1828
  [24] QCoreApplication::notifyInternal2(QObject*, QEvent*) at :0
  [25] QGuiApplicationPrivate::processMouseEvent(QWindowSystemInterfacePrivate::MouseEvent*) at :0
  [26] QWindowSystemInterface::sendWindowSystemEvents(QFlags<QEventLoop::ProcessEventsFlag>) at :0
  [27]  at :0
  [28] g_main_context_dispatch at :0
  [29] g_main_context_iterate.isra.20 at :0
  [30] g_main_context_iteration at :0
  [31] QEventDispatcherGlib::processEvents(QFlags<QEventLoop::ProcessEventsFlag>) at :0
  [32] QEventLoop::exec(QFlags<QEventLoop::ProcessEventsFlag>) at :0
  [33] QCoreApplication::exec() at :0
  [34] main at ResInsight/ApplicationExeCode/RiaMain.cpp:267
  [35] __libc_start_main at :0
  [36] _start at :0
  [37]  at :0
"
2026-08-07T11:52:03.222Z,2026.06.1,"  [0] performCrashLogging at ResInsight/ApplicationExeCode/RiaMainTools.cpp:170
  [1] manageSegFailureSA(int, siginfo_t*, void*) at ResInsight/ApplicationExeCode/RiaMainTools.cpp:302
  [2]  at :0
  [3] cvf::ref<RigActiveCellInfo>::p() at ResInsight/Fwk/VizFwk/LibCore/cvfObject.inl:307
  [4] RimIdenticalGridCaseGroup::computeUnionOfActiveCells() at ResInsight/ApplicationLibCode/ProjectDataModel/RimIdenticalGridCaseGroup.cpp:314
  [5] RimIdenticalGridCaseGroup::loadMainCaseAndActiveCellInfo() at ResInsight/ApplicationLibCode/ProjectDataModel/RimIdenticalGridCaseGroup.cpp:235
  [6] RiaApplication::loadProject(QString const&, RiaApplication::ProjectLoadAction, RiaProjectModifier*) at ResInsight/ApplicationLibCode/Application/RiaApplication.cpp:630
  [7] RiaApplication::openFile(QString const&) at ResInsight/ApplicationLibCode/Application/RiaApplication.cpp:420
  [8] RiuRecentFileActionProvider::slotOpenRecentFile() at ResInsight/ApplicationLibCode/UserInterface/RiuRecentFileActionProvider.cpp:149
  [9]  at :0
  [10] QAction::triggered(bool) at :0
  [11] QAction::activate(QAction::ActionEvent) at :0
  [12]  at :0
  [13]  at :0
  [14] QWidget::event(QEvent*) at :0
  [15] QApplicationPrivate::notify_helper(QObject*, QEvent*) at :0
  [16] QApplication::notify(QObject*, QEvent*) at :0
  [17] RiaGuiApplication::notify(QObject*, QEvent*) at ResInsight/ApplicationLibCode/Application/RiaGuiApplication.cpp:1828
  [18] QCoreApplication::notifyInternal2(QObject*, QEvent*) at :0
  [19] QApplicationPrivate::sendMouseEvent(QWidget*, QMouseEvent*, QWidget*, QWidget*, QWidget**, QPointer<QWidget>&, bool, bool) at :0
  [20]  at :0
  [21]  at :0
  [22] QApplicationPrivate::notify_helper(QObject*, QEvent*) at :0
  [23] RiaGuiApplication::notify(QObject*, QEvent*) at ResInsight/ApplicationLibCode/Application/RiaGuiApplication.cpp:1828
  [24] QCoreApplication::notifyInternal2(QObject*, QEvent*) at :0
  [25] QGuiApplicationPrivate::processMouseEvent(QWindowSystemInterfacePrivate::MouseEvent*) at :0
  [26] QWindowSystemInterface::sendWindowSystemEvents(QFlags<QEventLoop::ProcessEventsFlag>) at :0
  [27]  at :0
  [28] g_main_context_dispatch at :0
  [29] g_main_context_iterate.isra.20 at :0
  [30] g_main_context_iteration at :0
  [31] QEventDispatcherGlib::processEvents(QFlags<QEventLoop::ProcessEventsFlag>) at :0
  [32] QEventLoop::exec(QFlags<QEventLoop::ProcessEventsFlag>) at :0
  [33] QCoreApplication::exec() at :0
  [34] main at ResInsight/ApplicationExeCode/RiaMain.cpp:267
  [35] __libc_start_main at :0
  [36] _start at :0
  [37]  at :0
"
2026-08-07T11:02:43.961Z,2026.02.1,"  [0] performCrashLogging at ResInsight/ApplicationExeCode/RiaMainTools.cpp:147
  [1] manageSegFailureSA(int, siginfo_t*, void*) at ResInsight/ApplicationExeCode/RiaMainTools.cpp:227
  [2]  at :0
  [3] __GI_raise at :0
  [4] __GI_abort at :0
  [5] RigTransmissibilityCondenser::calculateCondensedTransmissibilities() at ResInsight/ApplicationLibCode/ReservoirDataModel/Completions/RigTransmissibilityCondenser.cpp:336
  [6] RigTransmissibilityCondenser::externalCells() at ResInsight/ApplicationLibCode/ReservoirDataModel/Completions/RigTransmissibilityCondenser.cpp:110
  [7] RicExportFractureCompletionsImpl::calculateMatrixToWellTransmissibilities(RigTransmissibilityCondenser&) at ResInsight/ApplicationLibCode/Commands/CompletionExportCommands/RicExportFractureCompletionsImpl.cpp:710
  [8] RicExportFractureCompletionsImpl::generateCompdatValuesConst(RimEclipseCase const*, QString const&, RigWellPath const*, std::vector<RimFracture const*, std::allocator<RimFracture const*> > const&, std::vector<RicWellPathFractureReportItem, std::allocator<RicWellPathFractureReportItem> >*, QTextStream*, RicExportFractureCompletionsImpl::PressureDepletionParameters) [clone ._omp_fn.0] at ResInsight/ApplicationLibCode/Commands/CompletionExportCommands/RicExportFractureCompletionsImpl.cpp:305
  [9] gomp_thread_start at :0
  [10] start_thread at :0
  [11] __GI___clone at :0
  [12]  at :0
"
2026-08-07T11:02:43.833Z,2026.02.1,"  [0] performCrashLogging at ResInsight/ApplicationExeCode/RiaMainTools.cpp:147
  [1] manageSegFailureSA(int, siginfo_t*, void*) at ResInsight/ApplicationExeCode/RiaMainTools.cpp:227
  [2]  at :0
  [3] __GI_raise at :0
  [4] __GI_abort at :0
  [5] RigTransmissibilityCondenser::calculateCondensedTransmissibilities() at ResInsight/ApplicationLibCode/ReservoirDataModel/Completions/RigTransmissibilityCondenser.cpp:336
  [6] RigTransmissibilityCondenser::externalCells() at ResInsight/ApplicationLibCode/ReservoirDataModel/Completions/RigTransmissibilityCondenser.cpp:110
  [7] RicExportFractureCompletionsImpl::calculateMatrixToWellTransmissibilities(RigTransmissibilityCondenser&) at ResInsight/ApplicationLibCode/Commands/CompletionExportCommands/RicExportFractureCompletionsImpl.cpp:710
  [8] RicExportFractureCompletionsImpl::generateCompdatValuesConst(RimEclipseCase const*, QString const&, RigWellPath const*, std::vector<RimFracture const*, std::allocator<RimFracture const*> > const&, std::vector<RicWellPathFractureReportItem, std::allocator<RicWellPathFractureReportItem> >*, QTextStream*, RicExportFractureCompletionsImpl::PressureDepletionParameters) [clone ._omp_fn.0] at ResInsight/ApplicationLibCode/Commands/CompletionExportCommands/RicExportFractureCompletionsImpl.cpp:305
  [9] GOMP_parallel at :0
  [10] RicExportFractureCompletionsImpl::generateCompdatValuesConst(RimEclipseCase const*, QString const&, RigWellPath const*, std::vector<RimFracture const*, std::allocator<RimFracture const*> > const&, std::vector<RicWellPathFractureReportItem, std::allocator<RicWellPathFractureReportItem> >*, QTextStream*, RicExportFractureCompletionsImpl::PressureDepletionParameters) at ResInsight/ApplicationLibCode/Commands/CompletionExportCommands/RicExportFractureCompletionsImpl.cpp:257
  [11] RicExportFractureCompletionsImpl::generateCompdatValues(RimEclipseCase*, QString const&, RigWellPath const*, std::vector<RimFracture const*, std::allocator<RimFracture const*> > const&, std::vector<RicWellPathFractureReportItem, std::allocator<RicWellPathFractureReportItem> >*, QTextStream*, RicExportFractureCompletionsImpl::PressureDepletionParameters) at ResInsight/ApplicationLibCode/Commands/CompletionExportCommands/RicExportFractureCompletionsImpl.cpp:169
  [12] RicExportFractureCompletionsImpl::generateCompdatValuesForWellPath(RimWellPath*, RimEclipseCase*, std::vector<RicWellPathFractureReportItem, std::allocator<RicWellPathFractureReportItem> >*, QTextStream*, RicExportFractureCompletionsImpl::PressureDepletionParameters) at ResInsight/ApplicationLibCode/Commands/CompletionExportCommands/RicExportFractureCompletionsImpl.cpp:94
  [13] RicWellPathExportCompletionDataFeatureImpl::exportCompletions(std::vector<RimWellPath*, std::allocator<RimWellPath*> > const&, RicExportCompletionDataSettingsUi const&) at ResInsight/ApplicationLibCode/Commands/CompletionExportCommands/RicWellPathExportCompletionDataFeatureImpl.cpp:227
  [14] RicfExportWellPathCompletions::execute() at ResInsight/ApplicationLibCode/CommandFileInterface/RicfExportWellPathCompletions.cpp:184
  [15] RiaGrpcCommandService::Execute(grpc::ServerContext*, rips::CommandParams const*, rips::CommandReply*) at ResInsight/GrpcInterface/RiaGrpcCommandService.cpp:92
  [16] grpc::Status std::__invoke_impl<grpc::Status, grpc::Status (RiaGrpcCommandService::*&)(grpc::ServerContext*, rips::CommandParams const*, rips::CommandReply*), RiaGrpcCommandService&, grpc::ServerContext*, rips::CommandParams const*, rips::CommandReply*>(std::__invoke_memfun_ref, grpc::Status (RiaGrpcCommandService::*&)(grpc::ServerContext*, rips::CommandParams const*, rips::CommandReply*), RiaGrpcCommandService&, grpc::ServerContext*&&, rips::CommandParams const*&&, rips::CommandReply*&&) at /opt/rh/gcc-toolset-13/root/usr/include/c++/13/bits/invoke.h:67
  [17] std::function<grpc::Status (RiaGrpcCommandService&, grpc::ServerContext*, rips::CommandParams const*, rips::CommandReply*)>::operator()(RiaGrpcCommandService&, grpc::ServerContext*, rips::CommandParams const*, rips::CommandReply*) const at /opt/rh/gcc-toolset-13/root/usr/include/c++/13/bits/std_function.h:591
  [18] RiaGrpcServerImpl::processAllQueuedRequests() at ResInsight/GrpcInterface/RiaGrpcServer.cpp:197
  [19] RiaGrpcApplicationInterface::processRequests() at ResInsight/GrpcInterface/RiaGrpcApplicationInterface.cpp:115
  [20] RiaGrpcConsoleApplication::doIdleProcessing() at ResInsight/ApplicationExeCode/RiaGrpcConsoleApplication.cpp:33
  [21]  at :0
  [22] QTimer::timeout(QTimer::QPrivateSignal) at :0
  [23] QObject::event(QEvent*) at :0
  [24] QCoreApplication::notifyInternal2(QObject*, QEvent*) at :0
  [25] QTimerInfoList::activateTimers() at :0
  [26]  at :0
  [27] g_main_context_dispatch at :0
  [28] g_main_context_iterate.isra.20 at :0
  [29] g_main_context_iteration at :0
  [30] QEventDispatcherGlib::processEvents(QFlags<QEventLoop::ProcessEventsFlag>) at :0
  [31] QEventLoop::exec(QFlags<QEventLoop::ProcessEventsFlag>) at :0
  [32] QCoreApplication::exec() at :0
  [33] main at ResInsight/ApplicationExeCode/RiaMain.cpp:226
  [34] __libc_start_main at :0
  [35] _start at :0
  [36]  at :0
"
2026-08-07T11:02:43.833Z,2026.02.1,"  [0] performCrashLogging at ResInsight/ApplicationExeCode/RiaMainTools.cpp:147
  [1] manageSegFailureSA(int, siginfo_t*, void*) at ResInsight/ApplicationExeCode/RiaMainTools.cpp:227
  [2]  at :0
  [3] __GI_raise at :0
  [4] __GI_abort at :0
  [5] RigTransmissibilityCondenser::calculateCondensedTransmissibilities() at ResInsight/ApplicationLibCode/ReservoirDataModel/Completions/RigTransmissibilityCondenser.cpp:336
  [6] RigTransmissibilityCondenser::externalCells() at ResInsight/ApplicationLibCode/ReservoirDataModel/Completions/RigTransmissibilityCondenser.cpp:110
  [7] RicExportFractureCompletionsImpl::calculateMatrixToWellTransmissibilities(RigTransmissibilityCondenser&) at ResInsight/ApplicationLibCode/Commands/CompletionExportCommands/RicExportFractureCompletionsImpl.cpp:710
  [8] RicExportFractureCompletionsImpl::generateCompdatValuesConst(RimEclipseCase const*, QString const&, RigWellPath const*, std::vector<RimFracture const*, std::allocator<RimFracture const*> > const&, std::vector<RicWellPathFractureReportItem, std::allocator<RicWellPathFractureReportItem> >*, QTextStream*, RicExportFractureCompletionsImpl::PressureDepletionParameters) [clone ._omp_fn.0] at ResInsight/ApplicationLibCode/Commands/CompletionExportCommands/RicExportFractureCompletionsImpl.cpp:305
  [9] gomp_thread_start at :0
  [10] start_thread at :0
  [11] __GI___clone at :0
  [12]  at :0
"
2026-08-07T11:02:43.735Z,2026.02.1,"  [0] performCrashLogging at ResInsight/ApplicationExeCode/RiaMainTools.cpp:147
  [1] manageSegFailureSA(int, siginfo_t*, void*) at ResInsight/ApplicationExeCode/RiaMainTools.cpp:227
  [2]  at :0
  [3] __GI_raise at :0
  [4] __GI_abort at :0
  [5] RigTransmissibilityCondenser::calculateCondensedTransmissibilities() at ResInsight/ApplicationLibCode/ReservoirDataModel/Completions/RigTransmissibilityCondenser.cpp:336
  [6] RigTransmissibilityCondenser::externalCells() at ResInsight/ApplicationLibCode/ReservoirDataModel/Completions/RigTransmissibilityCondenser.cpp:110
  [7] RicExportFractureCompletionsImpl::calculateMatrixToWellTransmissibilities(RigTransmissibilityCondenser&) at ResInsight/ApplicationLibCode/Commands/CompletionExportCommands/RicExportFractureCompletionsImpl.cpp:710
  [8] RicExportFractureCompletionsImpl::generateCompdatValuesConst(RimEclipseCase const*, QString const&, RigWellPath const*, std::vector<RimFracture const*, std::allocator<RimFracture const*> > const&, std::vector<RicWellPathFractureReportItem, std::allocator<RicWellPathFractureReportItem> >*, QTextStream*, RicExportFractureCompletionsImpl::PressureDepletionParameters) [clone ._omp_fn.0] at ResInsight/ApplicationLibCode/Commands/CompletionExportCommands/RicExportFractureCompletionsImpl.cpp:305
  [9] gomp_thread_start at :0
  [10] start_thread at :0
  [11] __GI___clone at :0
  [12]  at :0
"
2026-08-07T11:02:43.732Z,2026.02.1,"  [0] performCrashLogging at ResInsight/ApplicationExeCode/RiaMainTools.cpp:147
  [1] manageSegFailureSA(int, siginfo_t*, void*) at ResInsight/ApplicationExeCode/RiaMainTools.cpp:227
  [2]  at :0
  [3] __GI_raise at :0
  [4] __GI_abort at :0
  [5] RigTransmissibilityCondenser::calculateCondensedTransmissibilities() at ResInsight/ApplicationLibCode/ReservoirDataModel/Completions/RigTransmissibilityCondenser.cpp:336
  [6] RigTransmissibilityCondenser::externalCells() at ResInsight/ApplicationLibCode/ReservoirDataModel/Completions/RigTransmissibilityCondenser.cpp:110
  [7] RicExportFractureCompletionsImpl::calculateMatrixToWellTransmissibilities(RigTransmissibilityCondenser&) at ResInsight/ApplicationLibCode/Commands/CompletionExportCommands/RicExportFractureCompletionsImpl.cpp:710
  [8] RicExportFractureCompletionsImpl::generateCompdatValuesConst(RimEclipseCase const*, QString const&, RigWellPath const*, std::vector<RimFracture const*, std::allocator<RimFracture const*> > const&, std::vector<RicWellPathFractureReportItem, std::allocator<RicWellPathFractureReportItem> >*, QTextStream*, RicExportFractureCompletionsImpl::PressureDepletionParameters) [clone ._omp_fn.0] at ResInsight/ApplicationLibCode/Commands/CompletionExportCommands/RicExportFractureCompletionsImpl.cpp:305
  [9] gomp_thread_start at :0
  [10] start_thread at :0
  [11] __GI___clone at :0
  [12]  at :0
"
2026-08-07T11:02:43.729Z,2026.02.1,"  [0] performCrashLogging at ResInsight/ApplicationExeCode/RiaMainTools.cpp:147
  [1] manageSegFailureSA(int, siginfo_t*, void*) at ResInsight/ApplicationExeCode/RiaMainTools.cpp:227
  [2]  at :0
  [3] __GI_raise at :0
  [4] __GI_abort at :0
  [5] RigTransmissibilityCondenser::calculateCondensedTransmissibilities() at ResInsight/ApplicationLibCode/ReservoirDataModel/Completions/RigTransmissibilityCondenser.cpp:336
  [6] RigTransmissibilityCondenser::externalCells() at ResInsight/ApplicationLibCode/ReservoirDataModel/Completions/RigTransmissibilityCondenser.cpp:110
  [7] RicExportFractureCompletionsImpl::calculateMatrixToWellTransmissibilities(RigTransmissibilityCondenser&) at ResInsight/ApplicationLibCode/Commands/CompletionExportCommands/RicExportFractureCompletionsImpl.cpp:710
  [8] RicExportFractureCompletionsImpl::generateCompdatValuesConst(RimEclipseCase const*, QString const&, RigWellPath const*, std::vector<RimFracture const*, std::allocator<RimFracture const*> > const&, std::vector<RicWellPathFractureReportItem, std::allocator<RicWellPathFractureReportItem> >*, QTextStream*, RicExportFractureCompletionsImpl::PressureDepletionParameters) [clone ._omp_fn.0] at ResInsight/ApplicationLibCode/Commands/CompletionExportCommands/RicExportFractureCompletionsImpl.cpp:305
  [9] gomp_thread_start at :0
  [10] start_thread at :0
  [11] __GI___clone at :0
  [12]  at :0
"
2026-08-07T10:20:07.94Z,2026.06.1,"  [0] performCrashLogging at ResInsight/ApplicationExeCode/RiaMainTools.cpp:170
  [1] manageSegFailureSA(int, siginfo_t*, void*) at ResInsight/ApplicationExeCode/RiaMainTools.cpp:302
  [2]  at :0
  [3] __GI_raise at :0
  [4] __GI_abort at :0
  [5] cvf::AssertHandlerConsole::handleAssert(char const*, int, char const*, char const*) at ResInsight/Fwk/VizFwk/LibCore/cvfAssert.cpp:125
  [6] RivTernaryTextureCoordsCreator::createTextureCoords(cvf::Array<cvf::Vector2<float> >*, cvf::StructGridQuadToCellFaceMapper const*, RigTernaryResultAccessor const*, RivTernaryResultToTextureMapper const*) at ResInsight/ApplicationLibCode/ModelVisualization/RivTernaryTextureCoordsCreator.cpp:160
  [7] RivGridPartMgr::updateCellResultColor(unsigned long, RimEclipseCellColors*) at ResInsight/ApplicationLibCode/ModelVisualization/RivGridPartMgr.cpp:297
  [8] RivReservoirPartMgr::updateCellResultColor(unsigned long, RimEclipseCellColors*) at ResInsight/ApplicationLibCode/ModelVisualization/RivReservoirPartMgr.cpp:129
  [9] RimEclipseView::updateVisibleCellColors() at ResInsight/ApplicationLibCode/ProjectDataModel/RimEclipseView.cpp:1119
  [10] RimEclipseView::onUpdateDisplayModelForCurrentTimeStep() at ResInsight/ApplicationLibCode/ProjectDataModel/RimEclipseView.cpp:951
  [11] Rim3dView::updateDisplayModelForCurrentTimeStepAndRedraw() at ResInsight/ApplicationLibCode/ProjectDataModel/Rim3dView.cpp:673
  [12] RiuViewer::setCurrentFrame(int) at ResInsight/ApplicationLibCode/UserInterface/RiuViewer.cpp:1042
  [13] RimViewLinker::updateTimeStep(Rim3dView*, int) at ResInsight/ApplicationLibCode/ProjectDataModel/RimViewLinker.cpp:119
  [14] RimViewController::setManagedView(Rim3dView*) at ResInsight/ApplicationLibCode/ProjectDataModel/RimViewController.cpp:445
  [15] RimViewLinker::addDependentView(Rim3dView*) at ResInsight/ApplicationLibCode/ProjectDataModel/RimViewLinker.cpp:630
  [16] RicLinkVisibleViewsFeature::linkViews(std::vector<Rim3dView*, std::allocator<Rim3dView*> >&) at ResInsight/ApplicationLibCode/Commands/ViewLink/RicLinkVisibleViewsFeature.cpp:119
  [17] RicLinkVisibleViewsFeature::onActionTriggered(bool) at ResInsight/ApplicationLibCode/Commands/ViewLink/RicLinkVisibleViewsFeature.cpp:68
  [18] caf::CmdFeature::actionTriggered(bool) at ResInsight/Fwk/AppFwk/cafCommand/cafCmdFeature.cpp:176
  [19]  at :0
  [20] QAction::triggered(bool) at :0
  [21] QAction::activate(QAction::ActionEvent) at :0
  [22]  at :0
  [23]  at :0
  [24] QWidget::event(QEvent*) at :0
  [25] QApplicationPrivate::notify_helper(QObject*, QEvent*) at :0
  [26] QApplication::notify(QObject*, QEvent*) at :0
  [27] RiaGuiApplication::notify(QObject*, QEvent*) at ResInsight/ApplicationLibCode/Application/RiaGuiApplication.cpp:1828
  [28] QCoreApplication::notifyInternal2(QObject*, QEvent*) at :0
  [29] QApplicationPrivate::sendMouseEvent(QWidget*, QMouseEvent*, QWidget*, QWidget*, QWidget**, QPointer<QWidget>&, bool, bool) at :0
  [30]  at :0
  [31]  at :0
  [32] QApplicationPrivate::notify_helper(QObject*, QEvent*) at :0
  [33] RiaGuiApplication::notify(QObject*, QEvent*) at ResInsight/ApplicationLibCode/Application/RiaGuiApplication.cpp:1828
  [34] QCoreApplication::notifyInternal2(QObject*, QEvent*) at :0
  [35] QGuiApplicationPrivate::processMouseEvent(QWindowSystemInterfacePrivate::MouseEvent*) at :0
  [36] QWindowSystemInterface::sendWindowSystemEvents(QFlags<QEventLoop::ProcessEventsFlag>) at :0
  [37]  at :0
  [38] g_main_context_dispatch at :0
  [39] g_main_context_iterate.isra.20 at :0
  [40] g_main_context_iteration at :0
  [41] QEventDispatcherGlib::processEvents(QFlags<QEventLoop::ProcessEventsFlag>) at :0
  [42] QEventLoop::exec(QFlags<QEventLoop::ProcessEventsFlag>) at :0
  [43]  at :0
  [44] QMenu::exec(QPoint const&, QAction*) at :0
  [45] RiuMainWindow::customMenuRequested(QPoint const&) at ResInsight/ApplicationLibCode/UserInterface/RiuMainWindow.cpp:2092
  [46]  at :0
  [47] QWidget::customContextMenuRequested(QPoint const&) at :0
  [48] QWidget::event(QEvent*) at :0
  [49] QFrame::event(QEvent*) at :0
  [50] QCoreApplicationPrivate::sendThroughObjectEventFilters(QObject*, QEvent*) at :0
  [51] QApplicationPrivate::notify_helper(QObject*, QEvent*) at :0
  [52] QApplication::notify(QObject*, QEvent*) at :0
  [53] RiaGuiApplication::notify(QObject*, QEvent*) at ResInsight/ApplicationLibCode/Application/RiaGuiApplication.cpp:1828
  [54] QCoreApplication::notifyInternal2(QObject*, QEvent*) at :0
  [55]  at :0
  [56]  at :0
  [57] QApplicationPrivate::notify_helper(QObject*, QEvent*) at :0
  [58] RiaGuiApplication::notify(QObject*, QEvent*) at ResInsight/ApplicationLibCode/Application/RiaGuiApplication.cpp:1828
  [59] QCoreApplication::notifyInternal2(QObject*, QEvent*) at :0
  [60] QGuiApplicationPrivate::processMouseEvent(QWindowSystemInterfacePrivate::MouseEvent*) at :0
  [61] QWindowSystemInterface::sendWindowSystemEvents(QFlags<QEventLoop::ProcessEventsFlag>) at :0
  [62]  at :0
  [63] g_main_context_dispatch at :0
  [64] g_main_context_iterate.isra.20 at :0
  [65] g_main_context_iteration at :0
  [66] QEventDispatcherGlib::processEvents(QFlags<QEventLoop::ProcessEventsFlag>) at :0
  [67] QEventLoop::exec(QFlags<QEventLoop::ProcessEventsFlag>) at :0
  [68] QCoreApplication::exec() at :0
  [69] main at ResInsight/ApplicationExeCode/RiaMain.cpp:267
  [70] __libc_start_main at :0
  [71] _start at :0
  [72]  at :0
"
2026-08-07T07:50:16.052Z,2026.06.1,"  [0] performCrashLogging at ResInsight/ApplicationExeCode/RiaMainTools.cpp:170
  [1] manageSegFailureSA(int, siginfo_t*, void*) at ResInsight/ApplicationExeCode/RiaMainTools.cpp:302
  [2]  at :0
  [3] ecl_grid_alloc_EGRID_all_grids at ResInsight/ThirdParty/Ert/lib/ecl/ecl_grid.cpp:3200
  [4] RifReaderEclipseOutput::loadAllGrids() const at ResInsight/ApplicationLibCode/FileInterface/RifReaderEclipseOutput.cpp:1165
  [5] RifReaderEclipseOutput::open(QString const&, RigEclipseCaseData*) at ResInsight/ApplicationLibCode/FileInterface/RifReaderEclipseOutput.cpp:393
  [6] RimEclipseResultCase::importGridAndResultMetaData(bool) at ResInsight/ApplicationLibCode/ProjectDataModel/RimEclipseResultCase.cpp:259
  [7] RiaImportEclipseCaseTools::openEclipseCaseShowTimeStepFilterImpl(QString const&, bool, bool, RifReaderSettings&) at ResInsight/ApplicationLibCode/Application/Tools/RiaImportEclipseCaseTools.cpp:372
  [8] RiaImportEclipseCaseTools::openEclipseCasesFromFile(QList<QString> const&, bool, std::map<QString, int, std::less<QString>, std::allocator<std::pair<QString const, int> > >*, bool, RifReaderSettings&) at ResInsight/ApplicationLibCode/Application/Tools/RiaImportEclipseCaseTools.cpp:107
  [9] RicImportGeneralDataFeature::openEclipseCaseFromFileNames(QList<QString> const&, bool, std::vector<int, std::allocator<int> >&, RifReaderSettings&) at ResInsight/ApplicationLibCode/Commands/RicImportGeneralDataFeature.cpp:365
  [10] RicImportGeneralDataFeature::openEclipseFilesFromFileNames(QList<QString> const&, bool, bool, RifReaderSettings&) at ResInsight/ApplicationLibCode/Commands/RicImportGeneralDataFeature.cpp:105
  [11] RicImportGeneralDataFeature::openEclipseFilesFromFileNames(QList<QString> const&, bool, bool) at ResInsight/ApplicationLibCode/Commands/RicImportGeneralDataFeature.cpp:56
  [12] RicImportGridModelFeature::onActionTriggered(bool) at ResInsight/ApplicationLibCode/Commands/EclipseCommands/RicImportGridModelFeature.cpp:81
  [13] caf::CmdFeature::actionTriggered(bool) at ResInsight/Fwk/AppFwk/cafCommand/cafCmdFeature.cpp:176
  [14]  at :0
  [15] QAction::triggered(bool) at :0
  [16] QAction::activate(QAction::ActionEvent) at :0
  [17]  at :0
  [18]  at :0
  [19] QWidget::event(QEvent*) at :0
  [20] QApplicationPrivate::notify_helper(QObject*, QEvent*) at :0
  [21] QApplication::notify(QObject*, QEvent*) at :0
  [22] RiaGuiApplication::notify(QObject*, QEvent*) at ResInsight/ApplicationLibCode/Application/RiaGuiApplication.cpp:1828
  [23] QCoreApplication::notifyInternal2(QObject*, QEvent*) at :0
  [24] QApplicationPrivate::sendMouseEvent(QWidget*, QMouseEvent*, QWidget*, QWidget*, QWidget**, QPointer<QWidget>&, bool, bool) at :0
  [25]  at :0
  [26]  at :0
  [27] QApplicationPrivate::notify_helper(QObject*, QEvent*) at :0
  [28] RiaGuiApplication::notify(QObject*, QEvent*) at ResInsight/ApplicationLibCode/Application/RiaGuiApplication.cpp:1828
  [29] QCoreApplication::notifyInternal2(QObject*, QEvent*) at :0
  [30] QGuiApplicationPrivate::processMouseEvent(QWindowSystemInterfacePrivate::MouseEvent*) at :0
  [31] QWindowSystemInterface::sendWindowSystemEvents(QFlags<QEventLoop::ProcessEventsFlag>) at :0
  [32]  at :0
  [33] g_main_context_dispatch at :0
  [34] g_main_context_iterate.isra.20 at :0
  [35] g_main_context_iteration at :0
  [36] QEventDispatcherGlib::processEvents(QFlags<QEventLoop::ProcessEventsFlag>) at :0
  [37] QEventLoop::exec(QFlags<QEventLoop::ProcessEventsFlag>) at :0
  [38] QCoreApplication::exec() at :0
  [39] main at ResInsight/ApplicationExeCode/RiaMain.cpp:267
  [40] __libc_start_main at :0
  [41] _start at :0
  [42]  at :0
"
2026-08-07T06:14:29.774Z,2026.06.1,"  [0] performCrashLogging at ResInsight/ApplicationExeCode/RiaMainTools.cpp:170
  [1] manageSegFailureSA(int, siginfo_t*, void*) at ResInsight/ApplicationExeCode/RiaMainTools.cpp:302
  [2]  at :0
  [3] cvf::ref<RigActiveCellInfo>::p() at ResInsight/Fwk/VizFwk/LibCore/cvfObject.inl:307
  [4] RimIdenticalGridCaseGroup::computeUnionOfActiveCells() at ResInsight/ApplicationLibCode/ProjectDataModel/RimIdenticalGridCaseGroup.cpp:314
  [5] RimIdenticalGridCaseGroup::loadMainCaseAndActiveCellInfo() at ResInsight/ApplicationLibCode/ProjectDataModel/RimIdenticalGridCaseGroup.cpp:235
  [6] RiaApplication::loadProject(QString const&, RiaApplication::ProjectLoadAction, RiaProjectModifier*) at ResInsight/ApplicationLibCode/Application/RiaApplication.cpp:630
  [7] RiaApplication::openFile(QString const&) at ResInsight/ApplicationLibCode/Application/RiaApplication.cpp:420
  [8] RiuRecentFileActionProvider::slotOpenRecentFile() at ResInsight/ApplicationLibCode/UserInterface/RiuRecentFileActionProvider.cpp:149
  [9]  at :0
  [10] QAction::triggered(bool) at :0
  [11] QAction::activate(QAction::ActionEvent) at :0
  [12]  at :0
  [13]  at :0
  [14] QWidget::event(QEvent*) at :0
  [15] QApplicationPrivate::notify_helper(QObject*, QEvent*) at :0
  [16] QApplication::notify(QObject*, QEvent*) at :0
  [17] RiaGuiApplication::notify(QObject*, QEvent*) at ResInsight/ApplicationLibCode/Application/RiaGuiApplication.cpp:1828
  [18] QCoreApplication::notifyInternal2(QObject*, QEvent*) at :0
  [19] QApplicationPrivate::sendMouseEvent(QWidget*, QMouseEvent*, QWidget*, QWidget*, QWidget**, QPointer<QWidget>&, bool, bool) at :0
  [20]  at :0
  [21]  at :0
  [22] QApplicationPrivate::notify_helper(QObject*, QEvent*) at :0
  [23] RiaGuiApplication::notify(QObject*, QEvent*) at ResInsight/ApplicationLibCode/Application/RiaGuiApplication.cpp:1828
  [24] QCoreApplication::notifyInternal2(QObject*, QEvent*) at :0
  [25] QGuiApplicationPrivate::processMouseEvent(QWindowSystemInterfacePrivate::MouseEvent*) at :0
  [26] QWindowSystemInterface::sendWindowSystemEvents(QFlags<QEventLoop::ProcessEventsFlag>) at :0
  [27]  at :0
  [28] g_main_context_dispatch at :0
  [29] g_main_context_iterate.isra.20 at :0
  [30] g_main_context_iteration at :0
  [31] QEventDispatcherGlib::processEvents(QFlags<QEventLoop::ProcessEventsFlag>) at :0
  [32] QEventLoop::exec(QFlags<QEventLoop::ProcessEventsFlag>) at :0
  [33] QCoreApplication::exec() at :0
  [34] main at ResInsight/ApplicationExeCode/RiaMain.cpp:267
  [35] __libc_start_main at :0
  [36] _start at :0
  [37]  at :0
"
2026-08-06T12:13:13.261Z,2026.06.1,"  [0] performCrashLogging at ResInsight/ApplicationExeCode/RiaMainTools.cpp:170
  [1] manageSegFailureSA(int, siginfo_t*, void*) at ResInsight/ApplicationExeCode/RiaMainTools.cpp:302
  [2]  at :0
  [3] __GI_raise at :0
  [4] __GI_abort at :0
  [5] cvf::AssertHandlerConsole::handleAssert(char const*, int, char const*, char const*) at ResInsight/Fwk/VizFwk/LibCore/cvfAssert.cpp:125
  [6] RivTernaryTextureCoordsCreator::createTextureCoords(cvf::Array<cvf::Vector2<float> >*, cvf::StructGridQuadToCellFaceMapper const*, RigTernaryResultAccessor const*, RivTernaryResultToTextureMapper const*) at ResInsight/ApplicationLibCode/ModelVisualization/RivTernaryTextureCoordsCreator.cpp:160
  [7] RivGridPartMgr::updateCellResultColor(unsigned long, RimEclipseCellColors*) at ResInsight/ApplicationLibCode/ModelVisualization/RivGridPartMgr.cpp:297
  [8] RivReservoirPartMgr::updateCellResultColor(unsigned long, RimEclipseCellColors*) at ResInsight/ApplicationLibCode/ModelVisualization/RivReservoirPartMgr.cpp:129
  [9] RimEclipseView::updateVisibleCellColors() at ResInsight/ApplicationLibCode/ProjectDataModel/RimEclipseView.cpp:1119
  [10] RimEclipseView::onUpdateDisplayModelForCurrentTimeStep() at ResInsight/ApplicationLibCode/ProjectDataModel/RimEclipseView.cpp:951
  [11] Rim3dView::updateDisplayModelForCurrentTimeStepAndRedraw() at ResInsight/ApplicationLibCode/ProjectDataModel/Rim3dView.cpp:673
  [12] RiuViewer::setCurrentFrame(int) at ResInsight/ApplicationLibCode/UserInterface/RiuViewer.cpp:1042
  [13] RimViewLinker::updateTimeStep(Rim3dView*, int) at ResInsight/ApplicationLibCode/ProjectDataModel/RimViewLinker.cpp:119
  [14] RimViewController::setManagedView(Rim3dView*) at ResInsight/ApplicationLibCode/ProjectDataModel/RimViewController.cpp:445
  [15] RimViewLinker::addDependentView(Rim3dView*) at ResInsight/ApplicationLibCode/ProjectDataModel/RimViewLinker.cpp:630
  [16] RicLinkVisibleViewsFeature::linkViews(std::vector<Rim3dView*, std::allocator<Rim3dView*> >&) at ResInsight/ApplicationLibCode/Commands/ViewLink/RicLinkVisibleViewsFeature.cpp:119
  [17] RicLinkViewFeatureImpl::execute() at ResInsight/ApplicationLibCode/Commands/ViewLink/RicLinkViewFeature.cpp:78
  [18] caf::CmdFeature::actionTriggered(bool) at ResInsight/Fwk/AppFwk/cafCommand/cafCmdFeature.cpp:176
  [19]  at :0
  [20] QAction::triggered(bool) at :0
  [21] QAction::activate(QAction::ActionEvent) at :0
  [22]  at :0
  [23]  at :0
  [24] QWidget::event(QEvent*) at :0
  [25] QApplicationPrivate::notify_helper(QObject*, QEvent*) at :0
  [26] QApplication::notify(QObject*, QEvent*) at :0
  [27] RiaGuiApplication::notify(QObject*, QEvent*) at ResInsight/ApplicationLibCode/Application/RiaGuiApplication.cpp:1828
  [28] QCoreApplication::notifyInternal2(QObject*, QEvent*) at :0
  [29] QApplicationPrivate::sendMouseEvent(QWidget*, QMouseEvent*, QWidget*, QWidget*, QWidget**, QPointer<QWidget>&, bool, bool) at :0
  [30]  at :0
  [31]  at :0
  [32] QApplicationPrivate::notify_helper(QObject*, QEvent*) at :0
  [33] RiaGuiApplication::notify(QObject*, QEvent*) at ResInsight/ApplicationLibCode/Application/RiaGuiApplication.cpp:1828
  [34] QCoreApplication::notifyInternal2(QObject*, QEvent*) at :0
  [35] QGuiApplicationPrivate::processMouseEvent(QWindowSystemInterfacePrivate::MouseEvent*) at :0
  [36] QWindowSystemInterface::sendWindowSystemEvents(QFlags<QEventLoop::ProcessEventsFlag>) at :0
  [37]  at :0
  [38] g_main_context_dispatch at :0
  [39] g_main_context_iterate.isra.20 at :0
  [40] g_main_context_iteration at :0
  [41] QEventDispatcherGlib::processEvents(QFlags<QEventLoop::ProcessEventsFlag>) at :0
  [42] QEventLoop::exec(QFlags<QEventLoop::ProcessEventsFlag>) at :0
  [43]  at :0
  [44] QMenu::exec(QPoint const&, QAction*) at :0
  [45] RiuMainWindow::customMenuRequested(QPoint const&) at ResInsight/ApplicationLibCode/UserInterface/RiuMainWindow.cpp:2092
  [46]  at :0
  [47] QWidget::customContextMenuRequested(QPoint const&) at :0
  [48] QWidget::event(QEvent*) at :0
  [49] QFrame::event(QEvent*) at :0
  [50] QCoreApplicationPrivate::sendThroughObjectEventFilters(QObject*, QEvent*) at :0
  [51] QApplicationPrivate::notify_helper(QObject*, QEvent*) at :0
  [52] QApplication::notify(QObject*, QEvent*) at :0
  [53] RiaGuiApplication::notify(QObject*, QEvent*) at ResInsight/ApplicationLibCode/Application/RiaGuiApplication.cpp:1828
  [54] QCoreApplication::notifyInternal2(QObject*, QEvent*) at :0
  [55]  at :0
  [56]  at :0
  [57] QApplicationPrivate::notify_helper(QObject*, QEvent*) at :0
  [58] RiaGuiApplication::notify(QObject*, QEvent*) at ResInsight/ApplicationLibCode/Application/RiaGuiApplication.cpp:1828
  [59] QCoreApplication::notifyInternal2(QObject*, QEvent*) at :0
  [60] QGuiApplicationPrivate::processMouseEvent(QWindowSystemInterfacePrivate::MouseEvent*) at :0
  [61] QWindowSystemInterface::sendWindowSystemEvents(QFlags<QEventLoop::ProcessEventsFlag>) at :0
  [62]  at :0
  [63] g_main_context_dispatch at :0
  [64] g_main_context_iterate.isra.20 at :0
  [65] g_main_context_iteration at :0
  [66] QEventDispatcherGlib::processEvents(QFlags<QEventLoop::ProcessEventsFlag>) at :0
  [67] QEventLoop::exec(QFlags<QEventLoop::ProcessEventsFlag>) at :0
  [68] QCoreApplication::exec() at :0
  [69] main at ResInsight/ApplicationExeCode/RiaMain.cpp:267
  [70] __libc_start_main at :0
  [71] _start at :0
  [72]  at :0
"
2026-08-06T11:48:53.627Z,2026.06.1,"  [0] performCrashLogging at ResInsight/ApplicationExeCode/RiaMainTools.cpp:170
  [1] manageSegFailureSA(int, siginfo_t*, void*) at ResInsight/ApplicationExeCode/RiaMainTools.cpp:302
  [2]  at :0
  [3] RimPolygonFilter::updateCellIndexFilter(cvf::Array<unsigned char>*, cvf::Array<unsigned char>*, int) at ResInsight/ApplicationLibCode/ProjectDataModel/CellFilters/RimPolygonFilter.cpp:399
  [4] RimCellFilterCollection::updateCellVisibilityByIndex(cvf::Array<unsigned char>*, cvf::Array<unsigned char>*, unsigned long) const at ResInsight/ApplicationLibCode/ProjectDataModel/CellFilters/RimCellFilterCollection.cpp:605
  [5] RivReservoirViewPartMgr::computeFilterVisibility(RivCellSetEnum, cvf::Array<unsigned char>*, RigGridBase const*, cvf::Array<unsigned char> const*, RimCellFilterCollection const*) at ResInsight/ApplicationLibCode/ModelVisualization/RivReservoirViewPartMgr.cpp:755
  [6] RivReservoirViewPartMgr::computeVisibility(cvf::Array<unsigned char>*, RivCellSetEnum, RigGridBase*, unsigned long) at ResInsight/ApplicationLibCode/ModelVisualization/RivReservoirViewPartMgr.cpp:352
  [7] RivReservoirViewPartMgr::createGeometry(RivCellSetEnum) at ResInsight/ApplicationLibCode/ModelVisualization/RivReservoirViewPartMgr.cpp:278
  [8] RivReservoirViewPartMgr::appendStaticGeometryPartsToModel(cvf::ModelBasicList*, RivCellSetEnum, std::vector<unsigned long, std::allocator<unsigned long> > const&) at ResInsight/ApplicationLibCode/ModelVisualization/RivReservoirViewPartMgr.cpp:205
  [9] RimEclipseView::onCreateDisplayModel() at ResInsight/ApplicationLibCode/ProjectDataModel/RimEclipseView.cpp:737
  [10] Rim3dView::createDisplayModelAndRedraw() at ResInsight/ApplicationLibCode/ProjectDataModel/Rim3dView.cpp:718
  [11] RiaViewRedrawScheduler::updateAndRedrawScheduledViews() at ResInsight/ApplicationLibCode/Application/RiaViewRedrawScheduler.cpp:93
  [12]  at :0
  [13] QTimer::timeout(QTimer::QPrivateSignal) at :0
  [14] QObject::event(QEvent*) at :0
  [15] QApplicationPrivate::notify_helper(QObject*, QEvent*) at :0
  [16] RiaGuiApplication::notify(QObject*, QEvent*) at ResInsight/ApplicationLibCode/Application/RiaGuiApplication.cpp:1828
  [17] QCoreApplication::notifyInternal2(QObject*, QEvent*) at :0
  [18] QTimerInfoList::activateTimers() at :0
  [19]  at :0
  [20] g_main_context_dispatch at :0
  [21] g_main_context_iterate.isra.20 at :0
  [22] g_main_context_iteration at :0
  [23] QEventDispatcherGlib::processEvents(QFlags<QEventLoop::ProcessEventsFlag>) at :0
  [24] QEventLoop::exec(QFlags<QEventLoop::ProcessEventsFlag>) at :0
  [25] QCoreApplication::exec() at :0
  [26] main at ResInsight/ApplicationExeCode/RiaMain.cpp:267
  [27] __libc_start_main at :0
  [28] _start at :0
  [29]  at :0
"
2026-08-06T11:39:01.609Z,2026.06.1,"  [0] performCrashLogging at ResInsight/ApplicationExeCode/RiaMainTools.cpp:170
  [1] manageSegFailureSA(int, siginfo_t*, void*) at ResInsight/ApplicationExeCode/RiaMainTools.cpp:302
  [2]  at :0
  [3] QWidgetPrivate::shouldPaintOnScreen() const at :0
  [4] QWidgetRepaintManager::markNeedsFlush(QWidget*, QRegion const&, QPoint const&) at :0
  [5] QWidgetPrivate::drawWidget(QPaintDevice*, QRegion const&, QPoint const&, QFlags<QWidgetPrivate::DrawWidgetFlag>, QPainter*, QWidgetRepaintManager*) at :0
  [6] QWidgetPrivate::paintSiblingsRecursive(QPaintDevice*, QList<QObject*> const&, int, QRegion const&, QPoint const&, QFlags<QWidgetPrivate::DrawWidgetFlag>, QPainter*, QWidgetRepaintManager*) at :0
  [7] QWidgetPrivate::drawWidget(QPaintDevice*, QRegion const&, QPoint const&, QFlags<QWidgetPrivate::DrawWidgetFlag>, QPainter*, QWidgetRepaintManager*) at :0
  [8] QWidgetPrivate::paintSiblingsRecursive(QPaintDevice*, QList<QObject*> const&, int, QRegion const&, QPoint const&, QFlags<QWidgetPrivate::DrawWidgetFlag>, QPainter*, QWidgetRepaintManager*) at :0
  [9] QWidgetPrivate::drawWidget(QPaintDevice*, QRegion const&, QPoint const&, QFlags<QWidgetPrivate::DrawWidgetFlag>, QPainter*, QWidgetRepaintManager*) at :0
  [10] QWidgetPrivate::paintSiblingsRecursive(QPaintDevice*, QList<QObject*> const&, int, QRegion const&, QPoint const&, QFlags<QWidgetPrivate::DrawWidgetFlag>, QPainter*, QWidgetRepaintManager*) at :0
  [11] QWidgetPrivate::drawWidget(QPaintDevice*, QRegion const&, QPoint const&, QFlags<QWidgetPrivate::DrawWidgetFlag>, QPainter*, QWidgetRepaintManager*) at :0
  [12] QWidgetPrivate::paintSiblingsRecursive(QPaintDevice*, QList<QObject*> const&, int, QRegion const&, QPoint const&, QFlags<QWidgetPrivate::DrawWidgetFlag>, QPainter*, QWidgetRepaintManager*) at :0
  [13] QWidgetPrivate::drawWidget(QPaintDevice*, QRegion const&, QPoint const&, QFlags<QWidgetPrivate::DrawWidgetFlag>, QPainter*, QWidgetRepaintManager*) at :0
  [14] QWidgetPrivate::paintSiblingsRecursive(QPaintDevice*, QList<QObject*> const&, int, QRegion const&, QPoint const&, QFlags<QWidgetPrivate::DrawWidgetFlag>, QPainter*, QWidgetRepaintManager*) at :0
  [15] QWidgetPrivate::drawWidget(QPaintDevice*, QRegion const&, QPoint const&, QFlags<QWidgetPrivate::DrawWidgetFlag>, QPainter*, QWidgetRepaintManager*) at :0
  [16] QWidgetPrivate::paintSiblingsRecursive(QPaintDevice*, QList<QObject*> const&, int, QRegion const&, QPoint const&, QFlags<QWidgetPrivate::DrawWidgetFlag>, QPainter*, QWidgetRepaintManager*) at :0
  [17] QWidgetPrivate::drawWidget(QPaintDevice*, QRegion const&, QPoint const&, QFlags<QWidgetPrivate::DrawWidgetFlag>, QPainter*, QWidgetRepaintManager*) at :0
  [18] QWidgetPrivate::paintSiblingsRecursive(QPaintDevice*, QList<QObject*> const&, int, QRegion const&, QPoint const&, QFlags<QWidgetPrivate::DrawWidgetFlag>, QPainter*, QWidgetRepaintManager*) at :0
  [19] QWidgetPrivate::drawWidget(QPaintDevice*, QRegion const&, QPoint const&, QFlags<QWidgetPrivate::DrawWidgetFlag>, QPainter*, QWidgetRepaintManager*) at :0
  [20] QWidgetPrivate::paintSiblingsRecursive(QPaintDevice*, QList<QObject*> const&, int, QRegion const&, QPoint const&, QFlags<QWidgetPrivate::DrawWidgetFlag>, QPainter*, QWidgetRepaintManager*) at :0
  [21] QWidgetPrivate::drawWidget(QPaintDevice*, QRegion const&, QPoint const&, QFlags<QWidgetPrivate::DrawWidgetFlag>, QPainter*, QWidgetRepaintManager*) at :0
  [22] QWidgetPrivate::paintSiblingsRecursive(QPaintDevice*, QList<QObject*> const&, int, QRegion const&, QPoint const&, QFlags<QWidgetPrivate::DrawWidgetFlag>, QPainter*, QWidgetRepaintManager*) at :0
  [23] QWidgetPrivate::drawWidget(QPaintDevice*, QRegion const&, QPoint const&, QFlags<QWidgetPrivate::DrawWidgetFlag>, QPainter*, QWidgetRepaintManager*) at :0
  [24] QWidgetPrivate::paintSiblingsRecursive(QPaintDevice*, QList<QObject*> const&, int, QRegion const&, QPoint const&, QFlags<QWidgetPrivate::DrawWidgetFlag>, QPainter*, QWidgetRepaintManager*) at :0
  [25] QWidgetPrivate::drawWidget(QPaintDevice*, QRegion const&, QPoint const&, QFlags<QWidgetPrivate::DrawWidgetFlag>, QPainter*, QWidgetRepaintManager*) at :0
  [26] QWidgetPrivate::paintSiblingsRecursive(QPaintDevice*, QList<QObject*> const&, int, QRegion const&, QPoint const&, QFlags<QWidgetPrivate::DrawWidgetFlag>, QPainter*, QWidgetRepaintManager*) at :0
  [27] QWidgetPrivate::drawWidget(QPaintDevice*, QRegion const&, QPoint const&, QFlags<QWidgetPrivate::DrawWidgetFlag>, QPainter*, QWidgetRepaintManager*) at :0
  [28] QWidgetPrivate::paintSiblingsRecursive(QPaintDevice*, QList<QObject*> const&, int, QRegion const&, QPoint const&, QFlags<QWidgetPrivate::DrawWidgetFlag>, QPainter*, QWidgetRepaintManager*) at :0
  [29] QWidgetPrivate::drawWidget(QPaintDevice*, QRegion const&, QPoint const&, QFlags<QWidgetPrivate::DrawWidgetFlag>, QPainter*, QWidgetRepaintManager*) at :0
  [30] QWidgetPrivate::paintSiblingsRecursive(QPaintDevice*, QList<QObject*> const&, int, QRegion const&, QPoint const&, QFlags<QWidgetPrivate::DrawWidgetFlag>, QPainter*, QWidgetRepaintManager*) at :0
  [31] QWidgetPrivate::drawWidget(QPaintDevice*, QRegion const&, QPoint const&, QFlags<QWidgetPrivate::DrawWidgetFlag>, QPainter*, QWidgetRepaintManager*) at :0
  [32] QWidgetPrivate::paintSiblingsRecursive(QPaintDevice*, QList<QObject*> const&, int, QRegion const&, QPoint const&, QFlags<QWidgetPrivate::DrawWidgetFlag>, QPainter*, QWidgetRepaintManager*) at :0
  [33] QWidgetPrivate::drawWidget(QPaintDevice*, QRegion const&, QPoint const&, QFlags<QWidgetPrivate::DrawWidgetFlag>, QPainter*, QWidgetRepaintManager*) at :0
  [34] QWidgetPrivate::paintSiblingsRecursive(QPaintDevice*, QList<QObject*> const&, int, QRegion const&, QPoint const&, QFlags<QWidgetPrivate::DrawWidgetFlag>, QPainter*, QWidgetRepaintManager*) at :0
  [35] QWidgetPrivate::drawWidget(QPaintDevice*, QRegion const&, QPoint const&, QFlags<QWidgetPrivate::DrawWidgetFlag>, QPainter*, QWidgetRepaintManager*) at :0
  [36] QWidgetPrivate::paintSiblingsRecursive(QPaintDevice*, QList<QObject*> const&, int, QRegion const&, QPoint const&, QFlags<QWidgetPrivate::DrawWidgetFlag>, QPainter*, QWidgetRepaintManager*) at :0
  [37] QWidgetPrivate::drawWidget(QPaintDevice*, QRegion const&, QPoint const&, QFlags<QWidgetPrivate::DrawWidgetFlag>, QPainter*, QWidgetRepaintManager*) at :0
  [38] QWidgetPrivate::paintSiblingsRecursive(QPaintDevice*, QList<QObject*> const&, int, QRegion const&, QPoint const&, QFlags<QWidgetPrivate::DrawWidgetFlag>, QPainter*, QWidgetRepaintManager*) at :0
  [39] QWidgetPrivate::drawWidget(QPaintDevice*, QRegion const&, QPoint const&, QFlags<QWidgetPrivate::DrawWidgetFlag>, QPainter*, QWidgetRepaintManager*) at :0
  [40] QWidgetRepaintManager::paintAndFlush() at :0
  [41] QWidget::event(QEvent*) at :0
  [42] QApplicationPrivate::notify_helper(QObject*, QEvent*) at :0
  [43] RiaGuiApplication::notify(QObject*, QEvent*) at ResInsight/ApplicationLibCode/Application/RiaGuiApplication.cpp:1828
  [44] QCoreApplication::notifyInternal2(QObject*, QEvent*) at :0
  [45] QCoreApplicationPrivate::sendPostedEvents(QObject*, int, QThreadData*) at :0
  [46]  at :0
  [47] g_main_context_dispatch at :0
  [48] g_main_context_iterate.isra.20 at :0
  [49] g_main_context_iteration at :0
  [50] QEventDispatcherGlib::processEvents(QFlags<QEventLoop::ProcessEventsFlag>) at :0
  [51] QEventLoop::exec(QFlags<QEventLoop::ProcessEventsFlag>) at :0
  [52] QCoreApplication::exec() at :0
  [53] main at ResInsight/ApplicationExeCode/RiaMain.cpp:267
  [54] __libc_start_main at :0
  [55] _start at :0
  [56]  at :0
"
2026-08-06T07:24:06.083Z,2026.06.1,"  [0] performCrashLogging at ResInsight/ApplicationExeCode/RiaMainTools.cpp:170
  [1] manageSegFailureSA(int, siginfo_t*, void*) at ResInsight/ApplicationExeCode/RiaMainTools.cpp:302
  [2]  at :0
  [3] __GI_raise at :0
  [4] __GI_abort at :0
  [5] caf::PdmUiEditorHandle::updateUi(QString const&) at ResInsight/Fwk/AppFwk/cafProjectDataModel/cafPdmUiCore/cafPdmUiEditorHandle.cpp:65
  [6] caf::PdmUiPropertyView::showProperties(caf::PdmObjectHandle*) at ResInsight/Fwk/AppFwk/cafUserInterface/cafPdmUiPropertyView.cpp:213
  [7] RiuMainWindow::cleanupGuiCaseClose() at ResInsight/ApplicationLibCode/UserInterface/RiuMainWindow.cpp:312
  [8] RiaGuiApplication::onProjectBeingClosed() at ResInsight/ApplicationLibCode/Application/RiaGuiApplication.cpp:1409
  [9] RiaApplication::closeProject() at ResInsight/ApplicationLibCode/Application/RiaApplication.cpp:1040
  [10] RicExitApplicationFeature::onActionTriggered(bool) at ResInsight/ApplicationLibCode/Commands/ApplicationCommands/RicExitApplicationFeature.cpp:70
  [11] caf::CmdFeature::actionTriggered(bool) at ResInsight/Fwk/AppFwk/cafCommand/cafCmdFeature.cpp:176
  [12]  at :0
  [13] QAction::triggered(bool) at :0
  [14] QAction::activate(QAction::ActionEvent) at :0
  [15]  at :0
  [16]  at :0
  [17] QWidget::event(QEvent*) at :0
  [18] QApplicationPrivate::notify_helper(QObject*, QEvent*) at :0
  [19] QApplication::notify(QObject*, QEvent*) at :0
  [20] RiaGuiApplication::notify(QObject*, QEvent*) at ResInsight/ApplicationLibCode/Application/RiaGuiApplication.cpp:1828
  [21] QCoreApplication::notifyInternal2(QObject*, QEvent*) at :0
  [22] QApplicationPrivate::sendMouseEvent(QWidget*, QMouseEvent*, QWidget*, QWidget*, QWidget**, QPointer<QWidget>&, bool, bool) at :0
  [23]  at :0
  [24]  at :0
  [25] QApplicationPrivate::notify_helper(QObject*, QEvent*) at :0
  [26] RiaGuiApplication::notify(QObject*, QEvent*) at ResInsight/ApplicationLibCode/Application/RiaGuiApplication.cpp:1828
  [27] QCoreApplication::notifyInternal2(QObject*, QEvent*) at :0
  [28] QGuiApplicationPrivate::processMouseEvent(QWindowSystemInterfacePrivate::MouseEvent*) at :0
  [29] QWindowSystemInterface::sendWindowSystemEvents(QFlags<QEventLoop::ProcessEventsFlag>) at :0
  [30]  at :0
  [31] g_main_context_dispatch at :0
  [32] g_main_context_iterate.isra.20 at :0
  [33] g_main_context_iteration at :0
  [34] QEventDispatcherGlib::processEvents(QFlags<QEventLoop::ProcessEventsFlag>) at :0
  [35] QEventLoop::exec(QFlags<QEventLoop::ProcessEventsFlag>) at :0
  [36] QCoreApplication::exec() at :0
  [37] main at ResInsight/ApplicationExeCode/RiaMain.cpp:267
  [38] __libc_start_main at :0
  [39] _start at :0
  [40]  at :0
"
2026-08-05T22:05:04.956Z,2026.06.1,"  [0] performCrashLogging at ResInsight/ApplicationExeCode/RiaMainTools.cpp:170
  [1] manageSegFailureSA(int, siginfo_t*, void*) at ResInsight/ApplicationExeCode/RiaMainTools.cpp:302
  [2]  at :0
  [3] cvf::Vector3<double>::operator=(cvf::Vector3<double> const&) at ResInsight/Fwk/VizFwk/LibCore/cvfVector3.inl:140
  [4] RigActiveCellInfo::geometryBoundingBox() const at ResInsight/ApplicationLibCode/ReservoirDataModel/RigActiveCellInfo.cpp:168
  [5] RimEclipseView::appendWellsAndFracturesToModel() at ResInsight/ApplicationLibCode/ProjectDataModel/RimEclipseView.cpp:1171
  [6] RimEclipseContourMapView::updateGeometry() at ResInsight/ApplicationLibCode/ProjectDataModel/ContourMap/RimEclipseContourMapView.cpp:302
  [7] Rim3dView::updateDisplayModelForCurrentTimeStepAndRedraw() at ResInsight/ApplicationLibCode/ProjectDataModel/Rim3dView.cpp:673
  [8] RiuViewer::setCurrentFrame(int) at ResInsight/ApplicationLibCode/UserInterface/RiuViewer.cpp:1042
  [9] RiuViewer::slotSetCurrentFrame(int) at ResInsight/ApplicationLibCode/UserInterface/RiuViewer.cpp:357
  [10]  at :0
  [11] caf::FrameAnimationControl::changeFrame(int) at ResInsight/cmakebuild/Fwk/AppFwk/cafAnimControl/cafAnimControl_autogen/EWIEGA46WW/moc_cafFrameAnimationControl.cpp:321
  [12] RimEclipseView::updateDisplayModelForWellResults() at ResInsight/ApplicationLibCode/ProjectDataModel/RimEclipseView.cpp:1977
  [13] RimStatisticsContourMap::fieldChangedByUi(caf::PdmFieldHandle const*, QVariant const&, QVariant const&) at ResInsight/ApplicationLibCode/ProjectDataModel/ContourMap/RimStatisticsContourMap.cpp:376
  [14] caf::PdmUiFieldHandle::notifyFieldChanged(QVariant const&, QVariant const&) at ResInsight/Fwk/AppFwk/cafProjectDataModel/cafPdmUiCore/cafPdmUiFieldHandle.cpp:75
  [15] caf::PdmFieldUiCap<caf::PdmPtrField<RimEclipseCase*> >::setValueFromUiEditor(QVariant const&, bool) at ResInsight/Fwk/AppFwk/cafProjectDataModel/cafPdmUiCore/cafInternalPdmUiFieldCapability.inl:116
  [16] caf::CmdFieldChangeExec::redo() at ResInsight/Fwk/AppFwk/cafCommand/cafCmdFieldChangeExec.cpp:139
  [17] QUndoStack::push(QUndoCommand*) at :0
  [18] caf::CmdUiCommandSystemImpl::fieldChangedCommand(std::vector<caf::PdmFieldHandle*, std::allocator<caf::PdmFieldHandle*> > const&, QVariant const&) at ResInsight/Fwk/AppFwk/cafCommand/cafCmdUiCommandSystemImpl.cpp:146
  [19] caf::PdmUiCommandSystemProxy::setUiValueToField(caf::PdmUiFieldHandle*, QVariant const&) at ResInsight/Fwk/AppFwk/cafProjectDataModel/cafPdmUiCore/cafPdmUiCommandSystemProxy.cpp:113
  [20] caf::PdmUiComboBoxEditor::slotIndexActivated(int) at ResInsight/Fwk/AppFwk/cafUserInterface/cafPdmUiComboBoxEditor.cpp:455
  [21]  at :0
  [22] QComboBox::activated(int) at :0
  [23]  at :0
  [24]  at :0
  [25]  at :0
  [26] QComboBoxPrivateContainer::itemSelected(QModelIndex const&) at :0
  [27] QComboBoxPrivateContainer::eventFilter(QObject*, QEvent*) at :0
  [28] QCoreApplicationPrivate::sendThroughObjectEventFilters(QObject*, QEvent*) at :0
  [29] QApplicationPrivate::notify_helper(QObject*, QEvent*) at :0
  [30] QApplication::notify(QObject*, QEvent*) at :0
  [31] RiaGuiApplication::notify(QObject*, QEvent*) at ResInsight/ApplicationLibCode/Application/RiaGuiApplication.cpp:1828
  [32] QCoreApplication::notifyInternal2(QObject*, QEvent*) at :0
  [33] QApplicationPrivate::sendMouseEvent(QWidget*, QMouseEvent*, QWidget*, QWidget*, QWidget**, QPointer<QWidget>&, bool, bool) at :0
  [34]  at :0
  [35]  at :0
  [36] QApplicationPrivate::notify_helper(QObject*, QEvent*) at :0
  [37] RiaGuiApplication::notify(QObject*, QEvent*) at ResInsight/ApplicationLibCode/Application/RiaGuiApplication.cpp:1828
  [38] QCoreApplication::notifyInternal2(QObject*, QEvent*) at :0
  [39] QGuiApplicationPrivate::processMouseEvent(QWindowSystemInterfacePrivate::MouseEvent*) at :0
  [40] QWindowSystemInterface::sendWindowSystemEvents(QFlags<QEventLoop::ProcessEventsFlag>) at :0
  [41]  at :0
  [42] g_main_context_dispatch at :0
  [43] g_main_context_iterate.isra.20 at :0
  [44] g_main_context_iteration at :0
  [45] QEventDispatcherGlib::processEvents(QFlags<QEventLoop::ProcessEventsFlag>) at :0
  [46] QEventLoop::exec(QFlags<QEventLoop::ProcessEventsFlag>) at :0
  [47] QCoreApplication::exec() at :0
  [48] main at ResInsight/ApplicationExeCode/RiaMain.cpp:267
  [49] __libc_start_main at :0
  [50] _start at :0
  [51]  at :0
"
2026-08-05T21:51:38.742Z,2026.06.1,"  [0] performCrashLogging at ResInsight/ApplicationExeCode/RiaMainTools.cpp:170
  [1] manageSegFailureSA(int, siginfo_t*, void*) at ResInsight/ApplicationExeCode/RiaMainTools.cpp:302
  [2]  at :0
  [3] cvf::Vector3<double>::operator=(cvf::Vector3<double> const&) at ResInsight/Fwk/VizFwk/LibCore/cvfVector3.inl:140
  [4] RigActiveCellInfo::geometryBoundingBox() const at ResInsight/ApplicationLibCode/ReservoirDataModel/RigActiveCellInfo.cpp:168
  [5] RimEclipseView::appendWellsAndFracturesToModel() at ResInsight/ApplicationLibCode/ProjectDataModel/RimEclipseView.cpp:1171
  [6] RimEclipseContourMapView::updateGeometry() at ResInsight/ApplicationLibCode/ProjectDataModel/ContourMap/RimEclipseContourMapView.cpp:302
  [7] Rim3dView::updateDisplayModelForCurrentTimeStepAndRedraw() at ResInsight/ApplicationLibCode/ProjectDataModel/Rim3dView.cpp:673
  [8] RiuViewer::setCurrentFrame(int) at ResInsight/ApplicationLibCode/UserInterface/RiuViewer.cpp:1042
  [9] RiuViewer::slotSetCurrentFrame(int) at ResInsight/ApplicationLibCode/UserInterface/RiuViewer.cpp:357
  [10]  at :0
  [11] caf::FrameAnimationControl::changeFrame(int) at ResInsight/cmakebuild/Fwk/AppFwk/cafAnimControl/cafAnimControl_autogen/EWIEGA46WW/moc_cafFrameAnimationControl.cpp:321
  [12] RimEclipseView::updateDisplayModelForWellResults() at ResInsight/ApplicationLibCode/ProjectDataModel/RimEclipseView.cpp:1977
  [13] RimStatisticsContourMap::fieldChangedByUi(caf::PdmFieldHandle const*, QVariant const&, QVariant const&) at ResInsight/ApplicationLibCode/ProjectDataModel/ContourMap/RimStatisticsContourMap.cpp:376
  [14] caf::PdmUiFieldHandle::notifyFieldChanged(QVariant const&, QVariant const&) at ResInsight/Fwk/AppFwk/cafProjectDataModel/cafPdmUiCore/cafPdmUiFieldHandle.cpp:75
  [15] caf::PdmFieldUiCap<caf::PdmPtrField<RimEclipseCase*> >::setValueFromUiEditor(QVariant const&, bool) at ResInsight/Fwk/AppFwk/cafProjectDataModel/cafPdmUiCore/cafInternalPdmUiFieldCapability.inl:116
  [16] caf::CmdFieldChangeExec::redo() at ResInsight/Fwk/AppFwk/cafCommand/cafCmdFieldChangeExec.cpp:139
  [17] QUndoStack::push(QUndoCommand*) at :0
  [18] caf::CmdUiCommandSystemImpl::fieldChangedCommand(std::vector<caf::PdmFieldHandle*, std::allocator<caf::PdmFieldHandle*> > const&, QVariant const&) at ResInsight/Fwk/AppFwk/cafCommand/cafCmdUiCommandSystemImpl.cpp:146
  [19] caf::PdmUiCommandSystemProxy::setUiValueToField(caf::PdmUiFieldHandle*, QVariant const&) at ResInsight/Fwk/AppFwk/cafProjectDataModel/cafPdmUiCore/cafPdmUiCommandSystemProxy.cpp:113
  [20] caf::PdmUiComboBoxEditor::slotIndexActivated(int) at ResInsight/Fwk/AppFwk/cafUserInterface/cafPdmUiComboBoxEditor.cpp:455
  [21]  at :0
  [22] QComboBox::activated(int) at :0
  [23]  at :0
  [24]  at :0
  [25]  at :0
  [26] QComboBoxPrivateContainer::itemSelected(QModelIndex const&) at :0
  [27] QComboBoxPrivateContainer::eventFilter(QObject*, QEvent*) at :0
  [28] QCoreApplicationPrivate::sendThroughObjectEventFilters(QObject*, QEvent*) at :0
  [29] QApplicationPrivate::notify_helper(QObject*, QEvent*) at :0
  [30] QApplication::notify(QObject*, QEvent*) at :0
  [31] RiaGuiApplication::notify(QObject*, QEvent*) at ResInsight/ApplicationLibCode/Application/RiaGuiApplication.cpp:1828
  [32] QCoreApplication::notifyInternal2(QObject*, QEvent*) at :0
  [33] QApplicationPrivate::sendMouseEvent(QWidget*, QMouseEvent*, QWidget*, QWidget*, QWidget**, QPointer<QWidget>&, bool, bool) at :0
  [34]  at :0
  [35]  at :0
  [36] QApplicationPrivate::notify_helper(QObject*, QEvent*) at :0
  [37] RiaGuiApplication::notify(QObject*, QEvent*) at ResInsight/ApplicationLibCode/Application/RiaGuiApplication.cpp:1828
  [38] QCoreApplication::notifyInternal2(QObject*, QEvent*) at :0
  [39] QGuiApplicationPrivate::processMouseEvent(QWindowSystemInterfacePrivate::MouseEvent*) at :0
  [40] QWindowSystemInterface::sendWindowSystemEvents(QFlags<QEventLoop::ProcessEventsFlag>) at :0
  [41]  at :0
  [42] g_main_context_dispatch at :0
  [43] g_main_context_iterate.isra.20 at :0
  [44] g_main_context_iteration at :0
  [45] QEventDispatcherGlib::processEvents(QFlags<QEventLoop::ProcessEventsFlag>) at :0
  [46] QEventLoop::exec(QFlags<QEventLoop::ProcessEventsFlag>) at :0
  [47] QCoreApplication::exec() at :0
  [48] main at ResInsight/ApplicationExeCode/RiaMain.cpp:267
  [49] __libc_start_main at :0
  [50] _start at :0
  [51]  at :0
"
2026-08-05T10:09:00.267Z,2026.06.1,"  [0] performCrashLogging at ResInsight/ApplicationExeCode/RiaMainTools.cpp:170
  [1] manageSegFailureSA(int, siginfo_t*, void*) at ResInsight/ApplicationExeCode/RiaMainTools.cpp:302
  [2]  at :0
  [3] __GI_raise at :0
  [4] __GI_abort at :0
  [5] caf::PdmUiEditorHandle::updateUi(QString const&) at ResInsight/Fwk/AppFwk/cafProjectDataModel/cafPdmUiCore/cafPdmUiEditorHandle.cpp:65
  [6] caf::PdmUiPropertyView::showProperties(caf::PdmObjectHandle*) at ResInsight/Fwk/AppFwk/cafUserInterface/cafPdmUiPropertyView.cpp:213
  [7] RiuMainWindow::selectedObjectsChanged() at ResInsight/ApplicationLibCode/UserInterface/RiuMainWindow.cpp:1539
  [8]  at :0
  [9] caf::PdmUiTreeView::slotOnSelectionChanged() at ResInsight/Fwk/AppFwk/cafUserInterface/cafPdmUiTreeView.cpp:154
  [10]  at :0
  [11]  at :0
  [12] QItemSelectionModel::selectionChanged(QItemSelection const&, QItemSelection const&) at :0
  [13] QItemSelectionModel::emitSelectionChanged(QItemSelection const&, QItemSelection const&) at :0
  [14] QItemSelectionModel::select(QItemSelection const&, QFlags<QItemSelectionModel::SelectionFlag>) at :0
  [15] QTreeViewPrivate::select(QModelIndex const&, QModelIndex const&, QFlags<QItemSelectionModel::SelectionFlag>) at :0
  [16] QTreeView::setSelection(QRect const&, QFlags<QItemSelectionModel::SelectionFlag>) at :0
  [17] QAbstractItemView::mousePressEvent(QMouseEvent*) at :0
  [18] QWidget::event(QEvent*) at :0
  [19] QFrame::event(QEvent*) at :0
  [20] QCoreApplicationPrivate::sendThroughObjectEventFilters(QObject*, QEvent*) at :0
  [21] QApplicationPrivate::notify_helper(QObject*, QEvent*) at :0
  [22] QApplication::notify(QObject*, QEvent*) at :0
  [23] RiaGuiApplication::notify(QObject*, QEvent*) at ResInsight/ApplicationLibCode/Application/RiaGuiApplication.cpp:1828
  [24] QCoreApplication::notifyInternal2(QObject*, QEvent*) at :0
  [25] QApplicationPrivate::sendMouseEvent(QWidget*, QMouseEvent*, QWidget*, QWidget*, QWidget**, QPointer<QWidget>&, bool, bool) at :0
  [26]  at :0
  [27]  at :0
  [28] QApplicationPrivate::notify_helper(QObject*, QEvent*) at :0
  [29] RiaGuiApplication::notify(QObject*, QEvent*) at ResInsight/ApplicationLibCode/Application/RiaGuiApplication.cpp:1828
  [30] QCoreApplication::notifyInternal2(QObject*, QEvent*) at :0
  [31] QGuiApplicationPrivate::processMouseEvent(QWindowSystemInterfacePrivate::MouseEvent*) at :0
  [32] QWindowSystemInterface::sendWindowSystemEvents(QFlags<QEventLoop::ProcessEventsFlag>) at :0
  [33]  at :0
  [34] g_main_context_dispatch at :0
  [35] g_main_context_iterate.isra.20 at :0
  [36] g_main_context_iteration at :0
  [37] QEventDispatcherGlib::processEvents(QFlags<QEventLoop::ProcessEventsFlag>) at :0
  [38] QEventLoop::exec(QFlags<QEventLoop::ProcessEventsFlag>) at :0
  [39] QCoreApplication::exec() at :0
  [40] main at ResInsight/ApplicationExeCode/RiaMain.cpp:267
  [41] __libc_start_main at :0
  [42] _start at :0
  [43]  at :0
"
2026-08-05T09:57:47.861Z,2026.06.1,"  [0] performCrashLogging at ResInsight/ApplicationExeCode/RiaMainTools.cpp:170
  [1] manageSegFailureSA(int, siginfo_t*, void*) at ResInsight/ApplicationExeCode/RiaMainTools.cpp:302
  [2]  at :0
  [3] __GI_raise at :0
  [4] __GI_abort at :0
  [5] manageTerminate() at ResInsight/ApplicationExeCode/RiaMainTools.cpp:241
  [6] __cxxabiv1::__terminate(void (*)()) at :0
  [7] __cxa_call_terminate at :0
  [8] __gxx_personality_v0 at :0
  [9] _Unwind_RaiseException_Phase2 at :0
  [10] _Unwind_RaiseException at :0
  [11] __cxa_throw at :0
  [12] std::__throw_out_of_range_fmt(char const*, ...) [clone .cold.5] at :0
  [13] std::vector<double, std::allocator<double> >::_M_range_check(unsigned long) const at /opt/rh/gcc-toolset-13/root/usr/include/c++/13/bits/stl_vector.h:1158
  [14] RimGridCalculation::getActiveCellValues(QString const&, RiaDefines::ResultCatType, unsigned long, RiaDefines::PorosityModelType, RimEclipseCase*, RimEclipseCase*) const [clone ._omp_fn.0] at ResInsight/ApplicationLibCode/ProjectDataModel/RimGridCalculation.cpp:642
  [15] gomp_thread_start at :0
  [16] start_thread at :0
  [17] __GI___clone at :0
  [18]  at :0
"
2026-08-05T09:57:37.833Z,2026.06.1,"  [0] performCrashLogging at ResInsight/ApplicationExeCode/RiaMainTools.cpp:170
  [1] manageTerminate() at ResInsight/ApplicationExeCode/RiaMainTools.cpp:239
  [2] __cxxabiv1::__terminate(void (*)()) at :0
  [3] __cxa_call_terminate at :0
  [4] __gxx_personality_v0 at :0
  [5] _Unwind_RaiseException_Phase2 at :0
  [6] _Unwind_RaiseException at :0
  [7] __cxa_throw at :0
  [8] std::__throw_out_of_range_fmt(char const*, ...) [clone .cold.5] at :0
  [9] std::vector<double, std::allocator<double> >::_M_range_check(unsigned long) const at /opt/rh/gcc-toolset-13/root/usr/include/c++/13/bits/stl_vector.h:1158
  [10] RimGridCalculation::getActiveCellValues(QString const&, RiaDefines::ResultCatType, unsigned long, RiaDefines::PorosityModelType, RimEclipseCase*, RimEclipseCase*) const [clone ._omp_fn.0] at ResInsight/ApplicationLibCode/ProjectDataModel/RimGridCalculation.cpp:642
  [11] gomp_thread_start at :0
  [12] start_thread at :0
  [13] __GI___clone at :0
  [14]  at :0
"
2026-08-04T15:14:42Z,2026.06.1,"  [0] performCrashLogging at ResInsight/ApplicationExeCode/RiaMainTools.cpp:170
  [1] manageSegFailureSA(int, siginfo_t*, void*) at ResInsight/ApplicationExeCode/RiaMainTools.cpp:302
  [2]  at :0
  [3]  at :0
  [4] QComboBox::textActivated(QString const&) at :0
  [5]  at :0
  [6]  at :0
  [7]  at :0
  [8] QComboBoxPrivateContainer::itemSelected(QModelIndex const&) at :0
  [9] QComboBoxPrivateContainer::eventFilter(QObject*, QEvent*) at :0
  [10] QCoreApplicationPrivate::sendThroughObjectEventFilters(QObject*, QEvent*) at :0
  [11] QApplicationPrivate::notify_helper(QObject*, QEvent*) at :0
  [12] QApplication::notify(QObject*, QEvent*) at :0
  [13] RiaGuiApplication::notify(QObject*, QEvent*) at ResInsight/ApplicationLibCode/Application/RiaGuiApplication.cpp:1828
  [14] QCoreApplication::notifyInternal2(QObject*, QEvent*) at :0
  [15] QApplicationPrivate::sendMouseEvent(QWidget*, QMouseEvent*, QWidget*, QWidget*, QWidget**, QPointer<QWidget>&, bool, bool) at :0
  [16]  at :0
  [17]  at :0
  [18] QApplicationPrivate::notify_helper(QObject*, QEvent*) at :0
  [19] RiaGuiApplication::notify(QObject*, QEvent*) at ResInsight/ApplicationLibCode/Application/RiaGuiApplication.cpp:1828
  [20] QCoreApplication::notifyInternal2(QObject*, QEvent*) at :0
  [21] QGuiApplicationPrivate::processMouseEvent(QWindowSystemInterfacePrivate::MouseEvent*) at :0
  [22] QWindowSystemInterface::sendWindowSystemEvents(QFlags<QEventLoop::ProcessEventsFlag>) at :0
  [23]  at :0
  [24] g_main_context_dispatch at :0
  [25] g_main_context_iterate.isra.20 at :0
  [26] g_main_context_iteration at :0
  [27] QEventDispatcherGlib::processEvents(QFlags<QEventLoop::ProcessEventsFlag>) at :0
  [28] QEventLoop::exec(QFlags<QEventLoop::ProcessEventsFlag>) at :0
  [29] QCoreApplication::exec() at :0
  [30] main at ResInsight/ApplicationExeCode/RiaMain.cpp:267
  [31] __libc_start_main at :0
  [32] _start at :0
  [33]  at :0
"
2026-08-04T11:43:46.808Z,2026.06.1,"  [0] performCrashLogging at ResInsight/ApplicationExeCode/RiaMainTools.cpp:170
  [1] manageSegFailureSA(int, siginfo_t*, void*) at ResInsight/ApplicationExeCode/RiaMainTools.cpp:302
  [2]  at :0
  [3] RicCreateRftPlotsFeature::onActionTriggered(bool) at ResInsight/ApplicationLibCode/Commands/WellLogCommands/RicCreateRftPlotsFeature.cpp:65
  [4] caf::CmdFeature::actionTriggered(bool) at ResInsight/Fwk/AppFwk/cafCommand/cafCmdFeature.cpp:176
  [5]  at :0
  [6] QAction::triggered(bool) at :0
  [7] QAction::activate(QAction::ActionEvent) at :0
  [8]  at :0
  [9]  at :0
  [10] QWidget::event(QEvent*) at :0
  [11] QApplicationPrivate::notify_helper(QObject*, QEvent*) at :0
  [12] QApplication::notify(QObject*, QEvent*) at :0
  [13] RiaGuiApplication::notify(QObject*, QEvent*) at ResInsight/ApplicationLibCode/Application/RiaGuiApplication.cpp:1828
  [14] QCoreApplication::notifyInternal2(QObject*, QEvent*) at :0
  [15] QApplicationPrivate::sendMouseEvent(QWidget*, QMouseEvent*, QWidget*, QWidget*, QWidget**, QPointer<QWidget>&, bool, bool) at :0
  [16]  at :0
  [17]  at :0
  [18] QApplicationPrivate::notify_helper(QObject*, QEvent*) at :0
  [19] RiaGuiApplication::notify(QObject*, QEvent*) at ResInsight/ApplicationLibCode/Application/RiaGuiApplication.cpp:1828
  [20] QCoreApplication::notifyInternal2(QObject*, QEvent*) at :0
  [21] QGuiApplicationPrivate::processMouseEvent(QWindowSystemInterfacePrivate::MouseEvent*) at :0
  [22] QWindowSystemInterface::sendWindowSystemEvents(QFlags<QEventLoop::ProcessEventsFlag>) at :0
  [23]  at :0
  [24] g_main_context_dispatch at :0
  [25] g_main_context_iterate.isra.20 at :0
  [26] g_main_context_iteration at :0
  [27] QEventDispatcherGlib::processEvents(QFlags<QEventLoop::ProcessEventsFlag>) at :0
  [28] QEventLoop::exec(QFlags<QEventLoop::ProcessEventsFlag>) at :0
  [29]  at :0
  [30] QMenu::exec(QPoint const&, QAction*) at :0
  [31] RiuMainWindow::customMenuRequested(QPoint const&) at ResInsight/ApplicationLibCode/UserInterface/RiuMainWindow.cpp:2092
  [32]  at :0
  [33] QWidget::customContextMenuRequested(QPoint const&) at :0
  [34] QWidget::event(QEvent*) at :0
  [35] QFrame::event(QEvent*) at :0
  [36] QCoreApplicationPrivate::sendThroughObjectEventFilters(QObject*, QEvent*) at :0
  [37] QApplicationPrivate::notify_helper(QObject*, QEvent*) at :0
  [38] QApplication::notify(QObject*, QEvent*) at :0
  [39] RiaGuiApplication::notify(QObject*, QEvent*) at ResInsight/ApplicationLibCode/Application/RiaGuiApplication.cpp:1828
  [40] QCoreApplication::notifyInternal2(QObject*, QEvent*) at :0
  [41]  at :0
  [42]  at :0
  [43] QApplicationPrivate::notify_helper(QObject*, QEvent*) at :0
  [44] RiaGuiApplication::notify(QObject*, QEvent*) at ResInsight/ApplicationLibCode/Application/RiaGuiApplication.cpp:1828
  [45] QCoreApplication::notifyInternal2(QObject*, QEvent*) at :0
  [46] QGuiApplicationPrivate::processMouseEvent(QWindowSystemInterfacePrivate::MouseEvent*) at :0
  [47] QWindowSystemInterface::sendWindowSystemEvents(QFlags<QEventLoop::ProcessEventsFlag>) at :0
  [48]  at :0
  [49] g_main_context_dispatch at :0
  [50] g_main_context_iterate.isra.20 at :0
  [51] g_main_context_iteration at :0
  [52] QEventDispatcherGlib::processEvents(QFlags<QEventLoop::ProcessEventsFlag>) at :0
  [53] QEventLoop::exec(QFlags<QEventLoop::ProcessEventsFlag>) at :0
  [54] QCoreApplication::exec() at :0
  [55] main at ResInsight/ApplicationExeCode/RiaMain.cpp:267
  [56] __libc_start_main at :0
  [57] _start at :0
  [58]  at :0
"
2026-08-04T11:19:58.216Z,2026.06.1,"  [0] performCrashLogging at ResInsight/ApplicationExeCode/RiaMainTools.cpp:170
  [1] manageSegFailureSA(int, siginfo_t*, void*) at ResInsight/ApplicationExeCode/RiaMainTools.cpp:302
  [2]  at :0
  [3] RicCreateRftPlotsFeature::onActionTriggered(bool) at ResInsight/ApplicationLibCode/Commands/WellLogCommands/RicCreateRftPlotsFeature.cpp:65
  [4] caf::CmdFeature::actionTriggered(bool) at ResInsight/Fwk/AppFwk/cafCommand/cafCmdFeature.cpp:176
  [5]  at :0
  [6] QAction::triggered(bool) at :0
  [7] QAction::activate(QAction::ActionEvent) at :0
  [8]  at :0
  [9]  at :0
  [10] QWidget::event(QEvent*) at :0
  [11] QApplicationPrivate::notify_helper(QObject*, QEvent*) at :0
  [12] QApplication::notify(QObject*, QEvent*) at :0
  [13] RiaGuiApplication::notify(QObject*, QEvent*) at ResInsight/ApplicationLibCode/Application/RiaGuiApplication.cpp:1828
  [14] QCoreApplication::notifyInternal2(QObject*, QEvent*) at :0
  [15] QApplicationPrivate::sendMouseEvent(QWidget*, QMouseEvent*, QWidget*, QWidget*, QWidget**, QPointer<QWidget>&, bool, bool) at :0
  [16]  at :0
  [17]  at :0
  [18] QApplicationPrivate::notify_helper(QObject*, QEvent*) at :0
  [19] RiaGuiApplication::notify(QObject*, QEvent*) at ResInsight/ApplicationLibCode/Application/RiaGuiApplication.cpp:1828
  [20] QCoreApplication::notifyInternal2(QObject*, QEvent*) at :0
  [21] QGuiApplicationPrivate::processMouseEvent(QWindowSystemInterfacePrivate::MouseEvent*) at :0
  [22] QWindowSystemInterface::sendWindowSystemEvents(QFlags<QEventLoop::ProcessEventsFlag>) at :0
  [23]  at :0
  [24] g_main_context_dispatch at :0
  [25] g_main_context_iterate.isra.20 at :0
  [26] g_main_context_iteration at :0
  [27] QEventDispatcherGlib::processEvents(QFlags<QEventLoop::ProcessEventsFlag>) at :0
  [28] QEventLoop::exec(QFlags<QEventLoop::ProcessEventsFlag>) at :0
  [29]  at :0
  [30] QMenu::exec(QPoint const&, QAction*) at :0
  [31] RiuMainWindow::customMenuRequested(QPoint const&) at ResInsight/ApplicationLibCode/UserInterface/RiuMainWindow.cpp:2092
  [32]  at :0
  [33] QWidget::customContextMenuRequested(QPoint const&) at :0
  [34] QWidget::event(QEvent*) at :0
  [35] QFrame::event(QEvent*) at :0
  [36] QCoreApplicationPrivate::sendThroughObjectEventFilters(QObject*, QEvent*) at :0
  [37] QApplicationPrivate::notify_helper(QObject*, QEvent*) at :0
  [38] QApplication::notify(QObject*, QEvent*) at :0
  [39] RiaGuiApplication::notify(QObject*, QEvent*) at ResInsight/ApplicationLibCode/Application/RiaGuiApplication.cpp:1828
  [40] QCoreApplication::notifyInternal2(QObject*, QEvent*) at :0
  [41]  at :0
  [42]  at :0
  [43] QApplicationPrivate::notify_helper(QObject*, QEvent*) at :0
  [44] RiaGuiApplication::notify(QObject*, QEvent*) at ResInsight/ApplicationLibCode/Application/RiaGuiApplication.cpp:1828
  [45] QCoreApplication::notifyInternal2(QObject*, QEvent*) at :0
  [46] QGuiApplicationPrivate::processMouseEvent(QWindowSystemInterfacePrivate::MouseEvent*) at :0
  [47] QWindowSystemInterface::sendWindowSystemEvents(QFlags<QEventLoop::ProcessEventsFlag>) at :0
  [48]  at :0
  [49] g_main_context_dispatch at :0
  [50] g_main_context_iterate.isra.20 at :0
  [51] g_main_context_iteration at :0
  [52] QEventDispatcherGlib::processEvents(QFlags<QEventLoop::ProcessEventsFlag>) at :0
  [53] QEventLoop::exec(QFlags<QEventLoop::ProcessEventsFlag>) at :0
  [54] QCoreApplication::exec() at :0
  [55] main at ResInsight/ApplicationExeCode/RiaMain.cpp:267
  [56] __libc_start_main at :0
  [57] _start at :0
  [58]  at :0
"
2026-08-04T11:11:52.148Z,2026.06.1,"  [0] performCrashLogging at ResInsight/ApplicationExeCode/RiaMainTools.cpp:170
  [1] manageSegFailureSA(int, siginfo_t*, void*) at ResInsight/ApplicationExeCode/RiaMainTools.cpp:302
  [2]  at :0
  [3] __GI_raise at :0
  [4] __GI_abort at :0
  [5] caf::PdmUiEditorHandle::updateUi(QString const&) at ResInsight/Fwk/AppFwk/cafProjectDataModel/cafPdmUiCore/cafPdmUiEditorHandle.cpp:65
  [6] caf::PdmUiPropertyView::showProperties(caf::PdmObjectHandle*) at ResInsight/Fwk/AppFwk/cafUserInterface/cafPdmUiPropertyView.cpp:213
  [7] RiuMainWindow::selectedObjectsChanged() at ResInsight/ApplicationLibCode/UserInterface/RiuMainWindow.cpp:1539
  [8]  at :0
  [9] caf::PdmUiTreeView::slotOnSelectionChanged() at ResInsight/Fwk/AppFwk/cafUserInterface/cafPdmUiTreeView.cpp:154
  [10]  at :0
  [11]  at :0
  [12] QItemSelectionModel::selectionChanged(QItemSelection const&, QItemSelection const&) at :0
  [13] QItemSelectionModel::emitSelectionChanged(QItemSelection const&, QItemSelection const&) at :0
  [14] QItemSelectionModel::select(QItemSelection const&, QFlags<QItemSelectionModel::SelectionFlag>) at :0
  [15] QTreeViewPrivate::select(QModelIndex const&, QModelIndex const&, QFlags<QItemSelectionModel::SelectionFlag>) at :0
  [16] QTreeView::setSelection(QRect const&, QFlags<QItemSelectionModel::SelectionFlag>) at :0
  [17] QAbstractItemView::mousePressEvent(QMouseEvent*) at :0
  [18] QWidget::event(QEvent*) at :0
  [19] QFrame::event(QEvent*) at :0
  [20] QCoreApplicationPrivate::sendThroughObjectEventFilters(QObject*, QEvent*) at :0
  [21] QApplicationPrivate::notify_helper(QObject*, QEvent*) at :0
  [22] QApplication::notify(QObject*, QEvent*) at :0
  [23] RiaGuiApplication::notify(QObject*, QEvent*) at ResInsight/ApplicationLibCode/Application/RiaGuiApplication.cpp:1828
  [24] QCoreApplication::notifyInternal2(QObject*, QEvent*) at :0
  [25] QApplicationPrivate::sendMouseEvent(QWidget*, QMouseEvent*, QWidget*, QWidget*, QWidget**, QPointer<QWidget>&, bool, bool) at :0
  [26]  at :0
  [27]  at :0
  [28] QApplicationPrivate::notify_helper(QObject*, QEvent*) at :0
  [29] RiaGuiApplication::notify(QObject*, QEvent*) at ResInsight/ApplicationLibCode/Application/RiaGuiApplication.cpp:1828
  [30] QCoreApplication::notifyInternal2(QObject*, QEvent*) at :0
  [31] QGuiApplicationPrivate::processMouseEvent(QWindowSystemInterfacePrivate::MouseEvent*) at :0
  [32] QWindowSystemInterface::sendWindowSystemEvents(QFlags<QEventLoop::ProcessEventsFlag>) at :0
  [33]  at :0
  [34] g_main_context_dispatch at :0
  [35] g_main_context_iterate.isra.20 at :0
  [36] g_main_context_iteration at :0
  [37] QEventDispatcherGlib::processEvents(QFlags<QEventLoop::ProcessEventsFlag>) at :0
  [38] QEventLoop::exec(QFlags<QEventLoop::ProcessEventsFlag>) at :0
  [39] QCoreApplication::exec() at :0
  [40] main at ResInsight/ApplicationExeCode/RiaMain.cpp:267
  [41] __libc_start_main at :0
  [42] _start at :0
  [43]  at :0
"
2026-08-04T10:32:46.758Z,2026.06.1,"  [0] performCrashLogging at ResInsight/ApplicationExeCode/RiaMainTools.cpp:170
  [1] manageSegFailureSA(int, siginfo_t*, void*) at ResInsight/ApplicationExeCode/RiaMainTools.cpp:302
  [2]  at :0
  [3] __GI_raise at :0
  [4] __GI_abort at :0
  [5] caf::PdmUiEditorHandle::updateUi(QString const&) at ResInsight/Fwk/AppFwk/cafProjectDataModel/cafPdmUiCore/cafPdmUiEditorHandle.cpp:65
  [6] caf::PdmUiPropertyView::showProperties(caf::PdmObjectHandle*) at ResInsight/Fwk/AppFwk/cafUserInterface/cafPdmUiPropertyView.cpp:213
  [7] RiuMainWindow::selectedObjectsChanged() at ResInsight/ApplicationLibCode/UserInterface/RiuMainWindow.cpp:1539
  [8]  at :0
  [9] caf::PdmUiTreeView::slotOnSelectionChanged() at ResInsight/Fwk/AppFwk/cafUserInterface/cafPdmUiTreeView.cpp:154
  [10]  at :0
  [11] caf::PdmUiTreeViewEditor::eventFilter(QObject*, QEvent*) at ResInsight/Fwk/AppFwk/cafUserInterface/cafPdmUiTreeViewEditor.cpp:574
  [12] QCoreApplicationPrivate::sendThroughObjectEventFilters(QObject*, QEvent*) at :0
  [13] QApplicationPrivate::notify_helper(QObject*, QEvent*) at :0
  [14] RiaGuiApplication::notify(QObject*, QEvent*) at ResInsight/ApplicationLibCode/Application/RiaGuiApplication.cpp:1828
  [15] QCoreApplication::notifyInternal2(QObject*, QEvent*) at :0
  [16] QApplicationPrivate::setFocusWidget(QWidget*, Qt::FocusReason) at :0
  [17] QWidget::setFocus(Qt::FocusReason) at :0
  [18] QApplicationPrivate::setActiveWindow(QWidget*) at :0
  [19] QApplicationPrivate::notifyActiveWindowChange(QWindow*) at :0
  [20] QGuiApplicationPrivate::processActivatedEvent(QWindowSystemInterfacePrivate::ActivatedWindowEvent*) at :0
  [21] QWindowSystemInterface::sendWindowSystemEvents(QFlags<QEventLoop::ProcessEventsFlag>) at :0
  [22]  at :0
  [23] g_main_context_dispatch at :0
  [24] g_main_context_iterate.isra.20 at :0
  [25] g_main_context_iteration at :0
  [26] QEventDispatcherGlib::processEvents(QFlags<QEventLoop::ProcessEventsFlag>) at :0
  [27] QEventLoop::exec(QFlags<QEventLoop::ProcessEventsFlag>) at :0
  [28] QCoreApplication::exec() at :0
  [29] main at ResInsight/ApplicationExeCode/RiaMain.cpp:267
  [30] __libc_start_main at :0
  [31] _start at :0
  [32]  at :0
"
2026-08-04T08:41:09.586Z,2026.06.1,"  [0] performCrashLogging at ResInsight/ApplicationExeCode/RiaMainTools.cpp:170
  [1] manageSegFailureSA(int, siginfo_t*, void*) at ResInsight/ApplicationExeCode/RiaMainTools.cpp:302
  [2]  at :0
  [3] __GI_raise at :0
  [4] __GI_abort at :0
  [5] cvf::AssertHandlerConsole::handleAssert(char const*, int, char const*, char const*) at ResInsight/Fwk/VizFwk/LibCore/cvfAssert.cpp:125
  [6] cvf::Frustum::isOutside(cvf::BoundingBox const&) const at ResInsight/Fwk/VizFwk/LibGeometry/cvfFrustum.cpp:203
  [7] cvf::ModelBasicList::partVisible(cvf::Part*, cvf::Camera const*, cvf::CullSettings const*, unsigned int, double*) at ResInsight/Fwk/VizFwk/LibViewing/cvfModelBasicList.cpp:215
  [8] cvf::ModelBasicList::findVisibleParts(cvf::PartRenderHintCollection*, cvf::Camera const&, cvf::CullSettings const&, unsigned int) at ResInsight/Fwk/VizFwk/LibViewing/cvfModelBasicList.cpp:181
  [9] cvf::Scene::findVisibleParts(cvf::PartRenderHintCollection*, cvf::Camera const&, cvf::CullSettings const&, unsigned int) at ResInsight/Fwk/VizFwk/LibViewing/cvfScene.cpp:87
  [10] cvf::Rendering::render(cvf::OpenGLContext*) at ResInsight/Fwk/VizFwk/LibViewing/cvfRendering.cpp:182
  [11] cvf::RenderSequence::render(cvf::OpenGLContext*) at ResInsight/Fwk/VizFwk/LibViewing/cvfRenderSequence.cpp:211
  [12] caf::Viewer::paintGL() at ResInsight/Fwk/AppFwk/cafViewer/cafViewer.cpp:901
  [13]  at :0
  [14] QWidget::event(QEvent*) at :0
  [15] QApplicationPrivate::notify_helper(QObject*, QEvent*) at :0
  [16] RiaGuiApplication::notify(QObject*, QEvent*) at ResInsight/ApplicationLibCode/Application/RiaGuiApplication.cpp:1828
  [17] QCoreApplication::notifyInternal2(QObject*, QEvent*) at :0
  [18] QWidgetPrivate::sendPaintEvent(QRegion const&) at :0
  [19] QWidgetRepaintManager::paintAndFlush() at :0
  [20] QWidget::event(QEvent*) at :0
  [21] QApplicationPrivate::notify_helper(QObject*, QEvent*) at :0
  [22] RiaGuiApplication::notify(QObject*, QEvent*) at ResInsight/ApplicationLibCode/Application/RiaGuiApplication.cpp:1828
  [23] QCoreApplication::notifyInternal2(QObject*, QEvent*) at :0
  [24] QCoreApplicationPrivate::sendPostedEvents(QObject*, int, QThreadData*) at :0
  [25]  at :0
  [26] g_main_context_dispatch at :0
  [27] g_main_context_iterate.isra.20 at :0
  [28] g_main_context_iteration at :0
  [29] QEventDispatcherGlib::processEvents(QFlags<QEventLoop::ProcessEventsFlag>) at :0
  [30] QEventLoop::exec(QFlags<QEventLoop::ProcessEventsFlag>) at :0
  [31] QCoreApplication::exec() at :0
  [32] main at ResInsight/ApplicationExeCode/RiaMain.cpp:267
  [33] __libc_start_main at :0
  [34] _start at :0
  [35]  at :0
"
2026-08-04T08:40:51.375Z,2026.06.1,"  [0] performCrashLogging at ResInsight/ApplicationExeCode/RiaMainTools.cpp:170
  [1] manageSegFailureSA(int, siginfo_t*, void*) at ResInsight/ApplicationExeCode/RiaMainTools.cpp:302
  [2]  at :0
  [3] __GI_raise at :0
  [4] __GI_abort at :0
  [5] cvf::AssertHandlerConsole::handleAssert(char const*, int, char const*, char const*) at ResInsight/Fwk/VizFwk/LibCore/cvfAssert.cpp:125
  [6] cvf::Frustum::isOutside(cvf::BoundingBox const&) const at ResInsight/Fwk/VizFwk/LibGeometry/cvfFrustum.cpp:203
  [7] cvf::ModelBasicList::partVisible(cvf::Part*, cvf::Camera const*, cvf::CullSettings const*, unsigned int, double*) at ResInsight/Fwk/VizFwk/LibViewing/cvfModelBasicList.cpp:215
  [8] cvf::ModelBasicList::findVisibleParts(cvf::PartRenderHintCollection*, cvf::Camera const&, cvf::CullSettings const&, unsigned int) at ResInsight/Fwk/VizFwk/LibViewing/cvfModelBasicList.cpp:181
  [9] cvf::Scene::findVisibleParts(cvf::PartRenderHintCollection*, cvf::Camera const&, cvf::CullSettings const&, unsigned int) at ResInsight/Fwk/VizFwk/LibViewing/cvfScene.cpp:87
  [10] cvf::Rendering::render(cvf::OpenGLContext*) at ResInsight/Fwk/VizFwk/LibViewing/cvfRendering.cpp:182
  [11] cvf::RenderSequence::render(cvf::OpenGLContext*) at ResInsight/Fwk/VizFwk/LibViewing/cvfRenderSequence.cpp:211
  [12] caf::Viewer::paintGL() at ResInsight/Fwk/AppFwk/cafViewer/cafViewer.cpp:901
  [13]  at :0
  [14] QWidget::event(QEvent*) at :0
  [15] QApplicationPrivate::notify_helper(QObject*, QEvent*) at :0
  [16] RiaGuiApplication::notify(QObject*, QEvent*) at ResInsight/ApplicationLibCode/Application/RiaGuiApplication.cpp:1828
  [17] QCoreApplication::notifyInternal2(QObject*, QEvent*) at :0
  [18] QWidgetPrivate::sendPaintEvent(QRegion const&) at :0
  [19] QWidgetRepaintManager::paintAndFlush() at :0
  [20] QWidget::event(QEvent*) at :0
  [21] QApplicationPrivate::notify_helper(QObject*, QEvent*) at :0
  [22] RiaGuiApplication::notify(QObject*, QEvent*) at ResInsight/ApplicationLibCode/Application/RiaGuiApplication.cpp:1828
  [23] QCoreApplication::notifyInternal2(QObject*, QEvent*) at :0
  [24] QCoreApplicationPrivate::sendPostedEvents(QObject*, int, QThreadData*) at :0
  [25]  at :0
  [26] g_main_context_dispatch at :0
  [27] g_main_context_iterate.isra.20 at :0
  [28] g_main_context_iteration at :0
  [29] QEventDispatcherGlib::processEvents(QFlags<QEventLoop::ProcessEventsFlag>) at :0
  [30] QEventLoop::exec(QFlags<QEventLoop::ProcessEventsFlag>) at :0
  [31] QCoreApplication::exec() at :0
  [32] main at ResInsight/ApplicationExeCode/RiaMain.cpp:267
  [33] __libc_start_main at :0
  [34] _start at :0
  [35]  at :0
"
2026-08-04T08:29:16.39Z,2026.06.1,"  [0] performCrashLogging at ResInsight/ApplicationExeCode/RiaMainTools.cpp:170
  [1] manageSegFailureSA(int, siginfo_t*, void*) at ResInsight/ApplicationExeCode/RiaMainTools.cpp:302
  [2]  at :0
  [3] RigCaseCellResultsData::computeRiTransComponent(QString const&) at ResInsight/ApplicationLibCode/ReservoirDataModel/RigCaseCellResultsData.cpp:2312
  [4] RigCaseCellResultsData::findOrLoadKnownScalarResult(RigEclipseResultAddress const&) at ResInsight/ApplicationLibCode/ReservoirDataModel/RigCaseCellResultsData.cpp:1411
  [5] RigCaseCellResultsData::computeRiMULTComponent(QString const&) at ResInsight/ApplicationLibCode/ReservoirDataModel/RigCaseCellResultsData.cpp:2569
  [6] RigCaseCellResultsData::findOrLoadKnownScalarResult(RigEclipseResultAddress const&) at ResInsight/ApplicationLibCode/ReservoirDataModel/RigCaseCellResultsData.cpp:1424
  [7] RigCaseCellResultsData::ensureKnownResultLoaded(RigEclipseResultAddress const&) at ResInsight/ApplicationLibCode/ReservoirDataModel/RigCaseCellResultsData.cpp:1271
  [8] RifEclipseInputFileTools::extractKeywordData[abi:cxx11](RigEclipseCaseData*, QString const&, cvf::Vector3<unsigned long> const&, cvf::Vector3<unsigned long> const&, cvf::Vector3<unsigned long> const&) at ResInsight/ApplicationLibCode/FileInterface/RifEclipseInputFileTools.cpp:278
  [9] RifEclipseInputFileTools::exportKeywords(QString const&, RigEclipseCaseData*, std::vector<QString, std::allocator<QString> > const&, bool, cvf::Vector3<unsigned long> const&, cvf::Vector3<unsigned long> const&, cvf::Vector3<unsigned long> const&) at ResInsight/ApplicationLibCode/FileInterface/RifEclipseInputFileTools.cpp:454
  [10] RicExportEclipseSectorModelFeature::exportParameters(RimEclipseView*, RicExportEclipseSectorModelUi const&) at ResInsight/ApplicationLibCode/Commands/ExportCommands/RicExportEclipseSectorModelFeature.cpp:205
  [11] RicExportEclipseSectorModelFeature::executeCommand(RimEclipseView*, RicExportEclipseSectorModelUi const&, QString const&) at ResInsight/ApplicationLibCode/Commands/ExportCommands/RicExportEclipseSectorModelFeature.cpp:147
  [12] RicExportEclipseSectorModelFeature::openDialogAndExecuteCommand(RimEclipseView*) at ResInsight/ApplicationLibCode/Commands/ExportCommands/RicExportEclipseSectorModelFeature.cpp:118
  [13] caf::CmdFeature::actionTriggered(bool) at ResInsight/Fwk/AppFwk/cafCommand/cafCmdFeature.cpp:176
  [14]  at :0
  [15] QAction::triggered(bool) at :0
  [16] QAction::activate(QAction::ActionEvent) at :0
  [17]  at :0
  [18]  at :0
  [19] QWidget::event(QEvent*) at :0
  [20] QApplicationPrivate::notify_helper(QObject*, QEvent*) at :0
  [21] QApplication::notify(QObject*, QEvent*) at :0
  [22] RiaGuiApplication::notify(QObject*, QEvent*) at ResInsight/ApplicationLibCode/Application/RiaGuiApplication.cpp:1828
  [23] QCoreApplication::notifyInternal2(QObject*, QEvent*) at :0
  [24] QApplicationPrivate::sendMouseEvent(QWidget*, QMouseEvent*, QWidget*, QWidget*, QWidget**, QPointer<QWidget>&, bool, bool) at :0
  [25]  at :0
  [26]  at :0
  [27] QApplicationPrivate::notify_helper(QObject*, QEvent*) at :0
  [28] RiaGuiApplication::notify(QObject*, QEvent*) at ResInsight/ApplicationLibCode/Application/RiaGuiApplication.cpp:1828
  [29] QCoreApplication::notifyInternal2(QObject*, QEvent*) at :0
  [30] QGuiApplicationPrivate::processMouseEvent(QWindowSystemInterfacePrivate::MouseEvent*) at :0
  [31] QWindowSystemInterface::sendWindowSystemEvents(QFlags<QEventLoop::ProcessEventsFlag>) at :0
  [32]  at :0
  [33] g_main_context_dispatch at :0
  [34] g_main_context_iterate.isra.20 at :0
  [35] g_main_context_iteration at :0
  [36] QEventDispatcherGlib::processEvents(QFlags<QEventLoop::ProcessEventsFlag>) at :0
  [37] QEventLoop::exec(QFlags<QEventLoop::ProcessEventsFlag>) at :0
  [38]  at :0
  [39] QMenu::exec(QPoint const&, QAction*) at :0
  [40] RiuMainWindow::customMenuRequested(QPoint const&) at ResInsight/ApplicationLibCode/UserInterface/RiuMainWindow.cpp:2092
  [41]  at :0
  [42] QWidget::customContextMenuRequested(QPoint const&) at :0
  [43] QWidget::event(QEvent*) at :0
  [44] QFrame::event(QEvent*) at :0
  [45] QCoreApplicationPrivate::sendThroughObjectEventFilters(QObject*, QEvent*) at :0
  [46] QApplicationPrivate::notify_helper(QObject*, QEvent*) at :0
  [47] QApplication::notify(QObject*, QEvent*) at :0
  [48] RiaGuiApplication::notify(QObject*, QEvent*) at ResInsight/ApplicationLibCode/Application/RiaGuiApplication.cpp:1828
  [49] QCoreApplication::notifyInternal2(QObject*, QEvent*) at :0
  [50]  at :0
  [51]  at :0
  [52] QApplicationPrivate::notify_helper(QObject*, QEvent*) at :0
  [53] RiaGuiApplication::notify(QObject*, QEvent*) at ResInsight/ApplicationLibCode/Application/RiaGuiApplication.cpp:1828
  [54] QCoreApplication::notifyInternal2(QObject*, QEvent*) at :0
  [55] QGuiApplicationPrivate::processMouseEvent(QWindowSystemInterfacePrivate::MouseEvent*) at :0
  [56] QWindowSystemInterface::sendWindowSystemEvents(QFlags<QEventLoop::ProcessEventsFlag>) at :0
  [57]  at :0
  [58] g_main_context_dispatch at :0
  [59] g_main_context_iterate.isra.20 at :0
  [60] g_main_context_iteration at :0
  [61] QEventDispatcherGlib::processEvents(QFlags<QEventLoop::ProcessEventsFlag>) at :0
  [62] QEventLoop::exec(QFlags<QEventLoop::ProcessEventsFlag>) at :0
  [63] QCoreApplication::exec() at :0
  [64] main at ResInsight/ApplicationExeCode/RiaMain.cpp:267
  [65] __libc_start_main at :0
  [66] _start at :0
  [67]  at :0
"
2026-08-04T06:29:09.68Z,2026.06.1,"  [0] performCrashLogging at ResInsight/ApplicationExeCode/RiaMainTools.cpp:170
  [1] manageSegFailureSA(int, siginfo_t*, void*) at ResInsight/ApplicationExeCode/RiaMainTools.cpp:302
  [2]  at :0
  [3] __GI_raise at :0
  [4] __GI_abort at :0
  [5] __libc_message at :0
  [6] malloc_printerr at :0
  [7] _int_free at :0
  [8] std::__new_allocator<std::_Rb_tree_node<caf::PdmObjectHandle**> >::deallocate(std::_Rb_tree_node<caf::PdmObjectHandle**>*, unsigned long) at /opt/rh/gcc-toolset-13/root/usr/include/c++/13/bits/new_allocator.h:172
  [9] std::_Rb_tree<caf::PdmObjectHandle**, caf::PdmObjectHandle**, std::_Identity<caf::PdmObjectHandle**>, std::less<caf::PdmObjectHandle**>, std::allocator<caf::PdmObjectHandle**> >::_M_erase(std::_Rb_tree_node<caf::PdmObjectHandle**>*) at /opt/rh/gcc-toolset-13/root/usr/include/c++/13/bits/stl_tree.h:1936
  [10] caf::AsyncPdmObjectVectorDeleter<RimSummaryCase>::AsyncPdmObjectVectorDeleter(std::vector<caf::PdmPointer<RimSummaryCase>, std::allocator<caf::PdmPointer<RimSummaryCase> > >&) at ResInsight/Fwk/AppFwk/cafProjectDataModel/cafPdmCore/cafAsyncObjectDeleter.inl:39
  [11] caf::PdmChildArrayField<RimSummaryCase*>::deleteChildrenAsync() at ResInsight/Fwk/AppFwk/cafProjectDataModel/cafPdmCore/cafPdmChildArrayField.inl:204
  [12] RimSummaryEnsemble::~RimSummaryEnsemble() at ResInsight/ApplicationLibCode/ProjectDataModel/Summary/RimSummaryEnsemble.cpp:119
  [13] RimSummaryFileSetEnsemble::~RimSummaryFileSetEnsemble() at ResInsight/ApplicationLibCode/ProjectDataModel/Summary/Ensemble/RimSummaryFileSetEnsemble.h:32
  [14] caf::AsyncPdmObjectVectorDeleter<RimSummaryEnsemble>::start()::{lambda(std::vector<caf::PdmObjectHandle*, std::allocator<caf::PdmObjectHandle*> >&&)#1}::operator()(std::vector<caf::PdmObjectHandle*, std::allocator<caf::PdmObjectHandle*> >&&) const at ResInsight/Fwk/AppFwk/cafProjectDataModel/cafPdmCore/cafAsyncObjectDeleter.inl:69
  [15] execute_native_thread_routine at :0
  [16] start_thread at :0
  [17] __GI___clone at :0
  [18]  at :0
"
2026-08-03T09:26:04.895Z,2026.06.1,"  [0] performCrashLogging at ResInsight/ApplicationExeCode/RiaMainTools.cpp:170
  [1] manageSegFailureSA(int, siginfo_t*, void*) at ResInsight/ApplicationExeCode/RiaMainTools.cpp:302
  [2]  at :0
  [3] QWidget::setFocus(Qt::FocusReason) at :0
  [4] QApplicationPrivate::giveFocusAccordingToFocusPolicy(QWidget*, QEvent*, QPoint) at :0
  [5] QApplication::notify(QObject*, QEvent*) at :0
  [6] RiaGuiApplication::notify(QObject*, QEvent*) at ResInsight/ApplicationLibCode/Application/RiaGuiApplication.cpp:1828
  [7] QCoreApplication::notifyInternal2(QObject*, QEvent*) at :0
  [8] QApplicationPrivate::sendMouseEvent(QWidget*, QMouseEvent*, QWidget*, QWidget*, QWidget**, QPointer<QWidget>&, bool, bool) at :0
  [9]  at :0
  [10]  at :0
  [11] QApplicationPrivate::notify_helper(QObject*, QEvent*) at :0
  [12] RiaGuiApplication::notify(QObject*, QEvent*) at ResInsight/ApplicationLibCode/Application/RiaGuiApplication.cpp:1828
  [13] QCoreApplication::notifyInternal2(QObject*, QEvent*) at :0
  [14] QGuiApplicationPrivate::processMouseEvent(QWindowSystemInterfacePrivate::MouseEvent*) at :0
  [15] QWindowSystemInterface::sendWindowSystemEvents(QFlags<QEventLoop::ProcessEventsFlag>) at :0
  [16]  at :0
  [17] g_main_context_dispatch at :0
  [18] g_main_context_iterate.isra.20 at :0
  [19] g_main_context_iteration at :0
  [20] QEventDispatcherGlib::processEvents(QFlags<QEventLoop::ProcessEventsFlag>) at :0
  [21] QEventLoop::exec(QFlags<QEventLoop::ProcessEventsFlag>) at :0
  [22] QCoreApplication::exec() at :0
  [23] main at ResInsight/ApplicationExeCode/RiaMain.cpp:267
  [24] __libc_start_main at :0
  [25] _start at :0
  [26]  at :0
"
2026-07-31T21:35:25.011Z,2026.06.1,"  [0] performCrashLogging at ResInsight/ApplicationExeCode/RiaMainTools.cpp:170
  [1] manageSegFailureSA(int, siginfo_t*, void*) at ResInsight/ApplicationExeCode/RiaMainTools.cpp:302
  [2]  at :0
  [3] __GI_raise at :0
  [4] __GI_abort at :0
  [5] cvf::AssertHandlerConsole::handleAssert(char const*, int, char const*, char const*) at ResInsight/Fwk/VizFwk/LibCore/cvfAssert.cpp:125
  [6] RifElementPropertyReader::readAllElementPropertiesInFileContainingField(std::__cxx11::basic_string<char, std::char_traits<char>, std::allocator<char> > const&) at ResInsight/ApplicationLibCode/FileInterface/RifElementPropertyReader.cpp:120
  [7] RigFemPartResultsCollection::findOrLoadScalarResult(int, RigFemResultAddress const&) at ResInsight/ApplicationLibCode/GeoMech/GeoMechDataModel/RigFemPartResultsCollection.cpp:451
  [8] RigFemPartResultsCollection::assertResultsLoaded(RigFemResultAddress const&) at ResInsight/ApplicationLibCode/GeoMech/GeoMechDataModel/RigFemPartResultsCollection.cpp:1014
  [9] RimGeoMechResultDefinition::hasResult() at ResInsight/ApplicationLibCode/ProjectDataModel/GeoMech/RimGeoMechResultDefinition.cpp:722
  [10] RimGeoMechView::isTimeStepDependentDataVisible() const at ResInsight/ApplicationLibCode/ProjectDataModel/GeoMech/RimGeoMechView.cpp:841
  [11] Rim3dView::isTimeStepDependentDataVisibleInThisOrComparisonView() const at ResInsight/ApplicationLibCode/ProjectDataModel/Rim3dView.cpp:603
  [12] RimGeoMechView::onCreateDisplayModel() at ResInsight/ApplicationLibCode/ProjectDataModel/GeoMech/RimGeoMechView.cpp:278
  [13] Rim3dView::createDisplayModelAndRedraw() at ResInsight/ApplicationLibCode/ProjectDataModel/Rim3dView.cpp:718
  [14] RiaViewRedrawScheduler::updateAndRedrawScheduledViews() at ResInsight/ApplicationLibCode/Application/RiaViewRedrawScheduler.cpp:93
  [15]  at :0
  [16] QTimer::timeout(QTimer::QPrivateSignal) at :0
  [17] QObject::event(QEvent*) at :0
  [18] QApplicationPrivate::notify_helper(QObject*, QEvent*) at :0
  [19] RiaGuiApplication::notify(QObject*, QEvent*) at ResInsight/ApplicationLibCode/Application/RiaGuiApplication.cpp:1828
  [20] QCoreApplication::notifyInternal2(QObject*, QEvent*) at :0
  [21] QTimerInfoList::activateTimers() at :0
  [22]  at :0
  [23] g_main_context_dispatch at :0
  [24] g_main_context_iterate.isra.20 at :0
  [25] g_main_context_iteration at :0
  [26] QEventDispatcherGlib::processEvents(QFlags<QEventLoop::ProcessEventsFlag>) at :0
  [27] QEventLoop::exec(QFlags<QEventLoop::ProcessEventsFlag>) at :0
  [28] QCoreApplication::exec() at :0
  [29] main at ResInsight/ApplicationExeCode/RiaMain.cpp:267
  [30] __libc_start_main at :0
  [31] _start at :0
  [32]  at :0
"
2026-07-31T14:01:23.432Z,2026.06.1,"  [0] performCrashLogging at ResInsight/ApplicationExeCode/RiaMainTools.cpp:170
  [1] manageSegFailureSA(int, siginfo_t*, void*) at ResInsight/ApplicationExeCode/RiaMainTools.cpp:302
  [2]  at :0
  [3] __GI_raise at :0
  [4] __GI_abort at :0
  [5] manageTerminate() at ResInsight/ApplicationExeCode/RiaMainTools.cpp:241
  [6] __cxxabiv1::__terminate(void (*)()) at :0
  [7] std::terminate() at :0
  [8] __cxa_throw at :0
  [9] std::__throw_out_of_range_fmt(char const*, ...) [clone .cold.5] at :0
  [10] std::vector<cvf::Vector3<double>, std::allocator<cvf::Vector3<double> > >::_M_range_check(unsigned long) const at /opt/rh/gcc-toolset-13/root/usr/include/c++/13/bits/stl_vector.h:1158
  [11] RigWellPath::interpolatedPointAlongWellPath(double, double*) const at ResInsight/ApplicationLibCode/ReservoirDataModel/Well/RigWellPath.cpp:260
  [12] RimWellPathFracture::updatePositionFromMeasuredDepth() at ResInsight/ApplicationLibCode/ProjectDataModel/Completions/RimWellPathFracture.cpp:248
  [13] RicNewWellPathFractureFeature::addFracture(gsl::not_null<RimWellPath*>, double) at ResInsight/ApplicationLibCode/Commands/FractureCommands/RicNewWellPathFractureFeature.cpp:79
  [14] caf::CmdFeature::actionTriggered(bool) at ResInsight/Fwk/AppFwk/cafCommand/cafCmdFeature.cpp:176
  [15]  at :0
  [16] QAction::triggered(bool) at :0
  [17] QAction::activate(QAction::ActionEvent) at :0
  [18]  at :0
  [19]  at :0
  [20] QWidget::event(QEvent*) at :0
  [21] QApplicationPrivate::notify_helper(QObject*, QEvent*) at :0
  [22] QApplication::notify(QObject*, QEvent*) at :0
  [23] RiaGuiApplication::notify(QObject*, QEvent*) at ResInsight/ApplicationLibCode/Application/RiaGuiApplication.cpp:1828
  [24] QCoreApplication::notifyInternal2(QObject*, QEvent*) at :0
  [25] QApplicationPrivate::sendMouseEvent(QWidget*, QMouseEvent*, QWidget*, QWidget*, QWidget**, QPointer<QWidget>&, bool, bool) at :0
  [26]  at :0
  [27]  at :0
  [28] QApplicationPrivate::notify_helper(QObject*, QEvent*) at :0
  [29] RiaGuiApplication::notify(QObject*, QEvent*) at ResInsight/ApplicationLibCode/Application/RiaGuiApplication.cpp:1828
  [30] QCoreApplication::notifyInternal2(QObject*, QEvent*) at :0
  [31] QGuiApplicationPrivate::processMouseEvent(QWindowSystemInterfacePrivate::MouseEvent*) at :0
  [32] QWindowSystemInterface::sendWindowSystemEvents(QFlags<QEventLoop::ProcessEventsFlag>) at :0
  [33]  at :0
  [34] g_main_context_dispatch at :0
  [35] g_main_context_iterate.isra.20 at :0
  [36] g_main_context_iteration at :0
  [37] QEventDispatcherGlib::processEvents(QFlags<QEventLoop::ProcessEventsFlag>) at :0
  [38] QEventLoop::exec(QFlags<QEventLoop::ProcessEventsFlag>) at :0
  [39]  at :0
  [40] QMenu::exec(QPoint const&, QAction*) at :0
  [41] RiuMainWindow::customMenuRequested(QPoint const&) at ResInsight/ApplicationLibCode/UserInterface/RiuMainWindow.cpp:2092
  [42]  at :0
  [43] QWidget::customContextMenuRequested(QPoint const&) at :0
  [44] QWidget::event(QEvent*) at :0
  [45] QFrame::event(QEvent*) at :0
  [46] QCoreApplicationPrivate::sendThroughObjectEventFilters(QObject*, QEvent*) at :0
  [47] QApplicationPrivate::notify_helper(QObject*, QEvent*) at :0
  [48] QApplication::notify(QObject*, QEvent*) at :0
  [49] RiaGuiApplication::notify(QObject*, QEvent*) at ResInsight/ApplicationLibCode/Application/RiaGuiApplication.cpp:1828
  [50] QCoreApplication::notifyInternal2(QObject*, QEvent*) at :0
  [51]  at :0
  [52]  at :0
  [53] QApplicationPrivate::notify_helper(QObject*, QEvent*) at :0
  [54] RiaGuiApplication::notify(QObject*, QEvent*) at ResInsight/ApplicationLibCode/Application/RiaGuiApplication.cpp:1828
  [55] QCoreApplication::notifyInternal2(QObject*, QEvent*) at :0
  [56] QGuiApplicationPrivate::processMouseEvent(QWindowSystemInterfacePrivate::MouseEvent*) at :0
  [57] QWindowSystemInterface::sendWindowSystemEvents(QFlags<QEventLoop::ProcessEventsFlag>) at :0
  [58]  at :0
  [59] g_main_context_dispatch at :0
  [60] g_main_context_iterate.isra.20 at :0
  [61] g_main_context_iteration at :0
  [62] QEventDispatcherGlib::processEvents(QFlags<QEventLoop::ProcessEventsFlag>) at :0
  [63] QEventLoop::exec(QFlags<QEventLoop::ProcessEventsFlag>) at :0
  [64] QCoreApplication::exec() at :0
  [65] main at ResInsight/ApplicationExeCode/RiaMain.cpp:267
  [66] __libc_start_main at :0
  [67] _start at :0
  [68]  at :0
"
2026-07-31T14:01:23.227Z,2026.06.1,"  [0] performCrashLogging at ResInsight/ApplicationExeCode/RiaMainTools.cpp:170
  [1] manageTerminate() at ResInsight/ApplicationExeCode/RiaMainTools.cpp:239
  [2] __cxxabiv1::__terminate(void (*)()) at :0
  [3] std::terminate() at :0
  [4] __cxa_throw at :0
  [5] std::__throw_out_of_range_fmt(char const*, ...) [clone .cold.5] at :0
  [6] std::vector<cvf::Vector3<double>, std::allocator<cvf::Vector3<double> > >::_M_range_check(unsigned long) const at /opt/rh/gcc-toolset-13/root/usr/include/c++/13/bits/stl_vector.h:1158
  [7] RigWellPath::interpolatedPointAlongWellPath(double, double*) const at ResInsight/ApplicationLibCode/ReservoirDataModel/Well/RigWellPath.cpp:260
  [8] RimWellPathFracture::updatePositionFromMeasuredDepth() at ResInsight/ApplicationLibCode/ProjectDataModel/Completions/RimWellPathFracture.cpp:248
  [9] RicNewWellPathFractureFeature::addFracture(gsl::not_null<RimWellPath*>, double) at ResInsight/ApplicationLibCode/Commands/FractureCommands/RicNewWellPathFractureFeature.cpp:79
  [10] caf::CmdFeature::actionTriggered(bool) at ResInsight/Fwk/AppFwk/cafCommand/cafCmdFeature.cpp:176
  [11]  at :0
  [12] QAction::triggered(bool) at :0
  [13] QAction::activate(QAction::ActionEvent) at :0
  [14]  at :0
  [15]  at :0
  [16] QWidget::event(QEvent*) at :0
  [17] QApplicationPrivate::notify_helper(QObject*, QEvent*) at :0
  [18] QApplication::notify(QObject*, QEvent*) at :0
  [19] RiaGuiApplication::notify(QObject*, QEvent*) at ResInsight/ApplicationLibCode/Application/RiaGuiApplication.cpp:1828
  [20] QCoreApplication::notifyInternal2(QObject*, QEvent*) at :0
  [21] QApplicationPrivate::sendMouseEvent(QWidget*, QMouseEvent*, QWidget*, QWidget*, QWidget**, QPointer<QWidget>&, bool, bool) at :0
  [22]  at :0
  [23]  at :0
  [24] QApplicationPrivate::notify_helper(QObject*, QEvent*) at :0
  [25] RiaGuiApplication::notify(QObject*, QEvent*) at ResInsight/ApplicationLibCode/Application/RiaGuiApplication.cpp:1828
  [26] QCoreApplication::notifyInternal2(QObject*, QEvent*) at :0
  [27] QGuiApplicationPrivate::processMouseEvent(QWindowSystemInterfacePrivate::MouseEvent*) at :0
  [28] QWindowSystemInterface::sendWindowSystemEvents(QFlags<QEventLoop::ProcessEventsFlag>) at :0
  [29]  at :0
  [30] g_main_context_dispatch at :0
  [31] g_main_context_iterate.isra.20 at :0
  [32] g_main_context_iteration at :0
  [33] QEventDispatcherGlib::processEvents(QFlags<QEventLoop::ProcessEventsFlag>) at :0
  [34] QEventLoop::exec(QFlags<QEventLoop::ProcessEventsFlag>) at :0
  [35]  at :0
  [36] QMenu::exec(QPoint const&, QAction*) at :0
  [37] RiuMainWindow::customMenuRequested(QPoint const&) at ResInsight/ApplicationLibCode/UserInterface/RiuMainWindow.cpp:2092
  [38]  at :0
  [39] QWidget::customContextMenuRequested(QPoint const&) at :0
  [40] QWidget::event(QEvent*) at :0
  [41] QFrame::event(QEvent*) at :0
  [42] QCoreApplicationPrivate::sendThroughObjectEventFilters(QObject*, QEvent*) at :0
  [43] QApplicationPrivate::notify_helper(QObject*, QEvent*) at :0
  [44] QApplication::notify(QObject*, QEvent*) at :0
  [45] RiaGuiApplication::notify(QObject*, QEvent*) at ResInsight/ApplicationLibCode/Application/RiaGuiApplication.cpp:1828
  [46] QCoreApplication::notifyInternal2(QObject*, QEvent*) at :0
  [47]  at :0
  [48]  at :0
  [49] QApplicationPrivate::notify_helper(QObject*, QEvent*) at :0
  [50] RiaGuiApplication::notify(QObject*, QEvent*) at ResInsight/ApplicationLibCode/Application/RiaGuiApplication.cpp:1828
  [51] QCoreApplication::notifyInternal2(QObject*, QEvent*) at :0
  [52] QGuiApplicationPrivate::processMouseEvent(QWindowSystemInterfacePrivate::MouseEvent*) at :0
  [53] QWindowSystemInterface::sendWindowSystemEvents(QFlags<QEventLoop::ProcessEventsFlag>) at :0
  [54]  at :0
  [55] g_main_context_dispatch at :0
  [56] g_main_context_iterate.isra.20 at :0
  [57] g_main_context_iteration at :0
  [58] QEventDispatcherGlib::processEvents(QFlags<QEventLoop::ProcessEventsFlag>) at :0
  [59] QEventLoop::exec(QFlags<QEventLoop::ProcessEventsFlag>) at :0
  [60] QCoreApplication::exec() at :0
  [61] main at ResInsight/ApplicationExeCode/RiaMain.cpp:267
  [62] __libc_start_main at :0
  [63] _start at :0
  [64]  at :0
"
2026-07-31T13:59:51.2Z,2026.06.1,"  [0] performCrashLogging at ResInsight/ApplicationExeCode/RiaMainTools.cpp:170
  [1] manageSegFailureSA(int, siginfo_t*, void*) at ResInsight/ApplicationExeCode/RiaMainTools.cpp:302
  [2]  at :0
  [3] __GI_raise at :0
  [4] __GI_abort at :0
  [5] manageTerminate() at ResInsight/ApplicationExeCode/RiaMainTools.cpp:241
  [6] __cxxabiv1::__terminate(void (*)()) at :0
  [7] std::terminate() at :0
  [8] __cxa_throw at :0
  [9] std::__throw_out_of_range_fmt(char const*, ...) [clone .cold.5] at :0
  [10] std::vector<cvf::Vector3<double>, std::allocator<cvf::Vector3<double> > >::_M_range_check(unsigned long) const at /opt/rh/gcc-toolset-13/root/usr/include/c++/13/bits/stl_vector.h:1158
  [11] RigWellPath::interpolatedPointAlongWellPath(double, double*) const at ResInsight/ApplicationLibCode/ReservoirDataModel/Well/RigWellPath.cpp:260
  [12] RimWellPathFracture::updatePositionFromMeasuredDepth() at ResInsight/ApplicationLibCode/ProjectDataModel/Completions/RimWellPathFracture.cpp:248
  [13] RicNewWellPathFractureFeature::addFracture(gsl::not_null<RimWellPath*>, double) at ResInsight/ApplicationLibCode/Commands/FractureCommands/RicNewWellPathFractureFeature.cpp:79
  [14] caf::CmdFeature::actionTriggered(bool) at ResInsight/Fwk/AppFwk/cafCommand/cafCmdFeature.cpp:176
  [15]  at :0
  [16] QAction::triggered(bool) at :0
  [17] QAction::activate(QAction::ActionEvent) at :0
  [18]  at :0
  [19]  at :0
  [20] QWidget::event(QEvent*) at :0
  [21] QApplicationPrivate::notify_helper(QObject*, QEvent*) at :0
  [22] QApplication::notify(QObject*, QEvent*) at :0
  [23] RiaGuiApplication::notify(QObject*, QEvent*) at ResInsight/ApplicationLibCode/Application/RiaGuiApplication.cpp:1828
  [24] QCoreApplication::notifyInternal2(QObject*, QEvent*) at :0
  [25] QApplicationPrivate::sendMouseEvent(QWidget*, QMouseEvent*, QWidget*, QWidget*, QWidget**, QPointer<QWidget>&, bool, bool) at :0
  [26]  at :0
  [27]  at :0
  [28] QApplicationPrivate::notify_helper(QObject*, QEvent*) at :0
  [29] RiaGuiApplication::notify(QObject*, QEvent*) at ResInsight/ApplicationLibCode/Application/RiaGuiApplication.cpp:1828
  [30] QCoreApplication::notifyInternal2(QObject*, QEvent*) at :0
  [31] QGuiApplicationPrivate::processMouseEvent(QWindowSystemInterfacePrivate::MouseEvent*) at :0
  [32] QWindowSystemInterface::sendWindowSystemEvents(QFlags<QEventLoop::ProcessEventsFlag>) at :0
  [33]  at :0
  [34] g_main_context_dispatch at :0
  [35] g_main_context_iterate.isra.20 at :0
  [36] g_main_context_iteration at :0
  [37] QEventDispatcherGlib::processEvents(QFlags<QEventLoop::ProcessEventsFlag>) at :0
  [38] QEventLoop::exec(QFlags<QEventLoop::ProcessEventsFlag>) at :0
  [39]  at :0
  [40] QMenu::exec(QPoint const&, QAction*) at :0
  [41] RiuMainWindow::customMenuRequested(QPoint const&) at ResInsight/ApplicationLibCode/UserInterface/RiuMainWindow.cpp:2092
  [42]  at :0
  [43] QWidget::customContextMenuRequested(QPoint const&) at :0
  [44] QWidget::event(QEvent*) at :0
  [45] QFrame::event(QEvent*) at :0
  [46] QCoreApplicationPrivate::sendThroughObjectEventFilters(QObject*, QEvent*) at :0
  [47] QApplicationPrivate::notify_helper(QObject*, QEvent*) at :0
  [48] QApplication::notify(QObject*, QEvent*) at :0
  [49] RiaGuiApplication::notify(QObject*, QEvent*) at ResInsight/ApplicationLibCode/Application/RiaGuiApplication.cpp:1828
  [50] QCoreApplication::notifyInternal2(QObject*, QEvent*) at :0
  [51]  at :0
  [52]  at :0
  [53] QApplicationPrivate::notify_helper(QObject*, QEvent*) at :0
  [54] RiaGuiApplication::notify(QObject*, QEvent*) at ResInsight/ApplicationLibCode/Application/RiaGuiApplication.cpp:1828
  [55] QCoreApplication::notifyInternal2(QObject*, QEvent*) at :0
  [56] QGuiApplicationPrivate::processMouseEvent(QWindowSystemInterfacePrivate::MouseEvent*) at :0
  [57] QWindowSystemInterface::sendWindowSystemEvents(QFlags<QEventLoop::ProcessEventsFlag>) at :0
  [58]  at :0
  [59] g_main_context_dispatch at :0
  [60] g_main_context_iterate.isra.20 at :0
  [61] g_main_context_iteration at :0
  [62] QEventDispatcherGlib::processEvents(QFlags<QEventLoop::ProcessEventsFlag>) at :0
  [63] QEventLoop::exec(QFlags<QEventLoop::ProcessEventsFlag>) at :0
  [64] QCoreApplication::exec() at :0
  [65] main at ResInsight/ApplicationExeCode/RiaMain.cpp:267
  [66] __libc_start_main at :0
  [67] _start at :0
  [68]  at :0
"
2026-07-31T13:59:50.994Z,2026.06.1,"  [0] performCrashLogging at ResInsight/ApplicationExeCode/RiaMainTools.cpp:170
  [1] manageTerminate() at ResInsight/ApplicationExeCode/RiaMainTools.cpp:239
  [2] __cxxabiv1::__terminate(void (*)()) at :0
  [3] std::terminate() at :0
  [4] __cxa_throw at :0
  [5] std::__throw_out_of_range_fmt(char const*, ...) [clone .cold.5] at :0
  [6] std::vector<cvf::Vector3<double>, std::allocator<cvf::Vector3<double> > >::_M_range_check(unsigned long) const at /opt/rh/gcc-toolset-13/root/usr/include/c++/13/bits/stl_vector.h:1158
  [7] RigWellPath::interpolatedPointAlongWellPath(double, double*) const at ResInsight/ApplicationLibCode/ReservoirDataModel/Well/RigWellPath.cpp:260
  [8] RimWellPathFracture::updatePositionFromMeasuredDepth() at ResInsight/ApplicationLibCode/ProjectDataModel/Completions/RimWellPathFracture.cpp:248
  [9] RicNewWellPathFractureFeature::addFracture(gsl::not_null<RimWellPath*>, double) at ResInsight/ApplicationLibCode/Commands/FractureCommands/RicNewWellPathFractureFeature.cpp:79
  [10] caf::CmdFeature::actionTriggered(bool) at ResInsight/Fwk/AppFwk/cafCommand/cafCmdFeature.cpp:176
  [11]  at :0
  [12] QAction::triggered(bool) at :0
  [13] QAction::activate(QAction::ActionEvent) at :0
  [14]  at :0
  [15]  at :0
  [16] QWidget::event(QEvent*) at :0
  [17] QApplicationPrivate::notify_helper(QObject*, QEvent*) at :0
  [18] QApplication::notify(QObject*, QEvent*) at :0
  [19] RiaGuiApplication::notify(QObject*, QEvent*) at ResInsight/ApplicationLibCode/Application/RiaGuiApplication.cpp:1828
  [20] QCoreApplication::notifyInternal2(QObject*, QEvent*) at :0
  [21] QApplicationPrivate::sendMouseEvent(QWidget*, QMouseEvent*, QWidget*, QWidget*, QWidget**, QPointer<QWidget>&, bool, bool) at :0
  [22]  at :0
  [23]  at :0
  [24] QApplicationPrivate::notify_helper(QObject*, QEvent*) at :0
  [25] RiaGuiApplication::notify(QObject*, QEvent*) at ResInsight/ApplicationLibCode/Application/RiaGuiApplication.cpp:1828
  [26] QCoreApplication::notifyInternal2(QObject*, QEvent*) at :0
  [27] QGuiApplicationPrivate::processMouseEvent(QWindowSystemInterfacePrivate::MouseEvent*) at :0
  [28] QWindowSystemInterface::sendWindowSystemEvents(QFlags<QEventLoop::ProcessEventsFlag>) at :0
  [29]  at :0
  [30] g_main_context_dispatch at :0
  [31] g_main_context_iterate.isra.20 at :0
  [32] g_main_context_iteration at :0
  [33] QEventDispatcherGlib::processEvents(QFlags<QEventLoop::ProcessEventsFlag>) at :0
  [34] QEventLoop::exec(QFlags<QEventLoop::ProcessEventsFlag>) at :0
  [35]  at :0
  [36] QMenu::exec(QPoint const&, QAction*) at :0
  [37] RiuMainWindow::customMenuRequested(QPoint const&) at ResInsight/ApplicationLibCode/UserInterface/RiuMainWindow.cpp:2092
  [38]  at :0
  [39] QWidget::customContextMenuRequested(QPoint const&) at :0
  [40] QWidget::event(QEvent*) at :0
  [41] QFrame::event(QEvent*) at :0
  [42] QCoreApplicationPrivate::sendThroughObjectEventFilters(QObject*, QEvent*) at :0
  [43] QApplicationPrivate::notify_helper(QObject*, QEvent*) at :0
  [44] QApplication::notify(QObject*, QEvent*) at :0
  [45] RiaGuiApplication::notify(QObject*, QEvent*) at ResInsight/ApplicationLibCode/Application/RiaGuiApplication.cpp:1828
  [46] QCoreApplication::notifyInternal2(QObject*, QEvent*) at :0
  [47]  at :0
  [48]  at :0
  [49] QApplicationPrivate::notify_helper(QObject*, QEvent*) at :0
  [50] RiaGuiApplication::notify(QObject*, QEvent*) at ResInsight/ApplicationLibCode/Application/RiaGuiApplication.cpp:1828
  [51] QCoreApplication::notifyInternal2(QObject*, QEvent*) at :0
  [52] QGuiApplicationPrivate::processMouseEvent(QWindowSystemInterfacePrivate::MouseEvent*) at :0
  [53] QWindowSystemInterface::sendWindowSystemEvents(QFlags<QEventLoop::ProcessEventsFlag>) at :0
  [54]  at :0
  [55] g_main_context_dispatch at :0
  [56] g_main_context_iterate.isra.20 at :0
  [57] g_main_context_iteration at :0
  [58] QEventDispatcherGlib::processEvents(QFlags<QEventLoop::ProcessEventsFlag>) at :0
  [59] QEventLoop::exec(QFlags<QEventLoop::ProcessEventsFlag>) at :0
  [60] QCoreApplication::exec() at :0
  [61] main at ResInsight/ApplicationExeCode/RiaMain.cpp:267
  [62] __libc_start_main at :0
  [63] _start at :0
  [64]  at :0
"
2026-07-31T13:26:43.815Z,2026.06.1,"  [0] performCrashLogging at ResInsight/ApplicationExeCode/RiaMainTools.cpp:170
  [1] manageSegFailureSA(int, siginfo_t*, void*) at ResInsight/ApplicationExeCode/RiaMainTools.cpp:302
  [2]  at :0
  [3] __GI_raise at :0
  [4] __GI_abort at :0
  [5] manageTerminate() at ResInsight/ApplicationExeCode/RiaMainTools.cpp:241
  [6] __cxxabiv1::__terminate(void (*)()) at :0
  [7] __cxa_call_terminate at :0
  [8] __gxx_personality_v0 at :0
  [9] _Unwind_RaiseException_Phase2 at :0
  [10] _Unwind_Resume at :0
  [11] Opm::EclIO::ESmry::dates() const at ResInsight/ThirdParty/custom-opm-common/opm-common/opm/io/eclipse/ESmry.cpp:1457
  [12] RifHdf5SummaryExporter::writeGeneralSection(RifHdf5Exporter&, Opm::EclIO::ESmry&) at ResInsight/ApplicationLibCode/FileInterface/RifHdf5SummaryExporter.cpp:161
  [13] RifHdf5SummaryExporter::ensureHdf5FileIsCreated(std::__cxx11::basic_string<char, std::char_traits<char>, std::allocator<char> > const&, std::__cxx11::basic_string<char, std::char_traits<char>, std::allocator<char> > const&, bool, unsigned long&) at ResInsight/ApplicationLibCode/FileInterface/RifHdf5SummaryExporter.cpp:139
  [14] RifReaderEclipseSummary::open(QString const&, RiaThreadSafeLogger*) at ResInsight/ApplicationLibCode/FileInterface/RifReaderEclipseSummary.cpp:129
  [15] RimFileSummaryCase::findRelatedFilesAndCreateReader(QString const&, bool, RifEnsembleImportConfig, RiaThreadSafeLogger*) at ResInsight/ApplicationLibCode/ProjectDataModel/Summary/RimFileSummaryCase.cpp:238
  [16] RimFileSummaryCase::createSummaryReaderInterfaceThreadSafe(RifEnsembleImportConfig, RiaThreadSafeLogger*) at ResInsight/ApplicationLibCode/ProjectDataModel/Summary/RimFileSummaryCase.cpp:110
  [17] RimFileSummaryCase::createSummaryReaderInterface() at ResInsight/ApplicationLibCode/ProjectDataModel/Summary/RimFileSummaryCase.cpp:129
  [18] RiaSummaryTools::reloadSummaryCaseAndUpdateConnectedPlots(RimSummaryCase*) at ResInsight/ApplicationLibCode/Application/Tools/Summary/RiaSummaryTools.cpp:409
  [19] RicReloadSummaryCaseFeature::reloadSelectedCasesAndUpdate() at ResInsight/ApplicationLibCode/Commands/RicReloadSummaryCaseFeature.cpp:149
  [20] caf::CmdFeature::actionTriggered(bool) at ResInsight/Fwk/AppFwk/cafCommand/cafCmdFeature.cpp:176
  [21]  at :0
  [22] QAction::triggered(bool) at :0
  [23] QAction::activate(QAction::ActionEvent) at :0
  [24]  at :0
  [25]  at :0
  [26] QWidget::event(QEvent*) at :0
  [27] QApplicationPrivate::notify_helper(QObject*, QEvent*) at :0
  [28] QApplication::notify(QObject*, QEvent*) at :0
  [29] RiaGuiApplication::notify(QObject*, QEvent*) at ResInsight/ApplicationLibCode/Application/RiaGuiApplication.cpp:1828
  [30] QCoreApplication::notifyInternal2(QObject*, QEvent*) at :0
  [31] QApplicationPrivate::sendMouseEvent(QWidget*, QMouseEvent*, QWidget*, QWidget*, QWidget**, QPointer<QWidget>&, bool, bool) at :0
  [32]  at :0
  [33]  at :0
  [34] QApplicationPrivate::notify_helper(QObject*, QEvent*) at :0
  [35] RiaGuiApplication::notify(QObject*, QEvent*) at ResInsight/ApplicationLibCode/Application/RiaGuiApplication.cpp:1828
  [36] QCoreApplication::notifyInternal2(QObject*, QEvent*) at :0
  [37] QGuiApplicationPrivate::processMouseEvent(QWindowSystemInterfacePrivate::MouseEvent*) at :0
  [38] QWindowSystemInterface::sendWindowSystemEvents(QFlags<QEventLoop::ProcessEventsFlag>) at :0
  [39]  at :0
  [40] g_main_context_dispatch at :0
  [41] g_main_context_iterate.isra.20 at :0
  [42] g_main_context_iteration at :0
  [43] QEventDispatcherGlib::processEvents(QFlags<QEventLoop::ProcessEventsFlag>) at :0
  [44] QEventLoop::exec(QFlags<QEventLoop::ProcessEventsFlag>) at :0
  [45]  at :0
  [46] QMenu::exec(QPoint const&, QAction*) at :0
  [47] RiuMainWindow::customMenuRequested(QPoint const&) at ResInsight/ApplicationLibCode/UserInterface/RiuMainWindow.cpp:2092
  [48]  at :0
  [49] QWidget::customContextMenuRequested(QPoint const&) at :0
  [50] QWidget::event(QEvent*) at :0
  [51] QFrame::event(QEvent*) at :0
  [52] QCoreApplicationPrivate::sendThroughObjectEventFilters(QObject*, QEvent*) at :0
  [53] QApplicationPrivate::notify_helper(QObject*, QEvent*) at :0
  [54] QApplication::notify(QObject*, QEvent*) at :0
  [55] RiaGuiApplication::notify(QObject*, QEvent*) at ResInsight/ApplicationLibCode/Application/RiaGuiApplication.cpp:1828
  [56] QCoreApplication::notifyInternal2(QObject*, QEvent*) at :0
  [57]  at :0
  [58]  at :0
  [59] QApplicationPrivate::notify_helper(QObject*, QEvent*) at :0
  [60] RiaGuiApplication::notify(QObject*, QEvent*) at ResInsight/ApplicationLibCode/Application/RiaGuiApplication.cpp:1828
  [61] QCoreApplication::notifyInternal2(QObject*, QEvent*) at :0
  [62] QGuiApplicationPrivate::processMouseEvent(QWindowSystemInterfacePrivate::MouseEvent*) at :0
  [63] QWindowSystemInterface::sendWindowSystemEvents(QFlags<QEventLoop::ProcessEventsFlag>) at :0
  [64]  at :0
  [65] g_main_context_dispatch at :0
  [66] g_main_context_iterate.isra.20 at :0
  [67] g_main_context_iteration at :0
  [68] QEventDispatcherGlib::processEvents(QFlags<QEventLoop::ProcessEventsFlag>) at :0
  [69] QEventLoop::exec(QFlags<QEventLoop::ProcessEventsFlag>) at :0
  [70] QCoreApplication::exec() at :0
  [71] main at ResInsight/ApplicationExeCode/RiaMain.cpp:267
  [72] __libc_start_main at :0
  [73] _start at :0
  [74]  at :0
"
2026-07-31T13:26:42.788Z,2026.06.1,"  [0] performCrashLogging at ResInsight/ApplicationExeCode/RiaMainTools.cpp:170
  [1] manageTerminate() at ResInsight/ApplicationExeCode/RiaMainTools.cpp:239
  [2] __cxxabiv1::__terminate(void (*)()) at :0
  [3] __cxa_call_terminate at :0
  [4] __gxx_personality_v0 at :0
  [5] _Unwind_RaiseException_Phase2 at :0
  [6] _Unwind_Resume at :0
  [7] Opm::EclIO::ESmry::dates() const at ResInsight/ThirdParty/custom-opm-common/opm-common/opm/io/eclipse/ESmry.cpp:1457
  [8] RifHdf5SummaryExporter::writeGeneralSection(RifHdf5Exporter&, Opm::EclIO::ESmry&) at ResInsight/ApplicationLibCode/FileInterface/RifHdf5SummaryExporter.cpp:161
  [9] RifHdf5SummaryExporter::ensureHdf5FileIsCreated(std::__cxx11::basic_string<char, std::char_traits<char>, std::allocator<char> > const&, std::__cxx11::basic_string<char, std::char_traits<char>, std::allocator<char> > const&, bool, unsigned long&) at ResInsight/ApplicationLibCode/FileInterface/RifHdf5SummaryExporter.cpp:139
  [10] RifReaderEclipseSummary::open(QString const&, RiaThreadSafeLogger*) at ResInsight/ApplicationLibCode/FileInterface/RifReaderEclipseSummary.cpp:129
  [11] RimFileSummaryCase::findRelatedFilesAndCreateReader(QString const&, bool, RifEnsembleImportConfig, RiaThreadSafeLogger*) at ResInsight/ApplicationLibCode/ProjectDataModel/Summary/RimFileSummaryCase.cpp:238
  [12] RimFileSummaryCase::createSummaryReaderInterfaceThreadSafe(RifEnsembleImportConfig, RiaThreadSafeLogger*) at ResInsight/ApplicationLibCode/ProjectDataModel/Summary/RimFileSummaryCase.cpp:110
  [13] RimFileSummaryCase::createSummaryReaderInterface() at ResInsight/ApplicationLibCode/ProjectDataModel/Summary/RimFileSummaryCase.cpp:129
  [14] RiaSummaryTools::reloadSummaryCaseAndUpdateConnectedPlots(RimSummaryCase*) at ResInsight/ApplicationLibCode/Application/Tools/Summary/RiaSummaryTools.cpp:409
  [15] RicReloadSummaryCaseFeature::reloadSelectedCasesAndUpdate() at ResInsight/ApplicationLibCode/Commands/RicReloadSummaryCaseFeature.cpp:149
  [16] caf::CmdFeature::actionTriggered(bool) at ResInsight/Fwk/AppFwk/cafCommand/cafCmdFeature.cpp:176
  [17]  at :0
  [18] QAction::triggered(bool) at :0
  [19] QAction::activate(QAction::ActionEvent) at :0
  [20]  at :0
  [21]  at :0
  [22] QWidget::event(QEvent*) at :0
  [23] QApplicationPrivate::notify_helper(QObject*, QEvent*) at :0
  [24] QApplication::notify(QObject*, QEvent*) at :0
  [25] RiaGuiApplication::notify(QObject*, QEvent*) at ResInsight/ApplicationLibCode/Application/RiaGuiApplication.cpp:1828
  [26] QCoreApplication::notifyInternal2(QObject*, QEvent*) at :0
  [27] QApplicationPrivate::sendMouseEvent(QWidget*, QMouseEvent*, QWidget*, QWidget*, QWidget**, QPointer<QWidget>&, bool, bool) at :0
  [28]  at :0
  [29]  at :0
  [30] QApplicationPrivate::notify_helper(QObject*, QEvent*) at :0
  [31] RiaGuiApplication::notify(QObject*, QEvent*) at ResInsight/ApplicationLibCode/Application/RiaGuiApplication.cpp:1828
  [32] QCoreApplication::notifyInternal2(QObject*, QEvent*) at :0
  [33] QGuiApplicationPrivate::processMouseEvent(QWindowSystemInterfacePrivate::MouseEvent*) at :0
  [34] QWindowSystemInterface::sendWindowSystemEvents(QFlags<QEventLoop::ProcessEventsFlag>) at :0
  [35]  at :0
  [36] g_main_context_dispatch at :0
  [37] g_main_context_iterate.isra.20 at :0
  [38] g_main_context_iteration at :0
  [39] QEventDispatcherGlib::processEvents(QFlags<QEventLoop::ProcessEventsFlag>) at :0
  [40] QEventLoop::exec(QFlags<QEventLoop::ProcessEventsFlag>) at :0
  [41]  at :0
  [42] QMenu::exec(QPoint const&, QAction*) at :0
  [43] RiuMainWindow::customMenuRequested(QPoint const&) at ResInsight/ApplicationLibCode/UserInterface/RiuMainWindow.cpp:2092
  [44]  at :0
  [45] QWidget::customContextMenuRequested(QPoint const&) at :0
  [46] QWidget::event(QEvent*) at :0
  [47] QFrame::event(QEvent*) at :0
  [48] QCoreApplicationPrivate::sendThroughObjectEventFilters(QObject*, QEvent*) at :0
  [49] QApplicationPrivate::notify_helper(QObject*, QEvent*) at :0
  [50] QApplication::notify(QObject*, QEvent*) at :0
  [51] RiaGuiApplication::notify(QObject*, QEvent*) at ResInsight/ApplicationLibCode/Application/RiaGuiApplication.cpp:1828
  [52] QCoreApplication::notifyInternal2(QObject*, QEvent*) at :0
  [53]  at :0
  [54]  at :0
  [55] QApplicationPrivate::notify_helper(QObject*, QEvent*) at :0
  [56] RiaGuiApplication::notify(QObject*, QEvent*) at ResInsight/ApplicationLibCode/Application/RiaGuiApplication.cpp:1828
  [57] QCoreApplication::notifyInternal2(QObject*, QEvent*) at :0
  [58] QGuiApplicationPrivate::processMouseEvent(QWindowSystemInterfacePrivate::MouseEvent*) at :0
  [59] QWindowSystemInterface::sendWindowSystemEvents(QFlags<QEventLoop::ProcessEventsFlag>) at :0
  [60]  at :0
  [61] g_main_context_dispatch at :0
  [62] g_main_context_iterate.isra.20 at :0
  [63] g_main_context_iteration at :0
  [64] QEventDispatcherGlib::processEvents(QFlags<QEventLoop::ProcessEventsFlag>) at :0
  [65] QEventLoop::exec(QFlags<QEventLoop::ProcessEventsFlag>) at :0
  [66] QCoreApplication::exec() at :0
  [67] main at ResInsight/ApplicationExeCode/RiaMain.cpp:267
  [68] __libc_start_main at :0
  [69] _start at :0
  [70]  at :0
"
2026-07-31T10:58:16.98Z,2026.06.1,"  [0] performCrashLogging at ResInsight/ApplicationExeCode/RiaMainTools.cpp:170
  [1] manageSegFailureSA(int, siginfo_t*, void*) at ResInsight/ApplicationExeCode/RiaMainTools.cpp:302
  [2]  at :0
  [3] QWidget::setFocus(Qt::FocusReason) at :0
  [4] QApplicationPrivate::giveFocusAccordingToFocusPolicy(QWidget*, QEvent*, QPoint) at :0
  [5] QApplication::notify(QObject*, QEvent*) at :0
  [6] RiaGuiApplication::notify(QObject*, QEvent*) at ResInsight/ApplicationLibCode/Application/RiaGuiApplication.cpp:1828
  [7] QCoreApplication::notifyInternal2(QObject*, QEvent*) at :0
  [8] QApplicationPrivate::sendMouseEvent(QWidget*, QMouseEvent*, QWidget*, QWidget*, QWidget**, QPointer<QWidget>&, bool, bool) at :0
  [9]  at :0
  [10]  at :0
  [11] QApplicationPrivate::notify_helper(QObject*, QEvent*) at :0
  [12] RiaGuiApplication::notify(QObject*, QEvent*) at ResInsight/ApplicationLibCode/Application/RiaGuiApplication.cpp:1828
  [13] QCoreApplication::notifyInternal2(QObject*, QEvent*) at :0
  [14] QGuiApplicationPrivate::processMouseEvent(QWindowSystemInterfacePrivate::MouseEvent*) at :0
  [15] QWindowSystemInterface::sendWindowSystemEvents(QFlags<QEventLoop::ProcessEventsFlag>) at :0
  [16]  at :0
  [17] g_main_context_dispatch at :0
  [18] g_main_context_iterate.isra.20 at :0
  [19] g_main_context_iteration at :0
  [20] QEventDispatcherGlib::processEvents(QFlags<QEventLoop::ProcessEventsFlag>) at :0
  [21] QEventLoop::exec(QFlags<QEventLoop::ProcessEventsFlag>) at :0
  [22] QCoreApplication::exec() at :0
  [23] main at ResInsight/ApplicationExeCode/RiaMain.cpp:267
  [24] __libc_start_main at :0
  [25] _start at :0
  [26]  at :0
"
2026-07-30T14:11:14.576Z,2026.06.2-dev.01,"  [0] performCrashLogging at ResInsight/ApplicationExeCode/RiaMainTools.cpp:170
  [1] manageSegFailureSA(int, siginfo_t*, void*) at ResInsight/ApplicationExeCode/RiaMainTools.cpp:302
  [2]  at :0
  [3] __GI_raise at :0
  [4] __GI_abort at :0
  [5] cvf::AssertHandlerConsole::handleAssert(char const*, int, char const*, char const*) at ResInsight/Fwk/VizFwk/LibCore/cvfAssert.cpp:125
  [6] RivReservoirViewPartMgr::computeNativeVisibility(cvf::Array<unsigned char>*, RigGridBase const*, RigActiveCellInfo const*, cvf::Array<unsigned char> const*, bool, bool, bool) at ResInsight/ApplicationLibCode/ModelVisualization/RivReservoirViewPartMgr.cpp:604
  [7] RivReservoirViewPartMgr::computeVisibility(cvf::Array<unsigned char>*, RivCellSetEnum, RigGridBase*, unsigned long) at ResInsight/ApplicationLibCode/ModelVisualization/RivReservoirViewPartMgr.cpp:338
  [8] RivReservoirViewPartMgr::createGeometry(RivCellSetEnum) at ResInsight/ApplicationLibCode/ModelVisualization/RivReservoirViewPartMgr.cpp:278
  [9] RimEclipseView::onCreateDisplayModel() at ResInsight/ApplicationLibCode/ProjectDataModel/RimEclipseView.cpp:743
  [10] Rim3dView::createDisplayModelAndRedraw() at ResInsight/ApplicationLibCode/ProjectDataModel/Rim3dView.cpp:770
  [11] RiaViewRedrawScheduler::updateAndRedrawScheduledViews() at ResInsight/ApplicationLibCode/Application/RiaViewRedrawScheduler.cpp:93
  [12]  at :0
  [13] QTimer::timeout(QTimer::QPrivateSignal) at :0
  [14] QObject::event(QEvent*) at :0
  [15] QApplicationPrivate::notify_helper(QObject*, QEvent*) at :0
  [16] RiaGuiApplication::notify(QObject*, QEvent*) at ResInsight/ApplicationLibCode/Application/RiaGuiApplication.cpp:1872
  [17] QCoreApplication::notifyInternal2(QObject*, QEvent*) at :0
  [18] QTimerInfoList::activateTimers() at :0
  [19]  at :0
  [20] g_main_context_dispatch at :0
  [21] g_main_context_iterate.isra.20 at :0
  [22] g_main_context_iteration at :0
  [23] QEventDispatcherGlib::processEvents(QFlags<QEventLoop::ProcessEventsFlag>) at :0
  [24] QEventLoop::exec(QFlags<QEventLoop::ProcessEventsFlag>) at :0
  [25] RiaOpenTelemetryManager::reportCrash(int, std::basic_stacktrace<std::allocator<std::stacktrace_entry> > const&, std::map<std::__cxx11::basic_string<char, std::char_traits<char>, std::allocator<char> >, std::__cxx11::basic_string<char, std::char_traits<char>, std::allocator<char> >, std::less<std::__cxx11::basic_string<char, std::char_traits<char>, std::allocator<char> > >, std::allocator<std::pair<std::__cxx11::basic_string<char, std::char_traits<char>, std::allocator<char> > const, std::__cxx11::basic_string<char, std::char_traits<char>, std::allocator<char> > > > > const&) at ResInsight/ApplicationLibCode/Application/Tools/Telemetry/RiaOpenTelemetryManager.cpp:422
  [26] performCrashLogging at ResInsight/ApplicationExeCode/RiaMainTools.cpp:203
  [27] manageSegFailureSA(int, siginfo_t*, void*) at ResInsight/ApplicationExeCode/RiaMainTools.cpp:302
  [28]  at :0
  [29] __GI_raise at :0
  [30] __GI_abort at :0
  [31] cvf::AssertHandlerConsole::handleAssert(char const*, int, char const*, char const*) at ResInsight/Fwk/VizFwk/LibCore/cvfAssert.cpp:125
  [32] RivReservoirViewPartMgr::computeNativeVisibility(cvf::Array<unsigned char>*, RigGridBase const*, RigActiveCellInfo const*, cvf::Array<unsigned char> const*, bool, bool, bool) at ResInsight/ApplicationLibCode/ModelVisualization/RivReservoirViewPartMgr.cpp:604
  [33] RivReservoirViewPartMgr::computeVisibility(cvf::Array<unsigned char>*, RivCellSetEnum, RigGridBase*, unsigned long) at ResInsight/ApplicationLibCode/ModelVisualization/RivReservoirViewPartMgr.cpp:338
  [34] RivReservoirViewPartMgr::createGeometry(RivCellSetEnum) at ResInsight/ApplicationLibCode/ModelVisualization/RivReservoirViewPartMgr.cpp:278
  [35] RimEclipseView::onCreateDisplayModel() at ResInsight/ApplicationLibCode/ProjectDataModel/RimEclipseView.cpp:743
  [36] Rim3dView::createDisplayModelAndRedraw() at ResInsight/ApplicationLibCode/ProjectDataModel/Rim3dView.cpp:770
  [37] RiaViewRedrawScheduler::updateAndRedrawScheduledViews() at ResInsight/ApplicationLibCode/Application/RiaViewRedrawScheduler.cpp:93
  [38]  at :0
  [39] QTimer::timeout(QTimer::QPrivateSignal) at :0
  [40] QObject::event(QEvent*) at :0
  [41] QApplicationPrivate::notify_helper(QObject*, QEvent*) at :0
  [42] RiaGuiApplication::notify(QObject*, QEvent*) at ResInsight/ApplicationLibCode/Application/RiaGuiApplication.cpp:1872
  [43] QCoreApplication::notifyInternal2(QObject*, QEvent*) at :0
  [44] QTimerInfoList::activateTimers() at :0
  [45]  at :0
  [46] g_main_context_dispatch at :0
  [47] g_main_context_iterate.isra.20 at :0
  [48] g_main_context_iteration at :0
  [49] QEventDispatcherGlib::processEvents(QFlags<QEventLoop::ProcessEventsFlag>) at :0
  [50] QEventLoop::exec(QFlags<QEventLoop::ProcessEventsFlag>) at :0
  [51] QCoreApplication::exec() at :0
  [52] main at ResInsight/ApplicationExeCode/RiaMain.cpp:267
  [53] __libc_start_main at :0
  [54] _start at :0
  [55]  at :0
"
2026-07-30T14:11:14.48Z,2026.06.2-dev.01,"  [0] performCrashLogging at ResInsight/ApplicationExeCode/RiaMainTools.cpp:170
  [1] manageSegFailureSA(int, siginfo_t*, void*) at ResInsight/ApplicationExeCode/RiaMainTools.cpp:302
  [2]  at :0
  [3] __GI_raise at :0
  [4] __GI_abort at :0
  [5] cvf::AssertHandlerConsole::handleAssert(char const*, int, char const*, char const*) at ResInsight/Fwk/VizFwk/LibCore/cvfAssert.cpp:125
  [6] RivReservoirViewPartMgr::computeNativeVisibility(cvf::Array<unsigned char>*, RigGridBase const*, RigActiveCellInfo const*, cvf::Array<unsigned char> const*, bool, bool, bool) at ResInsight/ApplicationLibCode/ModelVisualization/RivReservoirViewPartMgr.cpp:604
  [7] RivReservoirViewPartMgr::computeVisibility(cvf::Array<unsigned char>*, RivCellSetEnum, RigGridBase*, unsigned long) at ResInsight/ApplicationLibCode/ModelVisualization/RivReservoirViewPartMgr.cpp:338
  [8] RivReservoirViewPartMgr::createGeometry(RivCellSetEnum) at ResInsight/ApplicationLibCode/ModelVisualization/RivReservoirViewPartMgr.cpp:278
  [9] RimEclipseView::onCreateDisplayModel() at ResInsight/ApplicationLibCode/ProjectDataModel/RimEclipseView.cpp:743
  [10] Rim3dView::createDisplayModelAndRedraw() at ResInsight/ApplicationLibCode/ProjectDataModel/Rim3dView.cpp:770
  [11] RiaViewRedrawScheduler::updateAndRedrawScheduledViews() at ResInsight/ApplicationLibCode/Application/RiaViewRedrawScheduler.cpp:93
  [12]  at :0
  [13] QTimer::timeout(QTimer::QPrivateSignal) at :0
  [14] QObject::event(QEvent*) at :0
  [15] QApplicationPrivate::notify_helper(QObject*, QEvent*) at :0
  [16] RiaGuiApplication::notify(QObject*, QEvent*) at ResInsight/ApplicationLibCode/Application/RiaGuiApplication.cpp:1872
  [17] QCoreApplication::notifyInternal2(QObject*, QEvent*) at :0
  [18] QTimerInfoList::activateTimers() at :0
  [19]  at :0
  [20] g_main_context_dispatch at :0
  [21] g_main_context_iterate.isra.20 at :0
  [22] g_main_context_iteration at :0
  [23] QEventDispatcherGlib::processEvents(QFlags<QEventLoop::ProcessEventsFlag>) at :0
  [24] QEventLoop::exec(QFlags<QEventLoop::ProcessEventsFlag>) at :0
  [25] QCoreApplication::exec() at :0
  [26] main at ResInsight/ApplicationExeCode/RiaMain.cpp:267
  [27] __libc_start_main at :0
  [28] _start at :0
  [29]  at :0
"
2026-07-30T13:15:45.511Z,2026.02.2,"  [0] performCrashLogging at ResInsight/ApplicationExeCode/RiaMainTools.cpp:147
  [1] manageSegFailureSA(int, siginfo_t*, void*) at ResInsight/ApplicationExeCode/RiaMainTools.cpp:227
  [2]  at :0
  [3] __GI_raise at :0
  [4] __GI_abort at :0
  [5] __gnu_cxx::__verbose_terminate_handler() [clone .cold.1] at :0
  [6]  at :0
  [7]  at :0
  [8] __cxxabiv1::__terminate(void (*)()) at :0
  [9] std::terminate() at :0
  [10] __cxa_rethrow at :0
  [11] main at ResInsight/ApplicationExeCode/RiaMain.cpp:232
  [12] __libc_start_main at :0
  [13] _start at :0
  [14]  at :0
"
2026-07-30T10:44:53.382Z,2026.06.1,"  [0] performCrashLogging at ResInsight/ApplicationExeCode/RiaMainTools.cpp:170
  [1] manageSegFailureSA(int, siginfo_t*, void*) at ResInsight/ApplicationExeCode/RiaMainTools.cpp:302
  [2]  at :0
  [3] __GI_raise at :0
  [4] __GI_abort at :0
  [5] cvf::AssertHandlerConsole::handleAssert(char const*, int, char const*, char const*) at ResInsight/Fwk/VizFwk/LibCore/cvfAssert.cpp:125
  [6] RifElementPropertyReader::readAllElementPropertiesInFileContainingField(std::__cxx11::basic_string<char, std::char_traits<char>, std::allocator<char> > const&) at ResInsight/ApplicationLibCode/FileInterface/RifElementPropertyReader.cpp:120
  [7] RigFemPartResultsCollection::findOrLoadScalarResult(int, RigFemResultAddress const&) at ResInsight/ApplicationLibCode/GeoMech/GeoMechDataModel/RigFemPartResultsCollection.cpp:451
  [8] RigFemPartResultsCollection::assertResultsLoaded(RigFemResultAddress const&) at ResInsight/ApplicationLibCode/GeoMech/GeoMechDataModel/RigFemPartResultsCollection.cpp:1014
  [9] RimGeoMechResultDefinition::hasResult() at ResInsight/ApplicationLibCode/ProjectDataModel/GeoMech/RimGeoMechResultDefinition.cpp:722
  [10] RiuSelectionChangedHandler::addResultCurveFromSelectionItem(RiuGeoMechSelectionItem const*) const at ResInsight/ApplicationLibCode/UserInterface/RiuSelectionChangedHandler.cpp:208
  [11] RiuSelectionChangedHandler::handleItemAppended(RiuSelectionItem const*) const at ResInsight/ApplicationLibCode/UserInterface/RiuSelectionChangedHandler.cpp:119
  [12] RiuCellAndNncPickEventHandler::handle3dPickEvent(Ric3dPickEvent const&) at ResInsight/ApplicationLibCode/UserInterface/RiuCellAndNncPickEventHandler.cpp:459
  [13] RiuViewerCommands::handlePickAction(int, int, QFlags<Qt::KeyboardModifier>) at ResInsight/ApplicationLibCode/UserInterface/RiuViewerCommands.cpp:718
  [14] QWidget::event(QEvent*) at :0
  [15] QApplicationPrivate::notify_helper(QObject*, QEvent*) at :0
  [16] QApplication::notify(QObject*, QEvent*) at :0
  [17] RiaGuiApplication::notify(QObject*, QEvent*) at ResInsight/ApplicationLibCode/Application/RiaGuiApplication.cpp:1828
  [18] QCoreApplication::notifyInternal2(QObject*, QEvent*) at :0
  [19] QApplicationPrivate::sendMouseEvent(QWidget*, QMouseEvent*, QWidget*, QWidget*, QWidget**, QPointer<QWidget>&, bool, bool) at :0
  [20]  at :0
  [21]  at :0
  [22] QApplicationPrivate::notify_helper(QObject*, QEvent*) at :0
  [23] RiaGuiApplication::notify(QObject*, QEvent*) at ResInsight/ApplicationLibCode/Application/RiaGuiApplication.cpp:1828
  [24] QCoreApplication::notifyInternal2(QObject*, QEvent*) at :0
  [25] QGuiApplicationPrivate::processMouseEvent(QWindowSystemInterfacePrivate::MouseEvent*) at :0
  [26] QWindowSystemInterface::sendWindowSystemEvents(QFlags<QEventLoop::ProcessEventsFlag>) at :0
  [27]  at :0
  [28] g_main_context_dispatch at :0
  [29] g_main_context_iterate.isra.20 at :0
  [30] g_main_context_iteration at :0
  [31] QEventDispatcherGlib::processEvents(QFlags<QEventLoop::ProcessEventsFlag>) at :0
  [32] QEventLoop::exec(QFlags<QEventLoop::ProcessEventsFlag>) at :0
  [33] QCoreApplication::exec() at :0
  [34] main at ResInsight/ApplicationExeCode/RiaMain.cpp:267
  [35] __libc_start_main at :0
  [36] _start at :0
  [37]  at :0
"
2026-07-29T14:13:20.335Z,2026.06.1,"  [0] performCrashLogging at ResInsight/ApplicationExeCode/RiaMainTools.cpp:170
  [1] manageSegFailureSA(int, siginfo_t*, void*) at ResInsight/ApplicationExeCode/RiaMainTools.cpp:302
  [2]  at :0
  [3]  at :0
  [4]  at :0
  [5] RiuGuiTheme::applyStyleSheet(RiaDefines::ThemeEnum) at ResInsight/ApplicationLibCode/UserInterface/RiuGuiTheme.cpp:387
  [6] RiuGuiTheme::updateGuiTheme(RiaDefines::ThemeEnum) at ResInsight/ApplicationLibCode/UserInterface/RiuGuiTheme.cpp:355
  [7] caf::PdmUiFieldHandle::notifyFieldChanged(QVariant const&, QVariant const&) at ResInsight/Fwk/AppFwk/cafProjectDataModel/cafPdmUiCore/cafPdmUiFieldHandle.cpp:75
  [8] caf::PdmFieldUiCap<caf::PdmField<caf::AppEnum<RiaDefines::ThemeEnum> > >::setValueFromUiEditor(QVariant const&, bool) at ResInsight/Fwk/AppFwk/cafProjectDataModel/cafPdmUiCore/cafInternalPdmUiFieldCapability.inl:116
  [9] caf::CmdFieldChangeExec::redo() at ResInsight/Fwk/AppFwk/cafCommand/cafCmdFieldChangeExec.cpp:139
  [10] QUndoStack::push(QUndoCommand*) at :0
  [11] caf::CmdUiCommandSystemImpl::fieldChangedCommand(std::vector<caf::PdmFieldHandle*, std::allocator<caf::PdmFieldHandle*> > const&, QVariant const&) at ResInsight/Fwk/AppFwk/cafCommand/cafCmdUiCommandSystemImpl.cpp:146
  [12] caf::PdmUiCommandSystemProxy::setUiValueToField(caf::PdmUiFieldHandle*, QVariant const&) at ResInsight/Fwk/AppFwk/cafProjectDataModel/cafPdmUiCore/cafPdmUiCommandSystemProxy.cpp:113
  [13] caf::PdmUiComboBoxEditor::slotIndexActivated(int) at ResInsight/Fwk/AppFwk/cafUserInterface/cafPdmUiComboBoxEditor.cpp:455
  [14]  at :0
  [15] QComboBox::activated(int) at :0
  [16]  at :0
  [17]  at :0
  [18]  at :0
  [19] QComboBoxPrivateContainer::itemSelected(QModelIndex const&) at :0
  [20] QComboBoxPrivateContainer::eventFilter(QObject*, QEvent*) at :0
  [21] QCoreApplicationPrivate::sendThroughObjectEventFilters(QObject*, QEvent*) at :0
  [22] QApplicationPrivate::notify_helper(QObject*, QEvent*) at :0
  [23] QApplication::notify(QObject*, QEvent*) at :0
  [24] RiaGuiApplication::notify(QObject*, QEvent*) at ResInsight/ApplicationLibCode/Application/RiaGuiApplication.cpp:1828
  [25] QCoreApplication::notifyInternal2(QObject*, QEvent*) at :0
  [26] QApplicationPrivate::sendMouseEvent(QWidget*, QMouseEvent*, QWidget*, QWidget*, QWidget**, QPointer<QWidget>&, bool, bool) at :0
  [27]  at :0
  [28]  at :0
  [29] QApplicationPrivate::notify_helper(QObject*, QEvent*) at :0
  [30] RiaGuiApplication::notify(QObject*, QEvent*) at ResInsight/ApplicationLibCode/Application/RiaGuiApplication.cpp:1828
  [31] QCoreApplication::notifyInternal2(QObject*, QEvent*) at :0
  [32] QGuiApplicationPrivate::processMouseEvent(QWindowSystemInterfacePrivate::MouseEvent*) at :0
  [33] QWindowSystemInterface::sendWindowSystemEvents(QFlags<QEventLoop::ProcessEventsFlag>) at :0
  [34]  at :0
  [35] g_main_context_dispatch at :0
  [36] g_main_context_iterate.isra.20 at :0
  [37] g_main_context_iteration at :0
  [38] QEventDispatcherGlib::processEvents(QFlags<QEventLoop::ProcessEventsFlag>) at :0
  [39] QEventLoop::exec(QFlags<QEventLoop::ProcessEventsFlag>) at :0
  [40] QDialog::exec() at :0
  [41] RicEditPreferencesFeature::onActionTriggered(bool) at ResInsight/ApplicationLibCode/Commands/ApplicationCommands/RicEditPreferencesFeature.cpp:71
  [42] caf::CmdFeature::actionTriggered(bool) at ResInsight/Fwk/AppFwk/cafCommand/cafCmdFeature.cpp:176
  [43]  at :0
  [44] QAction::triggered(bool) at :0
  [45] QAction::activate(QAction::ActionEvent) at :0
  [46]  at :0
  [47]  at :0
  [48] QWidget::event(QEvent*) at :0
  [49] QApplicationPrivate::notify_helper(QObject*, QEvent*) at :0
  [50] QApplication::notify(QObject*, QEvent*) at :0
  [51] RiaGuiApplication::notify(QObject*, QEvent*) at ResInsight/ApplicationLibCode/Application/RiaGuiApplication.cpp:1828
  [52] QCoreApplication::notifyInternal2(QObject*, QEvent*) at :0
  [53] QApplicationPrivate::sendMouseEvent(QWidget*, QMouseEvent*, QWidget*, QWidget*, QWidget**, QPointer<QWidget>&, bool, bool) at :0
  [54]  at :0
  [55]  at :0
  [56] QApplicationPrivate::notify_helper(QObject*, QEvent*) at :0
  [57] RiaGuiApplication::notify(QObject*, QEvent*) at ResInsight/ApplicationLibCode/Application/RiaGuiApplication.cpp:1828
  [58] QCoreApplication::notifyInternal2(QObject*, QEvent*) at :0
  [59] QGuiApplicationPrivate::processMouseEvent(QWindowSystemInterfacePrivate::MouseEvent*) at :0
  [60] QWindowSystemInterface::sendWindowSystemEvents(QFlags<QEventLoop::ProcessEventsFlag>) at :0
  [61]  at :0
  [62] g_main_context_dispatch at :0
  [63] g_main_context_iterate.isra.20 at :0
  [64] g_main_context_iteration at :0
  [65] QEventDispatcherGlib::processEvents(QFlags<QEventLoop::ProcessEventsFlag>) at :0
  [66] QEventLoop::exec(QFlags<QEventLoop::ProcessEventsFlag>) at :0
  [67] QCoreApplication::exec() at :0
  [68] main at ResInsight/ApplicationExeCode/RiaMain.cpp:267
  [69] __libc_start_main at :0
  [70] _start at :0
  [71]  at :0
"
2026-07-29T08:18:02.179Z,2026.06.1,"  [0] performCrashLogging at ResInsight/ApplicationExeCode/RiaMainTools.cpp:170
  [1] manageSegFailureSA(int, siginfo_t*, void*) at ResInsight/ApplicationExeCode/RiaMainTools.cpp:302
  [2]  at :0
  [3] std::__atomic_base<int>::fetch_add(int, std::memory_order) at /opt/rh/gcc-toolset-13/root/usr/include/c++/13/bits/atomic_base.h:635
  [4] RigEclipseCaseData::formationNames() const at ResInsight/ApplicationLibCode/ReservoirDataModel/RigEclipseCaseData.cpp:804
  [5] RimEclipseResultDefinition::hasCategoryResult() const at ResInsight/ApplicationLibCode/ProjectDataModel/RimEclipseResultDefinition.cpp:1461
  [6] RimEclipseResultDefinitionTools::updateCellResultLegend(RimEclipseResultDefinition const*, RimRegularLegendConfig*, int, RimEclipseView*) at ResInsight/ApplicationLibCode/ProjectDataModel/RimEclipseResultDefinitionTools.cpp:540
  [7] RimEclipseResultDefinition::updateRangesForExplicitLegends(RimRegularLegendConfig*, RimTernaryLegendConfig*, int, RimEclipseView*) at ResInsight/ApplicationLibCode/ProjectDataModel/RimEclipseResultDefinition.cpp:1710
  [8] RimEclipseView::updateLegendRangesTextAndVisibility(RimRegularLegendConfig*, RimTernaryLegendConfig*, QString, RimEclipseResultDefinition*, int) at ResInsight/ApplicationLibCode/ProjectDataModel/RimEclipseView.cpp:1699
  [9] RimEclipseView::onUpdateLegends() at ResInsight/ApplicationLibCode/ProjectDataModel/RimEclipseView.cpp:1568
  [10] RimEclipseView::onUpdateDisplayModelForCurrentTimeStep() at ResInsight/ApplicationLibCode/ProjectDataModel/RimEclipseView.cpp:936
  [11] Rim3dView::updateDisplayModelForCurrentTimeStepAndRedraw() at ResInsight/ApplicationLibCode/ProjectDataModel/Rim3dView.cpp:673
  [12] RiuViewer::setCurrentFrame(int) at ResInsight/ApplicationLibCode/UserInterface/RiuViewer.cpp:1042
  [13] RimEclipseView::onCreateDisplayModel() at ResInsight/ApplicationLibCode/ProjectDataModel/RimEclipseView.cpp:849
  [14] Rim3dView::createDisplayModelAndRedraw() at ResInsight/ApplicationLibCode/ProjectDataModel/Rim3dView.cpp:718
  [15] RiaViewRedrawScheduler::updateAndRedrawScheduledViews() at ResInsight/ApplicationLibCode/Application/RiaViewRedrawScheduler.cpp:93
  [16]  at :0
  [17] QTimer::timeout(QTimer::QPrivateSignal) at :0
  [18] QObject::event(QEvent*) at :0
  [19] QApplicationPrivate::notify_helper(QObject*, QEvent*) at :0
  [20] RiaGuiApplication::notify(QObject*, QEvent*) at ResInsight/ApplicationLibCode/Application/RiaGuiApplication.cpp:1828
  [21] QCoreApplication::notifyInternal2(QObject*, QEvent*) at :0
  [22] QTimerInfoList::activateTimers() at :0
  [23]  at :0
  [24] g_main_context_dispatch at :0
  [25] g_main_context_iterate.isra.20 at :0
  [26] g_main_context_iteration at :0
  [27] QEventDispatcherGlib::processEvents(QFlags<QEventLoop::ProcessEventsFlag>) at :0
  [28] QEventLoop::exec(QFlags<QEventLoop::ProcessEventsFlag>) at :0
  [29] QCoreApplication::exec() at :0
  [30] main at ResInsight/ApplicationExeCode/RiaMain.cpp:267
  [31] __libc_start_main at :0
  [32] _start at :0
  [33]  at :0
"
2026-07-28T14:09:26.517Z,2026.06.1,"  [0] performCrashLogging at ResInsight/ApplicationExeCode/RiaMainTools.cpp:170
  [1] manageSegFailureSA(int, siginfo_t*, void*) at ResInsight/ApplicationExeCode/RiaMainTools.cpp:302
  [2]  at :0
  [3]  at :0
  [4] QComboBox::textActivated(QString const&) at :0
  [5]  at :0
  [6]  at :0
  [7]  at :0
  [8] QComboBoxPrivateContainer::itemSelected(QModelIndex const&) at :0
  [9] QComboBoxPrivateContainer::eventFilter(QObject*, QEvent*) at :0
  [10] QCoreApplicationPrivate::sendThroughObjectEventFilters(QObject*, QEvent*) at :0
  [11] QApplicationPrivate::notify_helper(QObject*, QEvent*) at :0
  [12] QApplication::notify(QObject*, QEvent*) at :0
  [13] RiaGuiApplication::notify(QObject*, QEvent*) at ResInsight/ApplicationLibCode/Application/RiaGuiApplication.cpp:1828
  [14] QCoreApplication::notifyInternal2(QObject*, QEvent*) at :0
  [15] QApplicationPrivate::sendMouseEvent(QWidget*, QMouseEvent*, QWidget*, QWidget*, QWidget**, QPointer<QWidget>&, bool, bool) at :0
  [16]  at :0
  [17]  at :0
  [18] QApplicationPrivate::notify_helper(QObject*, QEvent*) at :0
  [19] RiaGuiApplication::notify(QObject*, QEvent*) at ResInsight/ApplicationLibCode/Application/RiaGuiApplication.cpp:1828
  [20] QCoreApplication::notifyInternal2(QObject*, QEvent*) at :0
  [21] QGuiApplicationPrivate::processMouseEvent(QWindowSystemInterfacePrivate::MouseEvent*) at :0
  [22] QWindowSystemInterface::sendWindowSystemEvents(QFlags<QEventLoop::ProcessEventsFlag>) at :0
  [23]  at :0
  [24] g_main_context_dispatch at :0
  [25] g_main_context_iterate.isra.20 at :0
  [26] g_main_context_iteration at :0
  [27] QEventDispatcherGlib::processEvents(QFlags<QEventLoop::ProcessEventsFlag>) at :0
  [28] QEventLoop::exec(QFlags<QEventLoop::ProcessEventsFlag>) at :0
  [29] QCoreApplication::exec() at :0
  [30] main at ResInsight/ApplicationExeCode/RiaMain.cpp:267
  [31] __libc_start_main at :0
  [32] _start at :0
  [33]  at :0
"
2026-07-27T20:17:01.485Z,2026.06.1,"  [0] performCrashLogging at ResInsight/ApplicationExeCode/RiaMainTools.cpp:170
  [1] manageSegFailureSA(int, siginfo_t*, void*) at ResInsight/ApplicationExeCode/RiaMainTools.cpp:302
  [2]  at :0
  [3]  at :0
  [4] QComboBox::textActivated(QString const&) at :0
  [5]  at :0
  [6]  at :0
  [7]  at :0
  [8] QComboBoxPrivateContainer::itemSelected(QModelIndex const&) at :0
  [9] QComboBoxPrivateContainer::eventFilter(QObject*, QEvent*) at :0
  [10] QCoreApplicationPrivate::sendThroughObjectEventFilters(QObject*, QEvent*) at :0
  [11] QApplicationPrivate::notify_helper(QObject*, QEvent*) at :0
  [12] QApplication::notify(QObject*, QEvent*) at :0
  [13] RiaGuiApplication::notify(QObject*, QEvent*) at ResInsight/ApplicationLibCode/Application/RiaGuiApplication.cpp:1828
  [14] QCoreApplication::notifyInternal2(QObject*, QEvent*) at :0
  [15] QApplicationPrivate::sendMouseEvent(QWidget*, QMouseEvent*, QWidget*, QWidget*, QWidget**, QPointer<QWidget>&, bool, bool) at :0
  [16]  at :0
  [17]  at :0
  [18] QApplicationPrivate::notify_helper(QObject*, QEvent*) at :0
  [19] RiaGuiApplication::notify(QObject*, QEvent*) at ResInsight/ApplicationLibCode/Application/RiaGuiApplication.cpp:1828
  [20] QCoreApplication::notifyInternal2(QObject*, QEvent*) at :0
  [21] QGuiApplicationPrivate::processMouseEvent(QWindowSystemInterfacePrivate::MouseEvent*) at :0
  [22] QWindowSystemInterface::sendWindowSystemEvents(QFlags<QEventLoop::ProcessEventsFlag>) at :0
  [23]  at :0
  [24] g_main_context_dispatch at :0
  [25] g_main_context_iterate.isra.20 at :0
  [26] g_main_context_iteration at :0
  [27] QEventDispatcherGlib::processEvents(QFlags<QEventLoop::ProcessEventsFlag>) at :0
  [28] QEventLoop::exec(QFlags<QEventLoop::ProcessEventsFlag>) at :0
  [29] QCoreApplication::exec() at :0
  [30] main at ResInsight/ApplicationExeCode/RiaMain.cpp:267
  [31] __libc_start_main at :0
  [32] _start at :0
  [33]  at :0
"
2026-07-27T08:54:29.822Z,2026.06.1,"  [0] performCrashLogging at ResInsight/ApplicationExeCode/RiaMainTools.cpp:170
  [1] manageSegFailureSA(int, siginfo_t*, void*) at ResInsight/ApplicationExeCode/RiaMainTools.cpp:302
  [2]  at :0
  [3] QWidget::setFocus(Qt::FocusReason) at :0
  [4] QApplicationPrivate::giveFocusAccordingToFocusPolicy(QWidget*, QEvent*, QPoint) at :0
  [5] QApplication::notify(QObject*, QEvent*) at :0
  [6] RiaGuiApplication::notify(QObject*, QEvent*) at ResInsight/ApplicationLibCode/Application/RiaGuiApplication.cpp:1828
  [7] QCoreApplication::notifyInternal2(QObject*, QEvent*) at :0
  [8] QApplicationPrivate::sendMouseEvent(QWidget*, QMouseEvent*, QWidget*, QWidget*, QWidget**, QPointer<QWidget>&, bool, bool) at :0
  [9]  at :0
  [10]  at :0
  [11] QApplicationPrivate::notify_helper(QObject*, QEvent*) at :0
  [12] RiaGuiApplication::notify(QObject*, QEvent*) at ResInsight/ApplicationLibCode/Application/RiaGuiApplication.cpp:1828
  [13] QCoreApplication::notifyInternal2(QObject*, QEvent*) at :0
  [14] QGuiApplicationPrivate::processMouseEvent(QWindowSystemInterfacePrivate::MouseEvent*) at :0
  [15] QWindowSystemInterface::sendWindowSystemEvents(QFlags<QEventLoop::ProcessEventsFlag>) at :0
  [16]  at :0
  [17] g_main_context_dispatch at :0
  [18] g_main_context_iterate.isra.20 at :0
  [19] g_main_context_iteration at :0
  [20] QEventDispatcherGlib::processEvents(QFlags<QEventLoop::ProcessEventsFlag>) at :0
  [21] QEventLoop::exec(QFlags<QEventLoop::ProcessEventsFlag>) at :0
  [22] QCoreApplication::exec() at :0
  [23] main at ResInsight/ApplicationExeCode/RiaMain.cpp:267
  [24] __libc_start_main at :0
  [25] _start at :0
  [26]  at :0
"
2026-07-27T08:28:47.855Z,2026.06.1,"  [0] performCrashLogging at ResInsight/ApplicationExeCode/RiaMainTools.cpp:170
  [1] manageSegFailureSA(int, siginfo_t*, void*) at ResInsight/ApplicationExeCode/RiaMainTools.cpp:302
  [2]  at :0
  [3] ecl_grid_alloc_EGRID_all_grids at ResInsight/ThirdParty/Ert/lib/ecl/ecl_grid.cpp:3200
  [4] RifReaderEclipseOutput::loadAllGrids() const at ResInsight/ApplicationLibCode/FileInterface/RifReaderEclipseOutput.cpp:1165
  [5] RifReaderEclipseOutput::open(QString const&, RigEclipseCaseData*) at ResInsight/ApplicationLibCode/FileInterface/RifReaderEclipseOutput.cpp:393
  [6] RimEclipseResultCase::importGridAndResultMetaData(bool) at ResInsight/ApplicationLibCode/ProjectDataModel/RimEclipseResultCase.cpp:259
  [7] RimEclipseCase::openReservoirCase() at ResInsight/ApplicationLibCode/ProjectDataModel/RimEclipseCase.cpp:1125
  [8] RimEclipseView::onLoadDataAndUpdate() at ResInsight/ApplicationLibCode/ProjectDataModel/RimEclipseView.cpp:1248
  [9] RimViewWindow::loadDataAndUpdate() at ResInsight/ApplicationLibCode/ProjectDataModel/RimViewWindow.cpp:90
  [10] RiaApplication::loadProject(QString const&, RiaApplication::ProjectLoadAction, RiaProjectModifier*) at ResInsight/ApplicationLibCode/Application/RiaApplication.cpp:803
  [11] RiaApplication::openFile(QString const&) at ResInsight/ApplicationLibCode/Application/RiaApplication.cpp:420
  [12] RiuRecentFileActionProvider::slotOpenRecentFile() at ResInsight/ApplicationLibCode/UserInterface/RiuRecentFileActionProvider.cpp:149
  [13]  at :0
  [14] QAction::triggered(bool) at :0
  [15] QAction::activate(QAction::ActionEvent) at :0
  [16]  at :0
  [17]  at :0
  [18] QWidget::event(QEvent*) at :0
  [19] QApplicationPrivate::notify_helper(QObject*, QEvent*) at :0
  [20] QApplication::notify(QObject*, QEvent*) at :0
  [21] RiaGuiApplication::notify(QObject*, QEvent*) at ResInsight/ApplicationLibCode/Application/RiaGuiApplication.cpp:1828
  [22] QCoreApplication::notifyInternal2(QObject*, QEvent*) at :0
  [23] QApplicationPrivate::sendMouseEvent(QWidget*, QMouseEvent*, QWidget*, QWidget*, QWidget**, QPointer<QWidget>&, bool, bool) at :0
  [24]  at :0
  [25]  at :0
  [26] QApplicationPrivate::notify_helper(QObject*, QEvent*) at :0
  [27] RiaGuiApplication::notify(QObject*, QEvent*) at ResInsight/ApplicationLibCode/Application/RiaGuiApplication.cpp:1828
  [28] QCoreApplication::notifyInternal2(QObject*, QEvent*) at :0
  [29] QGuiApplicationPrivate::processMouseEvent(QWindowSystemInterfacePrivate::MouseEvent*) at :0
  [30] QWindowSystemInterface::sendWindowSystemEvents(QFlags<QEventLoop::ProcessEventsFlag>) at :0
  [31]  at :0
  [32] g_main_context_dispatch at :0
  [33] g_main_context_iterate.isra.20 at :0
  [34] g_main_context_iteration at :0
  [35] QEventDispatcherGlib::processEvents(QFlags<QEventLoop::ProcessEventsFlag>) at :0
  [36] QEventLoop::exec(QFlags<QEventLoop::ProcessEventsFlag>) at :0
  [37] QCoreApplication::exec() at :0
  [38] main at ResInsight/ApplicationExeCode/RiaMain.cpp:267
  [39] __libc_start_main at :0
  [40] _start at :0
  [41]  at :0
"
2026-07-27T07:29:24.415Z,2026.06.1,"  [0] performCrashLogging at ResInsight/ApplicationExeCode/RiaMainTools.cpp:170
  [1] manageSegFailureSA(int, siginfo_t*, void*) at ResInsight/ApplicationExeCode/RiaMainTools.cpp:302
  [2]  at :0
  [3] __GI_raise at :0
  [4] __GI_abort at :0
  [5] caf::PdmUiEditorHandle::updateUi(QString const&) at ResInsight/Fwk/AppFwk/cafProjectDataModel/cafPdmUiCore/cafPdmUiEditorHandle.cpp:65
  [6] caf::PdmUiPropertyView::showProperties(caf::PdmObjectHandle*) at ResInsight/Fwk/AppFwk/cafUserInterface/cafPdmUiPropertyView.cpp:213
  [7] RiuMainWindow::selectedObjectsChanged() at ResInsight/ApplicationLibCode/UserInterface/RiuMainWindow.cpp:1539
  [8]  at :0
  [9] caf::PdmUiTreeView::slotOnSelectionChanged() at ResInsight/Fwk/AppFwk/cafUserInterface/cafPdmUiTreeView.cpp:154
  [10]  at :0
  [11]  at :0
  [12] QItemSelectionModel::selectionChanged(QItemSelection const&, QItemSelection const&) at :0
  [13] QItemSelectionModel::emitSelectionChanged(QItemSelection const&, QItemSelection const&) at :0
  [14] QItemSelectionModel::select(QItemSelection const&, QFlags<QItemSelectionModel::SelectionFlag>) at :0
  [15] QItemSelectionModel::select(QModelIndex const&, QFlags<QItemSelectionModel::SelectionFlag>) at :0
  [16] QItemSelectionModel::setCurrentIndex(QModelIndex const&, QFlags<QItemSelectionModel::SelectionFlag>) at :0
  [17] QAbstractItemView::setCurrentIndex(QModelIndex const&) at :0
  [18] RiuMainWindow::selectViewInProjectTreePreservingSubItemSelection(Rim3dView const*, Rim3dView*) at ResInsight/ApplicationLibCode/UserInterface/RiuMainWindow.cpp:1478
  [19] RiuMainWindow::slotSubWindowActivated(QMdiSubWindow*) at ResInsight/ApplicationLibCode/UserInterface/RiuMainWindow.cpp:1399
  [20]  at :0
  [21] QMdiArea::subWindowActivated(QMdiSubWindow*) at :0
  [22]  at :0
  [23]  at :0
  [24]  at :0
  [25] QMdiSubWindow::windowStateChanged(QFlags<Qt::WindowState>, QFlags<Qt::WindowState>) at :0
  [26]  at :0
  [27]  at :0
  [28] QApplication::focusChanged(QWidget*, QWidget*) at :0
  [29] QWidget::setFocus(Qt::FocusReason) at :0
  [30] QApplicationPrivate::giveFocusAccordingToFocusPolicy(QWidget*, QEvent*, QPoint) at :0
  [31] QApplication::notify(QObject*, QEvent*) at :0
  [32] RiaGuiApplication::notify(QObject*, QEvent*) at ResInsight/ApplicationLibCode/Application/RiaGuiApplication.cpp:1828
  [33] QCoreApplication::notifyInternal2(QObject*, QEvent*) at :0
  [34] QApplicationPrivate::sendMouseEvent(QWidget*, QMouseEvent*, QWidget*, QWidget*, QWidget**, QPointer<QWidget>&, bool, bool) at :0
  [35]  at :0
  [36]  at :0
  [37] QApplicationPrivate::notify_helper(QObject*, QEvent*) at :0
  [38] RiaGuiApplication::notify(QObject*, QEvent*) at ResInsight/ApplicationLibCode/Application/RiaGuiApplication.cpp:1828
  [39] QCoreApplication::notifyInternal2(QObject*, QEvent*) at :0
  [40] QGuiApplicationPrivate::processMouseEvent(QWindowSystemInterfacePrivate::MouseEvent*) at :0
  [41] QWindowSystemInterface::sendWindowSystemEvents(QFlags<QEventLoop::ProcessEventsFlag>) at :0
  [42]  at :0
  [43] g_main_context_dispatch at :0
  [44] g_main_context_iterate.isra.20 at :0
  [45] g_main_context_iteration at :0
  [46] QEventDispatcherGlib::processEvents(QFlags<QEventLoop::ProcessEventsFlag>) at :0
  [47] QEventLoop::exec(QFlags<QEventLoop::ProcessEventsFlag>) at :0
  [48] QCoreApplication::exec() at :0
  [49] main at ResInsight/ApplicationExeCode/RiaMain.cpp:267
  [50] __libc_start_main at :0
  [51] _start at :0
  [52]  at :0
"
2026-07-26T20:35:01.06Z,2026.06.1,"  [0] performCrashLogging at ResInsight/ApplicationExeCode/RiaMainTools.cpp:170
  [1] manageSegFailureSA(int, siginfo_t*, void*) at ResInsight/ApplicationExeCode/RiaMainTools.cpp:302
  [2]  at :0
  [3]  at :0
  [4] QComboBox::textActivated(QString const&) at :0
  [5]  at :0
  [6]  at :0
  [7]  at :0
  [8] QComboBoxPrivateContainer::itemSelected(QModelIndex const&) at :0
  [9] QComboBoxPrivateContainer::eventFilter(QObject*, QEvent*) at :0
  [10] QCoreApplicationPrivate::sendThroughObjectEventFilters(QObject*, QEvent*) at :0
  [11] QApplicationPrivate::notify_helper(QObject*, QEvent*) at :0
  [12] QApplication::notify(QObject*, QEvent*) at :0
  [13] RiaGuiApplication::notify(QObject*, QEvent*) at ResInsight/ApplicationLibCode/Application/RiaGuiApplication.cpp:1828
  [14] QCoreApplication::notifyInternal2(QObject*, QEvent*) at :0
  [15] QApplicationPrivate::sendMouseEvent(QWidget*, QMouseEvent*, QWidget*, QWidget*, QWidget**, QPointer<QWidget>&, bool, bool) at :0
  [16]  at :0
  [17]  at :0
  [18] QApplicationPrivate::notify_helper(QObject*, QEvent*) at :0
  [19] RiaGuiApplication::notify(QObject*, QEvent*) at ResInsight/ApplicationLibCode/Application/RiaGuiApplication.cpp:1828
  [20] QCoreApplication::notifyInternal2(QObject*, QEvent*) at :0
  [21] QGuiApplicationPrivate::processMouseEvent(QWindowSystemInterfacePrivate::MouseEvent*) at :0
  [22] QWindowSystemInterface::sendWindowSystemEvents(QFlags<QEventLoop::ProcessEventsFlag>) at :0
  [23]  at :0
  [24] g_main_context_dispatch at :0
  [25] g_main_context_iterate.isra.20 at :0
  [26] g_main_context_iteration at :0
  [27] QEventDispatcherGlib::processEvents(QFlags<QEventLoop::ProcessEventsFlag>) at :0
  [28] QEventLoop::exec(QFlags<QEventLoop::ProcessEventsFlag>) at :0
  [29] QCoreApplication::exec() at :0
  [30] main at ResInsight/ApplicationExeCode/RiaMain.cpp:267
  [31] __libc_start_main at :0
  [32] _start at :0
  [33]  at :0
"
2026-07-26T20:13:21.197Z,2026.06.1,"  [0] performCrashLogging at ResInsight/ApplicationExeCode/RiaMainTools.cpp:170
  [1] manageSegFailureSA(int, siginfo_t*, void*) at ResInsight/ApplicationExeCode/RiaMainTools.cpp:302
  [2]  at :0
  [3]  at :0
  [4] QComboBox::textActivated(QString const&) at :0
  [5]  at :0
  [6]  at :0
  [7]  at :0
  [8] QComboBoxPrivateContainer::itemSelected(QModelIndex const&) at :0
  [9] QComboBoxPrivateContainer::eventFilter(QObject*, QEvent*) at :0
  [10] QCoreApplicationPrivate::sendThroughObjectEventFilters(QObject*, QEvent*) at :0
  [11] QApplicationPrivate::notify_helper(QObject*, QEvent*) at :0
  [12] QApplication::notify(QObject*, QEvent*) at :0
  [13] RiaGuiApplication::notify(QObject*, QEvent*) at ResInsight/ApplicationLibCode/Application/RiaGuiApplication.cpp:1828
  [14] QCoreApplication::notifyInternal2(QObject*, QEvent*) at :0
  [15] QApplicationPrivate::sendMouseEvent(QWidget*, QMouseEvent*, QWidget*, QWidget*, QWidget**, QPointer<QWidget>&, bool, bool) at :0
  [16]  at :0
  [17]  at :0
  [18] QApplicationPrivate::notify_helper(QObject*, QEvent*) at :0
  [19] RiaGuiApplication::notify(QObject*, QEvent*) at ResInsight/ApplicationLibCode/Application/RiaGuiApplication.cpp:1828
  [20] QCoreApplication::notifyInternal2(QObject*, QEvent*) at :0
  [21] QGuiApplicationPrivate::processMouseEvent(QWindowSystemInterfacePrivate::MouseEvent*) at :0
  [22] QWindowSystemInterface::sendWindowSystemEvents(QFlags<QEventLoop::ProcessEventsFlag>) at :0
  [23]  at :0
  [24] g_main_context_dispatch at :0
  [25] g_main_context_iterate.isra.20 at :0
  [26] g_main_context_iteration at :0
  [27] QEventDispatcherGlib::processEvents(QFlags<QEventLoop::ProcessEventsFlag>) at :0
  [28] QEventLoop::exec(QFlags<QEventLoop::ProcessEventsFlag>) at :0
  [29] QCoreApplication::exec() at :0
  [30] main at ResInsight/ApplicationExeCode/RiaMain.cpp:267
  [31] __libc_start_main at :0
  [32] _start at :0
  [33]  at :0
"
2026-07-26T17:14:00.533Z,2026.06.1,"  [0] performCrashLogging at ResInsight/ApplicationExeCode/RiaMainTools.cpp:170
  [1] manageSegFailureSA(int, siginfo_t*, void*) at ResInsight/ApplicationExeCode/RiaMainTools.cpp:302
  [2]  at :0
  [3] QWidgetPrivate::shouldPaintOnScreen() const at :0
  [4] QWidgetRepaintManager::markNeedsFlush(QWidget*, QRegion const&, QPoint const&) at :0
  [5] QWidgetPrivate::drawWidget(QPaintDevice*, QRegion const&, QPoint const&, QFlags<QWidgetPrivate::DrawWidgetFlag>, QPainter*, QWidgetRepaintManager*) at :0
  [6] QWidgetPrivate::paintSiblingsRecursive(QPaintDevice*, QList<QObject*> const&, int, QRegion const&, QPoint const&, QFlags<QWidgetPrivate::DrawWidgetFlag>, QPainter*, QWidgetRepaintManager*) at :0
  [7] QWidgetPrivate::drawWidget(QPaintDevice*, QRegion const&, QPoint const&, QFlags<QWidgetPrivate::DrawWidgetFlag>, QPainter*, QWidgetRepaintManager*) at :0
  [8] QWidgetPrivate::paintSiblingsRecursive(QPaintDevice*, QList<QObject*> const&, int, QRegion const&, QPoint const&, QFlags<QWidgetPrivate::DrawWidgetFlag>, QPainter*, QWidgetRepaintManager*) at :0
  [9] QWidgetPrivate::drawWidget(QPaintDevice*, QRegion const&, QPoint const&, QFlags<QWidgetPrivate::DrawWidgetFlag>, QPainter*, QWidgetRepaintManager*) at :0
  [10] QWidgetPrivate::paintSiblingsRecursive(QPaintDevice*, QList<QObject*> const&, int, QRegion const&, QPoint const&, QFlags<QWidgetPrivate::DrawWidgetFlag>, QPainter*, QWidgetRepaintManager*) at :0
  [11] QWidgetPrivate::drawWidget(QPaintDevice*, QRegion const&, QPoint const&, QFlags<QWidgetPrivate::DrawWidgetFlag>, QPainter*, QWidgetRepaintManager*) at :0
  [12] QWidgetPrivate::paintSiblingsRecursive(QPaintDevice*, QList<QObject*> const&, int, QRegion const&, QPoint const&, QFlags<QWidgetPrivate::DrawWidgetFlag>, QPainter*, QWidgetRepaintManager*) at :0
  [13] QWidgetPrivate::paintSiblingsRecursive(QPaintDevice*, QList<QObject*> const&, int, QRegion const&, QPoint const&, QFlags<QWidgetPrivate::DrawWidgetFlag>, QPainter*, QWidgetRepaintManager*) at :0
  [14] QWidgetPrivate::paintSiblingsRecursive(QPaintDevice*, QList<QObject*> const&, int, QRegion const&, QPoint const&, QFlags<QWidgetPrivate::DrawWidgetFlag>, QPainter*, QWidgetRepaintManager*) at :0
  [15] QWidgetPrivate::drawWidget(QPaintDevice*, QRegion const&, QPoint const&, QFlags<QWidgetPrivate::DrawWidgetFlag>, QPainter*, QWidgetRepaintManager*) at :0
  [16] QWidgetPrivate::paintSiblingsRecursive(QPaintDevice*, QList<QObject*> const&, int, QRegion const&, QPoint const&, QFlags<QWidgetPrivate::DrawWidgetFlag>, QPainter*, QWidgetRepaintManager*) at :0
  [17] QWidgetPrivate::drawWidget(QPaintDevice*, QRegion const&, QPoint const&, QFlags<QWidgetPrivate::DrawWidgetFlag>, QPainter*, QWidgetRepaintManager*) at :0
  [18] QWidgetPrivate::paintSiblingsRecursive(QPaintDevice*, QList<QObject*> const&, int, QRegion const&, QPoint const&, QFlags<QWidgetPrivate::DrawWidgetFlag>, QPainter*, QWidgetRepaintManager*) at :0
  [19] QWidgetPrivate::drawWidget(QPaintDevice*, QRegion const&, QPoint const&, QFlags<QWidgetPrivate::DrawWidgetFlag>, QPainter*, QWidgetRepaintManager*) at :0
  [20] QWidgetPrivate::paintSiblingsRecursive(QPaintDevice*, QList<QObject*> const&, int, QRegion const&, QPoint const&, QFlags<QWidgetPrivate::DrawWidgetFlag>, QPainter*, QWidgetRepaintManager*) at :0
  [21] QWidgetPrivate::drawWidget(QPaintDevice*, QRegion const&, QPoint const&, QFlags<QWidgetPrivate::DrawWidgetFlag>, QPainter*, QWidgetRepaintManager*) at :0
  [22] QWidgetPrivate::paintSiblingsRecursive(QPaintDevice*, QList<QObject*> const&, int, QRegion const&, QPoint const&, QFlags<QWidgetPrivate::DrawWidgetFlag>, QPainter*, QWidgetRepaintManager*) at :0
  [23] QWidgetPrivate::drawWidget(QPaintDevice*, QRegion const&, QPoint const&, QFlags<QWidgetPrivate::DrawWidgetFlag>, QPainter*, QWidgetRepaintManager*) at :0
  [24] QWidgetPrivate::paintSiblingsRecursive(QPaintDevice*, QList<QObject*> const&, int, QRegion const&, QPoint const&, QFlags<QWidgetPrivate::DrawWidgetFlag>, QPainter*, QWidgetRepaintManager*) at :0
  [25] QWidgetPrivate::drawWidget(QPaintDevice*, QRegion const&, QPoint const&, QFlags<QWidgetPrivate::DrawWidgetFlag>, QPainter*, QWidgetRepaintManager*) at :0
  [26] QWidgetPrivate::paintSiblingsRecursive(QPaintDevice*, QList<QObject*> const&, int, QRegion const&, QPoint const&, QFlags<QWidgetPrivate::DrawWidgetFlag>, QPainter*, QWidgetRepaintManager*) at :0
  [27] QWidgetPrivate::drawWidget(QPaintDevice*, QRegion const&, QPoint const&, QFlags<QWidgetPrivate::DrawWidgetFlag>, QPainter*, QWidgetRepaintManager*) at :0
  [28] QWidgetPrivate::paintSiblingsRecursive(QPaintDevice*, QList<QObject*> const&, int, QRegion const&, QPoint const&, QFlags<QWidgetPrivate::DrawWidgetFlag>, QPainter*, QWidgetRepaintManager*) at :0
  [29] QWidgetPrivate::drawWidget(QPaintDevice*, QRegion const&, QPoint const&, QFlags<QWidgetPrivate::DrawWidgetFlag>, QPainter*, QWidgetRepaintManager*) at :0
  [30] QWidgetPrivate::paintSiblingsRecursive(QPaintDevice*, QList<QObject*> const&, int, QRegion const&, QPoint const&, QFlags<QWidgetPrivate::DrawWidgetFlag>, QPainter*, QWidgetRepaintManager*) at :0
  [31] QWidgetPrivate::drawWidget(QPaintDevice*, QRegion const&, QPoint const&, QFlags<QWidgetPrivate::DrawWidgetFlag>, QPainter*, QWidgetRepaintManager*) at :0
  [32] QWidgetPrivate::paintSiblingsRecursive(QPaintDevice*, QList<QObject*> const&, int, QRegion const&, QPoint const&, QFlags<QWidgetPrivate::DrawWidgetFlag>, QPainter*, QWidgetRepaintManager*) at :0
  [33] QWidgetPrivate::drawWidget(QPaintDevice*, QRegion const&, QPoint const&, QFlags<QWidgetPrivate::DrawWidgetFlag>, QPainter*, QWidgetRepaintManager*) at :0
  [34] QWidgetPrivate::paintSiblingsRecursive(QPaintDevice*, QList<QObject*> const&, int, QRegion const&, QPoint const&, QFlags<QWidgetPrivate::DrawWidgetFlag>, QPainter*, QWidgetRepaintManager*) at :0
  [35] QWidgetPrivate::drawWidget(QPaintDevice*, QRegion const&, QPoint const&, QFlags<QWidgetPrivate::DrawWidgetFlag>, QPainter*, QWidgetRepaintManager*) at :0
  [36] QWidgetPrivate::paintSiblingsRecursive(QPaintDevice*, QList<QObject*> const&, int, QRegion const&, QPoint const&, QFlags<QWidgetPrivate::DrawWidgetFlag>, QPainter*, QWidgetRepaintManager*) at :0
  [37] QWidgetPrivate::paintSiblingsRecursive(QPaintDevice*, QList<QObject*> const&, int, QRegion const&, QPoint const&, QFlags<QWidgetPrivate::DrawWidgetFlag>, QPainter*, QWidgetRepaintManager*) at :0
  [38] QWidgetPrivate::paintSiblingsRecursive(QPaintDevice*, QList<QObject*> const&, int, QRegion const&, QPoint const&, QFlags<QWidgetPrivate::DrawWidgetFlag>, QPainter*, QWidgetRepaintManager*) at :0
  [39] QWidgetPrivate::drawWidget(QPaintDevice*, QRegion const&, QPoint const&, QFlags<QWidgetPrivate::DrawWidgetFlag>, QPainter*, QWidgetRepaintManager*) at :0
  [40] QWidgetPrivate::paintSiblingsRecursive(QPaintDevice*, QList<QObject*> const&, int, QRegion const&, QPoint const&, QFlags<QWidgetPrivate::DrawWidgetFlag>, QPainter*, QWidgetRepaintManager*) at :0
  [41] QWidgetPrivate::drawWidget(QPaintDevice*, QRegion const&, QPoint const&, QFlags<QWidgetPrivate::DrawWidgetFlag>, QPainter*, QWidgetRepaintManager*) at :0
  [42] QWidgetPrivate::paintSiblingsRecursive(QPaintDevice*, QList<QObject*> const&, int, QRegion const&, QPoint const&, QFlags<QWidgetPrivate::DrawWidgetFlag>, QPainter*, QWidgetRepaintManager*) at :0
  [43] QWidgetPrivate::drawWidget(QPaintDevice*, QRegion const&, QPoint const&, QFlags<QWidgetPrivate::DrawWidgetFlag>, QPainter*, QWidgetRepaintManager*) at :0
  [44] QWidgetRepaintManager::paintAndFlush() at :0
  [45] QWidget::event(QEvent*) at :0
  [46] QApplicationPrivate::notify_helper(QObject*, QEvent*) at :0
  [47] RiaGuiApplication::notify(QObject*, QEvent*) at ResInsight/ApplicationLibCode/Application/RiaGuiApplication.cpp:1828
  [48] QCoreApplication::notifyInternal2(QObject*, QEvent*) at :0
  [49] QCoreApplicationPrivate::sendPostedEvents(QObject*, int, QThreadData*) at :0
  [50]  at :0
  [51] g_main_context_dispatch at :0
  [52] g_main_context_iterate.isra.20 at :0
  [53] g_main_context_iteration at :0
  [54] QEventDispatcherGlib::processEvents(QFlags<QEventLoop::ProcessEventsFlag>) at :0
  [55] QEventLoop::exec(QFlags<QEventLoop::ProcessEventsFlag>) at :0
  [56] QCoreApplication::exec() at :0
  [57] main at ResInsight/ApplicationExeCode/RiaMain.cpp:267
  [58] __libc_start_main at :0
  [59] _start at :0
  [60]  at :0
"
2026-07-23T16:48:31.425Z,2026.06.1,"  [0] performCrashLogging at ResInsight/ApplicationExeCode/RiaMainTools.cpp:170
  [1] manageSegFailureSA(int, siginfo_t*, void*) at ResInsight/ApplicationExeCode/RiaMainTools.cpp:302
  [2]  at :0
  [3]  at :0
  [4] QComboBox::textActivated(QString const&) at :0
  [5]  at :0
  [6]  at :0
  [7]  at :0
  [8] QComboBoxPrivateContainer::itemSelected(QModelIndex const&) at :0
  [9] QComboBoxPrivateContainer::eventFilter(QObject*, QEvent*) at :0
  [10] QCoreApplicationPrivate::sendThroughObjectEventFilters(QObject*, QEvent*) at :0
  [11] QApplicationPrivate::notify_helper(QObject*, QEvent*) at :0
  [12] QApplication::notify(QObject*, QEvent*) at :0
  [13] RiaGuiApplication::notify(QObject*, QEvent*) at ResInsight/ApplicationLibCode/Application/RiaGuiApplication.cpp:1828
  [14] QCoreApplication::notifyInternal2(QObject*, QEvent*) at :0
  [15] QApplicationPrivate::sendMouseEvent(QWidget*, QMouseEvent*, QWidget*, QWidget*, QWidget**, QPointer<QWidget>&, bool, bool) at :0
  [16]  at :0
  [17]  at :0
  [18] QApplicationPrivate::notify_helper(QObject*, QEvent*) at :0
  [19] RiaGuiApplication::notify(QObject*, QEvent*) at ResInsight/ApplicationLibCode/Application/RiaGuiApplication.cpp:1828
  [20] QCoreApplication::notifyInternal2(QObject*, QEvent*) at :0
  [21] QGuiApplicationPrivate::processMouseEvent(QWindowSystemInterfacePrivate::MouseEvent*) at :0
  [22] QWindowSystemInterface::sendWindowSystemEvents(QFlags<QEventLoop::ProcessEventsFlag>) at :0
  [23]  at :0
  [24] g_main_context_dispatch at :0
  [25] g_main_context_iterate.isra.20 at :0
  [26] g_main_context_iteration at :0
  [27] QEventDispatcherGlib::processEvents(QFlags<QEventLoop::ProcessEventsFlag>) at :0
  [28] QEventLoop::exec(QFlags<QEventLoop::ProcessEventsFlag>) at :0
  [29] QCoreApplication::exec() at :0
  [30] main at ResInsight/ApplicationExeCode/RiaMain.cpp:267
  [31] __libc_start_main at :0
  [32] _start at :0
  [33]  at :0
"
2026-07-23T16:40:51.484Z,2026.06.1,"  [0] performCrashLogging at ResInsight/ApplicationExeCode/RiaMainTools.cpp:170
  [1] manageSegFailureSA(int, siginfo_t*, void*) at ResInsight/ApplicationExeCode/RiaMainTools.cpp:302
  [2]  at :0
  [3]  at :0
  [4] QComboBox::textActivated(QString const&) at :0
  [5]  at :0
  [6]  at :0
  [7]  at :0
  [8] QComboBoxPrivateContainer::itemSelected(QModelIndex const&) at :0
  [9] QComboBoxPrivateContainer::eventFilter(QObject*, QEvent*) at :0
  [10] QCoreApplicationPrivate::sendThroughObjectEventFilters(QObject*, QEvent*) at :0
  [11] QApplicationPrivate::notify_helper(QObject*, QEvent*) at :0
  [12] QApplication::notify(QObject*, QEvent*) at :0
  [13] RiaGuiApplication::notify(QObject*, QEvent*) at ResInsight/ApplicationLibCode/Application/RiaGuiApplication.cpp:1828
  [14] QCoreApplication::notifyInternal2(QObject*, QEvent*) at :0
  [15] QApplicationPrivate::sendMouseEvent(QWidget*, QMouseEvent*, QWidget*, QWidget*, QWidget**, QPointer<QWidget>&, bool, bool) at :0
  [16]  at :0
  [17]  at :0
  [18] QApplicationPrivate::notify_helper(QObject*, QEvent*) at :0
  [19] RiaGuiApplication::notify(QObject*, QEvent*) at ResInsight/ApplicationLibCode/Application/RiaGuiApplication.cpp:1828
  [20] QCoreApplication::notifyInternal2(QObject*, QEvent*) at :0
  [21] QGuiApplicationPrivate::processMouseEvent(QWindowSystemInterfacePrivate::MouseEvent*) at :0
  [22] QWindowSystemInterface::sendWindowSystemEvents(QFlags<QEventLoop::ProcessEventsFlag>) at :0
  [23]  at :0
  [24] g_main_context_dispatch at :0
  [25] g_main_context_iterate.isra.20 at :0
  [26] g_main_context_iteration at :0
  [27] QEventDispatcherGlib::processEvents(QFlags<QEventLoop::ProcessEventsFlag>) at :0
  [28] QEventLoop::exec(QFlags<QEventLoop::ProcessEventsFlag>) at :0
  [29] QCoreApplication::exec() at :0
  [30] main at ResInsight/ApplicationExeCode/RiaMain.cpp:267
  [31] __libc_start_main at :0
  [32] _start at :0
  [33]  at :0
"
2026-07-23T11:16:58.616Z,2026.06.1,"  [0] performCrashLogging at ResInsight/ApplicationExeCode/RiaMainTools.cpp:170
  [1] manageSegFailureSA(int, siginfo_t*, void*) at ResInsight/ApplicationExeCode/RiaMainTools.cpp:302
  [2]  at :0
  [3] __GI_raise at :0
  [4] __GI_abort at :0
  [5] manageTerminate() at ResInsight/ApplicationExeCode/RiaMainTools.cpp:241
  [6] __cxxabiv1::__terminate(void (*)()) at :0
  [7] __cxa_call_terminate at :0
  [8] __gxx_personality_v0 at :0
  [9] _Unwind_RaiseException_Phase2 at :0
  [10] _Unwind_Resume at :0
  [11]  at :0
  [12] ddb_UpgradeOdb::Finalize() at :0
  [13] SMAOdbDdb_finalize(int&) at :0
  [14] SMAOdbCore_finalize(int&) at :0
  [15] RifOdbReader::~RifOdbReader() at ResInsight/ApplicationLibCode/GeoMech/OdbReader/RifOdbReader.cpp:126
  [16] RifOdbReader::~RifOdbReader() at ResInsight/ApplicationLibCode/GeoMech/OdbReader/RifOdbReader.cpp:128
  [17] cvf::ref<RifGeoMechReaderInterface>::~ref() at ResInsight/Fwk/VizFwk/LibCore/cvfObject.inl:195
  [18] RigFemPartResultsCollection::~RigFemPartResultsCollection() at ResInsight/ApplicationLibCode/GeoMech/GeoMechDataModel/RigFemPartResultsCollection.cpp:211
  [19] cvf::ref<RigFemPartResultsCollection>::~ref() at ResInsight/Fwk/VizFwk/LibCore/cvfObject.inl:195
  [20] RigGeoMechCaseData::~RigGeoMechCaseData() at ResInsight/ApplicationLibCode/GeoMech/GeoMechDataModel/RigGeoMechCaseData.cpp:56
  [21] cvf::ref<RigGeoMechCaseData>::~ref() at ResInsight/Fwk/VizFwk/LibCore/cvfObject.inl:195
  [22] RimGeoMechCase::~RimGeoMechCase() at ResInsight/ApplicationLibCode/ProjectDataModel/GeoMech/RimGeoMechCase.cpp:177
  [23] caf::PdmChildArrayField<RimGeoMechCase*>::deleteChildren() at ResInsight/Fwk/AppFwk/cafProjectDataModel/cafPdmCore/cafPdmChildArrayField.inl:181
  [24] caf::PdmChildArrayField<RimGeoMechCase*>::~PdmChildArrayField() at ResInsight/Fwk/AppFwk/cafProjectDataModel/cafPdmCore/cafPdmChildArrayField.inl:17
  [25] RimGeoMechModels::~RimGeoMechModels() at ResInsight/ApplicationLibCode/ProjectDataModel/GeoMech/RimGeoMechModels.cpp:48
  [26] RimGeoMechModels::~RimGeoMechModels() at ResInsight/ApplicationLibCode/ProjectDataModel/GeoMech/RimGeoMechModels.cpp:48
  [27] caf::PdmChildField<RimGeoMechModels*>::~PdmChildField() at ResInsight/Fwk/AppFwk/cafProjectDataModel/cafPdmCore/cafPdmChildField.inl:80
  [28] RimOilField::~RimOilField() at ResInsight/ApplicationLibCode/ProjectDataModel/RimOilField.cpp:112
  [29] caf::PdmChildArrayField<RimOilField*>::deleteChildren() at ResInsight/Fwk/AppFwk/cafProjectDataModel/cafPdmCore/cafPdmChildArrayField.inl:181
  [30] RimProject::close() at ResInsight/ApplicationLibCode/ProjectDataModel/RimProject.cpp:250
  [31] RiaApplication::closeProject() at ResInsight/ApplicationLibCode/Application/RiaApplication.cpp:1042
  [32] RiaGuiApplication::onLastWindowClosed() at ResInsight/ApplicationLibCode/Application/RiaGuiApplication.cpp:1746
  [33]  at :0
  [34] QGuiApplicationPrivate::maybeLastWindowClosed() at :0
  [35] QWindow::event(QEvent*) at :0
  [36] QApplicationPrivate::notify_helper(QObject*, QEvent*) at :0
  [37] RiaGuiApplication::notify(QObject*, QEvent*) at ResInsight/ApplicationLibCode/Application/RiaGuiApplication.cpp:1828
  [38] QCoreApplication::notifyInternal2(QObject*, QEvent*) at :0
  [39] QGuiApplicationPrivate::processCloseEvent(QWindowSystemInterfacePrivate::CloseEvent*) at :0
  [40] QWindowSystemInterface::sendWindowSystemEvents(QFlags<QEventLoop::ProcessEventsFlag>) at :0
  [41]  at :0
  [42] g_main_context_dispatch at :0
  [43] g_main_context_iterate.isra.20 at :0
  [44] g_main_context_iteration at :0
  [45] QEventDispatcherGlib::processEvents(QFlags<QEventLoop::ProcessEventsFlag>) at :0
  [46] QEventLoop::exec(QFlags<QEventLoop::ProcessEventsFlag>) at :0
  [47] QCoreApplication::exec() at :0
  [48] main at ResInsight/ApplicationExeCode/RiaMain.cpp:267
  [49] __libc_start_main at :0
  [50] _start at :0
  [51]  at :0
"
2026-07-23T11:16:58.287Z,2026.06.1,"  [0] performCrashLogging at ResInsight/ApplicationExeCode/RiaMainTools.cpp:170
  [1] manageTerminate() at ResInsight/ApplicationExeCode/RiaMainTools.cpp:239
  [2] __cxxabiv1::__terminate(void (*)()) at :0
  [3] __cxa_call_terminate at :0
  [4] __gxx_personality_v0 at :0
  [5] _Unwind_RaiseException_Phase2 at :0
  [6] _Unwind_Resume at :0
  [7]  at :0
  [8] ddb_UpgradeOdb::Finalize() at :0
  [9] SMAOdbDdb_finalize(int&) at :0
  [10] SMAOdbCore_finalize(int&) at :0
  [11] RifOdbReader::~RifOdbReader() at ResInsight/ApplicationLibCode/GeoMech/OdbReader/RifOdbReader.cpp:126
  [12] RifOdbReader::~RifOdbReader() at ResInsight/ApplicationLibCode/GeoMech/OdbReader/RifOdbReader.cpp:128
  [13] cvf::ref<RifGeoMechReaderInterface>::~ref() at ResInsight/Fwk/VizFwk/LibCore/cvfObject.inl:195
  [14] RigFemPartResultsCollection::~RigFemPartResultsCollection() at ResInsight/ApplicationLibCode/GeoMech/GeoMechDataModel/RigFemPartResultsCollection.cpp:211
  [15] cvf::ref<RigFemPartResultsCollection>::~ref() at ResInsight/Fwk/VizFwk/LibCore/cvfObject.inl:195
  [16] RigGeoMechCaseData::~RigGeoMechCaseData() at ResInsight/ApplicationLibCode/GeoMech/GeoMechDataModel/RigGeoMechCaseData.cpp:56
  [17] cvf::ref<RigGeoMechCaseData>::~ref() at ResInsight/Fwk/VizFwk/LibCore/cvfObject.inl:195
  [18] RimGeoMechCase::~RimGeoMechCase() at ResInsight/ApplicationLibCode/ProjectDataModel/GeoMech/RimGeoMechCase.cpp:177
  [19] caf::PdmChildArrayField<RimGeoMechCase*>::deleteChildren() at ResInsight/Fwk/AppFwk/cafProjectDataModel/cafPdmCore/cafPdmChildArrayField.inl:181
  [20] caf::PdmChildArrayField<RimGeoMechCase*>::~PdmChildArrayField() at ResInsight/Fwk/AppFwk/cafProjectDataModel/cafPdmCore/cafPdmChildArrayField.inl:17
  [21] RimGeoMechModels::~RimGeoMechModels() at ResInsight/ApplicationLibCode/ProjectDataModel/GeoMech/RimGeoMechModels.cpp:48
  [22] RimGeoMechModels::~RimGeoMechModels() at ResInsight/ApplicationLibCode/ProjectDataModel/GeoMech/RimGeoMechModels.cpp:48
  [23] caf::PdmChildField<RimGeoMechModels*>::~PdmChildField() at ResInsight/Fwk/AppFwk/cafProjectDataModel/cafPdmCore/cafPdmChildField.inl:80
  [24] RimOilField::~RimOilField() at ResInsight/ApplicationLibCode/ProjectDataModel/RimOilField.cpp:112
  [25] caf::PdmChildArrayField<RimOilField*>::deleteChildren() at ResInsight/Fwk/AppFwk/cafProjectDataModel/cafPdmCore/cafPdmChildArrayField.inl:181
  [26] RimProject::close() at ResInsight/ApplicationLibCode/ProjectDataModel/RimProject.cpp:250
  [27] RiaApplication::closeProject() at ResInsight/ApplicationLibCode/Application/RiaApplication.cpp:1042
  [28] RiaGuiApplication::onLastWindowClosed() at ResInsight/ApplicationLibCode/Application/RiaGuiApplication.cpp:1746
  [29]  at :0
  [30] QGuiApplicationPrivate::maybeLastWindowClosed() at :0
  [31] QWindow::event(QEvent*) at :0
  [32] QApplicationPrivate::notify_helper(QObject*, QEvent*) at :0
  [33] RiaGuiApplication::notify(QObject*, QEvent*) at ResInsight/ApplicationLibCode/Application/RiaGuiApplication.cpp:1828
  [34] QCoreApplication::notifyInternal2(QObject*, QEvent*) at :0
  [35] QGuiApplicationPrivate::processCloseEvent(QWindowSystemInterfacePrivate::CloseEvent*) at :0
  [36] QWindowSystemInterface::sendWindowSystemEvents(QFlags<QEventLoop::ProcessEventsFlag>) at :0
  [37]  at :0
  [38] g_main_context_dispatch at :0
  [39] g_main_context_iterate.isra.20 at :0
  [40] g_main_context_iteration at :0
  [41] QEventDispatcherGlib::processEvents(QFlags<QEventLoop::ProcessEventsFlag>) at :0
  [42] QEventLoop::exec(QFlags<QEventLoop::ProcessEventsFlag>) at :0
  [43] QCoreApplication::exec() at :0
  [44] main at ResInsight/ApplicationExeCode/RiaMain.cpp:267
  [45] __libc_start_main at :0
  [46] _start at :0
  [47]  at :0
"
2026-07-23T11:15:26.922Z,2026.06.1,"  [0] performCrashLogging at ResInsight/ApplicationExeCode/RiaMainTools.cpp:170
  [1] manageSegFailureSA(int, siginfo_t*, void*) at ResInsight/ApplicationExeCode/RiaMainTools.cpp:302
  [2]  at :0
  [3] QWidgetPrivate::shouldPaintOnScreen() const at :0
  [4] QWidgetRepaintManager::markNeedsFlush(QWidget*, QRegion const&, QPoint const&) at :0
  [5] QWidgetPrivate::drawWidget(QPaintDevice*, QRegion const&, QPoint const&, QFlags<QWidgetPrivate::DrawWidgetFlag>, QPainter*, QWidgetRepaintManager*) at :0
  [6] QWidgetPrivate::paintSiblingsRecursive(QPaintDevice*, QList<QObject*> const&, int, QRegion const&, QPoint const&, QFlags<QWidgetPrivate::DrawWidgetFlag>, QPainter*, QWidgetRepaintManager*) at :0
  [7] QWidgetPrivate::drawWidget(QPaintDevice*, QRegion const&, QPoint const&, QFlags<QWidgetPrivate::DrawWidgetFlag>, QPainter*, QWidgetRepaintManager*) at :0
  [8] QWidgetPrivate::paintSiblingsRecursive(QPaintDevice*, QList<QObject*> const&, int, QRegion const&, QPoint const&, QFlags<QWidgetPrivate::DrawWidgetFlag>, QPainter*, QWidgetRepaintManager*) at :0
  [9] QWidgetPrivate::drawWidget(QPaintDevice*, QRegion const&, QPoint const&, QFlags<QWidgetPrivate::DrawWidgetFlag>, QPainter*, QWidgetRepaintManager*) at :0
  [10] QWidgetPrivate::paintSiblingsRecursive(QPaintDevice*, QList<QObject*> const&, int, QRegion const&, QPoint const&, QFlags<QWidgetPrivate::DrawWidgetFlag>, QPainter*, QWidgetRepaintManager*) at :0
  [11] QWidgetPrivate::drawWidget(QPaintDevice*, QRegion const&, QPoint const&, QFlags<QWidgetPrivate::DrawWidgetFlag>, QPainter*, QWidgetRepaintManager*) at :0
  [12] QWidgetPrivate::paintSiblingsRecursive(QPaintDevice*, QList<QObject*> const&, int, QRegion const&, QPoint const&, QFlags<QWidgetPrivate::DrawWidgetFlag>, QPainter*, QWidgetRepaintManager*) at :0
  [13] QWidgetPrivate::drawWidget(QPaintDevice*, QRegion const&, QPoint const&, QFlags<QWidgetPrivate::DrawWidgetFlag>, QPainter*, QWidgetRepaintManager*) at :0
  [14] QWidgetPrivate::paintSiblingsRecursive(QPaintDevice*, QList<QObject*> const&, int, QRegion const&, QPoint const&, QFlags<QWidgetPrivate::DrawWidgetFlag>, QPainter*, QWidgetRepaintManager*) at :0
  [15] QWidgetPrivate::drawWidget(QPaintDevice*, QRegion const&, QPoint const&, QFlags<QWidgetPrivate::DrawWidgetFlag>, QPainter*, QWidgetRepaintManager*) at :0
  [16] QWidgetPrivate::paintSiblingsRecursive(QPaintDevice*, QList<QObject*> const&, int, QRegion const&, QPoint const&, QFlags<QWidgetPrivate::DrawWidgetFlag>, QPainter*, QWidgetRepaintManager*) at :0
  [17] QWidgetPrivate::drawWidget(QPaintDevice*, QRegion const&, QPoint const&, QFlags<QWidgetPrivate::DrawWidgetFlag>, QPainter*, QWidgetRepaintManager*) at :0
  [18] QWidgetPrivate::paintSiblingsRecursive(QPaintDevice*, QList<QObject*> const&, int, QRegion const&, QPoint const&, QFlags<QWidgetPrivate::DrawWidgetFlag>, QPainter*, QWidgetRepaintManager*) at :0
  [19] QWidgetPrivate::drawWidget(QPaintDevice*, QRegion const&, QPoint const&, QFlags<QWidgetPrivate::DrawWidgetFlag>, QPainter*, QWidgetRepaintManager*) at :0
  [20] QWidgetPrivate::paintSiblingsRecursive(QPaintDevice*, QList<QObject*> const&, int, QRegion const&, QPoint const&, QFlags<QWidgetPrivate::DrawWidgetFlag>, QPainter*, QWidgetRepaintManager*) at :0
  [21] QWidgetPrivate::drawWidget(QPaintDevice*, QRegion const&, QPoint const&, QFlags<QWidgetPrivate::DrawWidgetFlag>, QPainter*, QWidgetRepaintManager*) at :0
  [22] QWidgetPrivate::paintSiblingsRecursive(QPaintDevice*, QList<QObject*> const&, int, QRegion const&, QPoint const&, QFlags<QWidgetPrivate::DrawWidgetFlag>, QPainter*, QWidgetRepaintManager*) at :0
  [23] QWidgetPrivate::drawWidget(QPaintDevice*, QRegion const&, QPoint const&, QFlags<QWidgetPrivate::DrawWidgetFlag>, QPainter*, QWidgetRepaintManager*) at :0
  [24] QWidgetPrivate::paintSiblingsRecursive(QPaintDevice*, QList<QObject*> const&, int, QRegion const&, QPoint const&, QFlags<QWidgetPrivate::DrawWidgetFlag>, QPainter*, QWidgetRepaintManager*) at :0
  [25] QWidgetPrivate::drawWidget(QPaintDevice*, QRegion const&, QPoint const&, QFlags<QWidgetPrivate::DrawWidgetFlag>, QPainter*, QWidgetRepaintManager*) at :0
  [26] QWidgetPrivate::paintSiblingsRecursive(QPaintDevice*, QList<QObject*> const&, int, QRegion const&, QPoint const&, QFlags<QWidgetPrivate::DrawWidgetFlag>, QPainter*, QWidgetRepaintManager*) at :0
  [27] QWidgetPrivate::drawWidget(QPaintDevice*, QRegion const&, QPoint const&, QFlags<QWidgetPrivate::DrawWidgetFlag>, QPainter*, QWidgetRepaintManager*) at :0
  [28] QWidgetPrivate::paintSiblingsRecursive(QPaintDevice*, QList<QObject*> const&, int, QRegion const&, QPoint const&, QFlags<QWidgetPrivate::DrawWidgetFlag>, QPainter*, QWidgetRepaintManager*) at :0
  [29] QWidgetPrivate::drawWidget(QPaintDevice*, QRegion const&, QPoint const&, QFlags<QWidgetPrivate::DrawWidgetFlag>, QPainter*, QWidgetRepaintManager*) at :0
  [30] QWidgetPrivate::paintSiblingsRecursive(QPaintDevice*, QList<QObject*> const&, int, QRegion const&, QPoint const&, QFlags<QWidgetPrivate::DrawWidgetFlag>, QPainter*, QWidgetRepaintManager*) at :0
  [31] QWidgetPrivate::drawWidget(QPaintDevice*, QRegion const&, QPoint const&, QFlags<QWidgetPrivate::DrawWidgetFlag>, QPainter*, QWidgetRepaintManager*) at :0
  [32] QWidgetPrivate::paintSiblingsRecursive(QPaintDevice*, QList<QObject*> const&, int, QRegion const&, QPoint const&, QFlags<QWidgetPrivate::DrawWidgetFlag>, QPainter*, QWidgetRepaintManager*) at :0
  [33] QWidgetPrivate::drawWidget(QPaintDevice*, QRegion const&, QPoint const&, QFlags<QWidgetPrivate::DrawWidgetFlag>, QPainter*, QWidgetRepaintManager*) at :0
  [34] QWidgetPrivate::paintSiblingsRecursive(QPaintDevice*, QList<QObject*> const&, int, QRegion const&, QPoint const&, QFlags<QWidgetPrivate::DrawWidgetFlag>, QPainter*, QWidgetRepaintManager*) at :0
  [35] QWidgetPrivate::drawWidget(QPaintDevice*, QRegion const&, QPoint const&, QFlags<QWidgetPrivate::DrawWidgetFlag>, QPainter*, QWidgetRepaintManager*) at :0
  [36] QWidgetPrivate::paintSiblingsRecursive(QPaintDevice*, QList<QObject*> const&, int, QRegion const&, QPoint const&, QFlags<QWidgetPrivate::DrawWidgetFlag>, QPainter*, QWidgetRepaintManager*) at :0
  [37] QWidgetPrivate::drawWidget(QPaintDevice*, QRegion const&, QPoint const&, QFlags<QWidgetPrivate::DrawWidgetFlag>, QPainter*, QWidgetRepaintManager*) at :0
  [38] QWidgetPrivate::paintSiblingsRecursive(QPaintDevice*, QList<QObject*> const&, int, QRegion const&, QPoint const&, QFlags<QWidgetPrivate::DrawWidgetFlag>, QPainter*, QWidgetRepaintManager*) at :0
  [39] QWidgetPrivate::drawWidget(QPaintDevice*, QRegion const&, QPoint const&, QFlags<QWidgetPrivate::DrawWidgetFlag>, QPainter*, QWidgetRepaintManager*) at :0
  [40] QWidgetRepaintManager::paintAndFlush() at :0
  [41] QWidget::event(QEvent*) at :0
  [42] QApplicationPrivate::notify_helper(QObject*, QEvent*) at :0
  [43] RiaGuiApplication::notify(QObject*, QEvent*) at ResInsight/ApplicationLibCode/Application/RiaGuiApplication.cpp:1828
  [44] QCoreApplication::notifyInternal2(QObject*, QEvent*) at :0
  [45] QCoreApplicationPrivate::sendPostedEvents(QObject*, int, QThreadData*) at :0
  [46]  at :0
  [47] g_main_context_dispatch at :0
  [48] g_main_context_iterate.isra.20 at :0
  [49] g_main_context_iteration at :0
  [50] QEventDispatcherGlib::processEvents(QFlags<QEventLoop::ProcessEventsFlag>) at :0
  [51] QEventLoop::exec(QFlags<QEventLoop::ProcessEventsFlag>) at :0
  [52] QCoreApplication::exec() at :0
  [53] main at ResInsight/ApplicationExeCode/RiaMain.cpp:267
  [54] __libc_start_main at :0
  [55] _start at :0
  [56]  at :0
"
2026-07-23T09:09:54.034Z,2026.06.1,"  [0] performCrashLogging at ResInsight/ApplicationExeCode/RiaMainTools.cpp:170
  [1] manageSegFailureSA(int, siginfo_t*, void*) at ResInsight/ApplicationExeCode/RiaMainTools.cpp:302
  [2]  at :0
  [3] caf::PdmField<bool>::operator=(bool const&) at ResInsight/Fwk/AppFwk/cafProjectDataModel/cafPdmCore/cafPdmDataValueField.h:106
  [4] RicNewIntersectionViewFeature::onActionTriggered(bool) at ResInsight/ApplicationLibCode/Commands/IntersectionViewCommands/RicNewIntersectionViewFeature.cpp:76
  [5] caf::CmdFeature::actionTriggered(bool) at ResInsight/Fwk/AppFwk/cafCommand/cafCmdFeature.cpp:176
  [6]  at :0
  [7] QAction::triggered(bool) at :0
  [8] QAction::activate(QAction::ActionEvent) at :0
  [9]  at :0
  [10]  at :0
  [11] QWidget::event(QEvent*) at :0
  [12] QApplicationPrivate::notify_helper(QObject*, QEvent*) at :0
  [13] QApplication::notify(QObject*, QEvent*) at :0
  [14] RiaGuiApplication::notify(QObject*, QEvent*) at ResInsight/ApplicationLibCode/Application/RiaGuiApplication.cpp:1828
  [15] QCoreApplication::notifyInternal2(QObject*, QEvent*) at :0
  [16] QApplicationPrivate::sendMouseEvent(QWidget*, QMouseEvent*, QWidget*, QWidget*, QWidget**, QPointer<QWidget>&, bool, bool) at :0
  [17]  at :0
  [18]  at :0
  [19] QApplicationPrivate::notify_helper(QObject*, QEvent*) at :0
  [20] RiaGuiApplication::notify(QObject*, QEvent*) at ResInsight/ApplicationLibCode/Application/RiaGuiApplication.cpp:1828
  [21] QCoreApplication::notifyInternal2(QObject*, QEvent*) at :0
  [22] QGuiApplicationPrivate::processMouseEvent(QWindowSystemInterfacePrivate::MouseEvent*) at :0
  [23] QWindowSystemInterface::sendWindowSystemEvents(QFlags<QEventLoop::ProcessEventsFlag>) at :0
  [24]  at :0
  [25] g_main_context_dispatch at :0
  [26] g_main_context_iterate.isra.20 at :0
  [27] g_main_context_iteration at :0
  [28] QEventDispatcherGlib::processEvents(QFlags<QEventLoop::ProcessEventsFlag>) at :0
  [29] QEventLoop::exec(QFlags<QEventLoop::ProcessEventsFlag>) at :0
  [30]  at :0
  [31] QMenu::exec(QPoint const&, QAction*) at :0
  [32] RiuMainWindow::customMenuRequested(QPoint const&) at ResInsight/ApplicationLibCode/UserInterface/RiuMainWindow.cpp:2092
  [33]  at :0
  [34] QWidget::customContextMenuRequested(QPoint const&) at :0
  [35] QWidget::event(QEvent*) at :0
  [36] QFrame::event(QEvent*) at :0
  [37] QCoreApplicationPrivate::sendThroughObjectEventFilters(QObject*, QEvent*) at :0
  [38] QApplicationPrivate::notify_helper(QObject*, QEvent*) at :0
  [39] QApplication::notify(QObject*, QEvent*) at :0
  [40] RiaGuiApplication::notify(QObject*, QEvent*) at ResInsight/ApplicationLibCode/Application/RiaGuiApplication.cpp:1828
  [41] QCoreApplication::notifyInternal2(QObject*, QEvent*) at :0
  [42]  at :0
  [43]  at :0
  [44] QApplicationPrivate::notify_helper(QObject*, QEvent*) at :0
  [45] RiaGuiApplication::notify(QObject*, QEvent*) at ResInsight/ApplicationLibCode/Application/RiaGuiApplication.cpp:1828
  [46] QCoreApplication::notifyInternal2(QObject*, QEvent*) at :0
  [47] QGuiApplicationPrivate::processMouseEvent(QWindowSystemInterfacePrivate::MouseEvent*) at :0
  [48] QWindowSystemInterface::sendWindowSystemEvents(QFlags<QEventLoop::ProcessEventsFlag>) at :0
  [49]  at :0
  [50] g_main_context_dispatch at :0
  [51] g_main_context_iterate.isra.20 at :0
  [52] g_main_context_iteration at :0
  [53] QEventDispatcherGlib::processEvents(QFlags<QEventLoop::ProcessEventsFlag>) at :0
  [54] QEventLoop::exec(QFlags<QEventLoop::ProcessEventsFlag>) at :0
  [55] QCoreApplication::exec() at :0
  [56] main at ResInsight/ApplicationExeCode/RiaMain.cpp:267
  [57] __libc_start_main at :0
  [58] _start at :0
  [59]  at :0
"
2026-07-23T07:37:28.258Z,2026.06.1,"  [0] performCrashLogging at ResInsight/ApplicationExeCode/RiaMainTools.cpp:170
  [1] manageSegFailureSA(int, siginfo_t*, void*) at ResInsight/ApplicationExeCode/RiaMainTools.cpp:302
  [2]  at :0
  [3] std::vector<caf::PdmFieldHandle*, std::allocator<caf::PdmFieldHandle*> >::size() const at /opt/rh/gcc-toolset-13/root/usr/include/c++/13/bits/stl_vector.h:993
  [4] caf::PdmUiTableViewQModel::getField(QModelIndex const&) const at ResInsight/Fwk/AppFwk/cafUserInterface/cafPdmUiTableViewQModel.cpp:486
  [5] caf::PdmUiTableViewQModel::dropMimeData(QMimeData const*, Qt::DropAction, int, int, QModelIndex const&) at ResInsight/Fwk/AppFwk/cafUserInterface/cafPdmUiTableViewQModel.cpp:695
  [6] QAbstractItemView::dropEvent(QDropEvent*) at :0
  [7] QWidget::event(QEvent*) at :0
  [8] QFrame::event(QEvent*) at :0
  [9] QCoreApplicationPrivate::sendThroughObjectEventFilters(QObject*, QEvent*) at :0
  [10] QApplicationPrivate::notify_helper(QObject*, QEvent*) at :0
  [11] QApplication::notify(QObject*, QEvent*) at :0
  [12] RiaGuiApplication::notify(QObject*, QEvent*) at ResInsight/ApplicationLibCode/Application/RiaGuiApplication.cpp:1828
  [13] QCoreApplication::notifyInternal2(QObject*, QEvent*) at :0
  [14]  at :0
  [15]  at :0
  [16] QApplicationPrivate::notify_helper(QObject*, QEvent*) at :0
  [17] RiaGuiApplication::notify(QObject*, QEvent*) at ResInsight/ApplicationLibCode/Application/RiaGuiApplication.cpp:1828
  [18] QCoreApplication::notifyInternal2(QObject*, QEvent*) at :0
  [19] QGuiApplicationPrivate::processDrop(QWindow*, QMimeData const*, QPoint const&, QFlags<Qt::DropAction>, QFlags<Qt::MouseButton>, QFlags<Qt::KeyboardModifier>) at :0
  [20] QWindowSystemInterface::handleDrop(QWindow*, QMimeData const*, QPoint const&, QFlags<Qt::DropAction>, QFlags<Qt::MouseButton>, QFlags<Qt::KeyboardModifier>) at :0
  [21]  at :0
  [22]  at :0
  [23] QBasicDrag::eventFilter(QObject*, QEvent*) at :0
  [24] QCoreApplicationPrivate::sendThroughApplicationEventFilters(QObject*, QEvent*) at :0
  [25] QApplicationPrivate::notify_helper(QObject*, QEvent*) at :0
  [26] RiaGuiApplication::notify(QObject*, QEvent*) at ResInsight/ApplicationLibCode/Application/RiaGuiApplication.cpp:1828
  [27] QCoreApplication::notifyInternal2(QObject*, QEvent*) at :0
  [28] QGuiApplicationPrivate::processMouseEvent(QWindowSystemInterfacePrivate::MouseEvent*) at :0
  [29] QWindowSystemInterface::sendWindowSystemEvents(QFlags<QEventLoop::ProcessEventsFlag>) at :0
  [30]  at :0
  [31] g_main_context_dispatch at :0
  [32] g_main_context_iterate.isra.20 at :0
  [33] g_main_context_iteration at :0
  [34] QEventDispatcherGlib::processEvents(QFlags<QEventLoop::ProcessEventsFlag>) at :0
  [35] QEventLoop::exec(QFlags<QEventLoop::ProcessEventsFlag>) at :0
  [36] QBasicDrag::drag(QDrag*) at :0
  [37] QDragManager::drag(QDrag*) at :0
  [38] QDrag::exec(QFlags<Qt::DropAction>, Qt::DropAction) at :0
  [39] QAbstractItemView::startDrag(QFlags<Qt::DropAction>) at :0
  [40] QAbstractItemView::mouseMoveEvent(QMouseEvent*) at :0
  [41] QWidget::event(QEvent*) at :0
  [42] QFrame::event(QEvent*) at :0
  [43] QCoreApplicationPrivate::sendThroughObjectEventFilters(QObject*, QEvent*) at :0
  [44] QApplicationPrivate::notify_helper(QObject*, QEvent*) at :0
  [45] QApplication::notify(QObject*, QEvent*) at :0
  [46] RiaGuiApplication::notify(QObject*, QEvent*) at ResInsight/ApplicationLibCode/Application/RiaGuiApplication.cpp:1828
  [47] QCoreApplication::notifyInternal2(QObject*, QEvent*) at :0
  [48] QApplicationPrivate::sendMouseEvent(QWidget*, QMouseEvent*, QWidget*, QWidget*, QWidget**, QPointer<QWidget>&, bool, bool) at :0
  [49]  at :0
  [50]  at :0
  [51] QApplicationPrivate::notify_helper(QObject*, QEvent*) at :0
  [52] RiaGuiApplication::notify(QObject*, QEvent*) at ResInsight/ApplicationLibCode/Application/RiaGuiApplication.cpp:1828
  [53] QCoreApplication::notifyInternal2(QObject*, QEvent*) at :0
  [54] QGuiApplicationPrivate::processMouseEvent(QWindowSystemInterfacePrivate::MouseEvent*) at :0
  [55] QWindowSystemInterface::sendWindowSystemEvents(QFlags<QEventLoop::ProcessEventsFlag>) at :0
  [56]  at :0
  [57] g_main_context_dispatch at :0
  [58] g_main_context_iterate.isra.20 at :0
  [59] g_main_context_iteration at :0
  [60] QEventDispatcherGlib::processEvents(QFlags<QEventLoop::ProcessEventsFlag>) at :0
  [61] QEventLoop::exec(QFlags<QEventLoop::ProcessEventsFlag>) at :0
  [62] QCoreApplication::exec() at :0
  [63] main at ResInsight/ApplicationExeCode/RiaMain.cpp:267
  [64] __libc_start_main at :0
  [65] _start at :0
  [66]  at :0
"
2026-07-22T20:25:23.768Z,2026.06.1,"  [0] performCrashLogging at ResInsight/ApplicationExeCode/RiaMainTools.cpp:170
  [1] manageSegFailureSA(int, siginfo_t*, void*) at ResInsight/ApplicationExeCode/RiaMainTools.cpp:302
  [2]  at :0
  [3] RifEclipseOutputFileTools::timeSteps(ecl_file_struct const*, std::vector<QDateTime, std::allocator<QDateTime> >*, std::vector<double, std::allocator<double> >*, unsigned long*) at ResInsight/ApplicationLibCode/FileInterface/RifEclipseOutputFileTools.cpp:289
  [4] RifEclipseUnifiedRestartFileAccess::extractTimestepsFromEclipse() at ResInsight/ApplicationLibCode/FileInterface/RifEclipseUnifiedRestartFileAccess.cpp:154
  [5] RifEclipseUnifiedRestartFileAccess::timeSteps(std::vector<QDateTime, std::allocator<QDateTime> >*, std::vector<double, std::allocator<double> >*) at ResInsight/ApplicationLibCode/FileInterface/RifEclipseUnifiedRestartFileAccess.cpp:206
  [6] RimEclipseResultCase::importGridAndResultMetaData(bool) at ResInsight/ApplicationLibCode/ProjectDataModel/RimEclipseResultCase.cpp:216
  [7] RimEclipseCase::openReservoirCase() at ResInsight/ApplicationLibCode/ProjectDataModel/RimEclipseCase.cpp:1125
  [8] RimEclipseView::onLoadDataAndUpdate() at ResInsight/ApplicationLibCode/ProjectDataModel/RimEclipseView.cpp:1248
  [9] RimViewWindow::loadDataAndUpdate() at ResInsight/ApplicationLibCode/ProjectDataModel/RimViewWindow.cpp:90
  [10] RiaApplication::loadProject(QString const&, RiaApplication::ProjectLoadAction, RiaProjectModifier*) at ResInsight/ApplicationLibCode/Application/RiaApplication.cpp:803
  [11] RiaApplication::openFile(QString const&) at ResInsight/ApplicationLibCode/Application/RiaApplication.cpp:420
  [12] RiuRecentFileActionProvider::slotOpenRecentFile() at ResInsight/ApplicationLibCode/UserInterface/RiuRecentFileActionProvider.cpp:149
  [13]  at :0
  [14] QAction::triggered(bool) at :0
  [15] QAction::activate(QAction::ActionEvent) at :0
  [16]  at :0
  [17]  at :0
  [18] QWidget::event(QEvent*) at :0
  [19] QApplicationPrivate::notify_helper(QObject*, QEvent*) at :0
  [20] QApplication::notify(QObject*, QEvent*) at :0
  [21] RiaGuiApplication::notify(QObject*, QEvent*) at ResInsight/ApplicationLibCode/Application/RiaGuiApplication.cpp:1828
  [22] QCoreApplication::notifyInternal2(QObject*, QEvent*) at :0
  [23] QApplicationPrivate::sendMouseEvent(QWidget*, QMouseEvent*, QWidget*, QWidget*, QWidget**, QPointer<QWidget>&, bool, bool) at :0
  [24]  at :0
  [25]  at :0
  [26] QApplicationPrivate::notify_helper(QObject*, QEvent*) at :0
  [27] RiaGuiApplication::notify(QObject*, QEvent*) at ResInsight/ApplicationLibCode/Application/RiaGuiApplication.cpp:1828
  [28] QCoreApplication::notifyInternal2(QObject*, QEvent*) at :0
  [29] QGuiApplicationPrivate::processMouseEvent(QWindowSystemInterfacePrivate::MouseEvent*) at :0
  [30] QWindowSystemInterface::sendWindowSystemEvents(QFlags<QEventLoop::ProcessEventsFlag>) at :0
  [31]  at :0
  [32] g_main_context_dispatch at :0
  [33] g_main_context_iterate.isra.20 at :0
  [34] g_main_context_iteration at :0
  [35] QEventDispatcherGlib::processEvents(QFlags<QEventLoop::ProcessEventsFlag>) at :0
  [36] QEventLoop::exec(QFlags<QEventLoop::ProcessEventsFlag>) at :0
  [37] QCoreApplication::exec() at :0
  [38] main at ResInsight/ApplicationExeCode/RiaMain.cpp:267
  [39] __libc_start_main at :0
  [40] _start at :0
  [41]  at :0
"
2026-07-22T12:29:18.47Z,2026.06.1,"  [0] performCrashLogging at ResInsight/ApplicationExeCode/RiaMainTools.cpp:170
  [1] manageSegFailureSA(int, siginfo_t*, void*) at ResInsight/ApplicationExeCode/RiaMainTools.cpp:302
  [2]  at :0
  [3] QWidget::window() const at :0
  [4] QWidgetPrivate::shouldPaintOnScreen() const at :0
  [5] QWidgetRepaintManager::markNeedsFlush(QWidget*, QRegion const&, QPoint const&) at :0
  [6] QWidgetPrivate::drawWidget(QPaintDevice*, QRegion const&, QPoint const&, QFlags<QWidgetPrivate::DrawWidgetFlag>, QPainter*, QWidgetRepaintManager*) at :0
  [7] QWidgetPrivate::paintSiblingsRecursive(QPaintDevice*, QList<QObject*> const&, int, QRegion const&, QPoint const&, QFlags<QWidgetPrivate::DrawWidgetFlag>, QPainter*, QWidgetRepaintManager*) at :0
  [8] QWidgetPrivate::drawWidget(QPaintDevice*, QRegion const&, QPoint const&, QFlags<QWidgetPrivate::DrawWidgetFlag>, QPainter*, QWidgetRepaintManager*) at :0
  [9] QWidgetPrivate::paintSiblingsRecursive(QPaintDevice*, QList<QObject*> const&, int, QRegion const&, QPoint const&, QFlags<QWidgetPrivate::DrawWidgetFlag>, QPainter*, QWidgetRepaintManager*) at :0
  [10] QWidgetPrivate::drawWidget(QPaintDevice*, QRegion const&, QPoint const&, QFlags<QWidgetPrivate::DrawWidgetFlag>, QPainter*, QWidgetRepaintManager*) at :0
  [11] QWidgetPrivate::paintSiblingsRecursive(QPaintDevice*, QList<QObject*> const&, int, QRegion const&, QPoint const&, QFlags<QWidgetPrivate::DrawWidgetFlag>, QPainter*, QWidgetRepaintManager*) at :0
  [12] QWidgetPrivate::drawWidget(QPaintDevice*, QRegion const&, QPoint const&, QFlags<QWidgetPrivate::DrawWidgetFlag>, QPainter*, QWidgetRepaintManager*) at :0
  [13] QWidgetPrivate::paintSiblingsRecursive(QPaintDevice*, QList<QObject*> const&, int, QRegion const&, QPoint const&, QFlags<QWidgetPrivate::DrawWidgetFlag>, QPainter*, QWidgetRepaintManager*) at :0
  [14] QWidgetPrivate::paintSiblingsRecursive(QPaintDevice*, QList<QObject*> const&, int, QRegion const&, QPoint const&, QFlags<QWidgetPrivate::DrawWidgetFlag>, QPainter*, QWidgetRepaintManager*) at :0
  [15] QWidgetPrivate::paintSiblingsRecursive(QPaintDevice*, QList<QObject*> const&, int, QRegion const&, QPoint const&, QFlags<QWidgetPrivate::DrawWidgetFlag>, QPainter*, QWidgetRepaintManager*) at :0
  [16] QWidgetPrivate::paintSiblingsRecursive(QPaintDevice*, QList<QObject*> const&, int, QRegion const&, QPoint const&, QFlags<QWidgetPrivate::DrawWidgetFlag>, QPainter*, QWidgetRepaintManager*) at :0
  [17] QWidgetPrivate::paintSiblingsRecursive(QPaintDevice*, QList<QObject*> const&, int, QRegion const&, QPoint const&, QFlags<QWidgetPrivate::DrawWidgetFlag>, QPainter*, QWidgetRepaintManager*) at :0
  [18] QWidgetPrivate::drawWidget(QPaintDevice*, QRegion const&, QPoint const&, QFlags<QWidgetPrivate::DrawWidgetFlag>, QPainter*, QWidgetRepaintManager*) at :0
  [19] QWidgetPrivate::paintSiblingsRecursive(QPaintDevice*, QList<QObject*> const&, int, QRegion const&, QPoint const&, QFlags<QWidgetPrivate::DrawWidgetFlag>, QPainter*, QWidgetRepaintManager*) at :0
  [20] QWidgetPrivate::drawWidget(QPaintDevice*, QRegion const&, QPoint const&, QFlags<QWidgetPrivate::DrawWidgetFlag>, QPainter*, QWidgetRepaintManager*) at :0
  [21] QWidgetPrivate::paintSiblingsRecursive(QPaintDevice*, QList<QObject*> const&, int, QRegion const&, QPoint const&, QFlags<QWidgetPrivate::DrawWidgetFlag>, QPainter*, QWidgetRepaintManager*) at :0
  [22] QWidgetPrivate::drawWidget(QPaintDevice*, QRegion const&, QPoint const&, QFlags<QWidgetPrivate::DrawWidgetFlag>, QPainter*, QWidgetRepaintManager*) at :0
  [23] QWidgetPrivate::paintSiblingsRecursive(QPaintDevice*, QList<QObject*> const&, int, QRegion const&, QPoint const&, QFlags<QWidgetPrivate::DrawWidgetFlag>, QPainter*, QWidgetRepaintManager*) at :0
  [24] QWidgetPrivate::drawWidget(QPaintDevice*, QRegion const&, QPoint const&, QFlags<QWidgetPrivate::DrawWidgetFlag>, QPainter*, QWidgetRepaintManager*) at :0
  [25] QWidgetPrivate::paintSiblingsRecursive(QPaintDevice*, QList<QObject*> const&, int, QRegion const&, QPoint const&, QFlags<QWidgetPrivate::DrawWidgetFlag>, QPainter*, QWidgetRepaintManager*) at :0
  [26] QWidgetPrivate::drawWidget(QPaintDevice*, QRegion const&, QPoint const&, QFlags<QWidgetPrivate::DrawWidgetFlag>, QPainter*, QWidgetRepaintManager*) at :0
  [27] QWidgetPrivate::paintSiblingsRecursive(QPaintDevice*, QList<QObject*> const&, int, QRegion const&, QPoint const&, QFlags<QWidgetPrivate::DrawWidgetFlag>, QPainter*, QWidgetRepaintManager*) at :0
  [28] QWidgetPrivate::drawWidget(QPaintDevice*, QRegion const&, QPoint const&, QFlags<QWidgetPrivate::DrawWidgetFlag>, QPainter*, QWidgetRepaintManager*) at :0
  [29] QWidgetPrivate::paintSiblingsRecursive(QPaintDevice*, QList<QObject*> const&, int, QRegion const&, QPoint const&, QFlags<QWidgetPrivate::DrawWidgetFlag>, QPainter*, QWidgetRepaintManager*) at :0
  [30] QWidgetPrivate::drawWidget(QPaintDevice*, QRegion const&, QPoint const&, QFlags<QWidgetPrivate::DrawWidgetFlag>, QPainter*, QWidgetRepaintManager*) at :0
  [31] QWidgetPrivate::paintSiblingsRecursive(QPaintDevice*, QList<QObject*> const&, int, QRegion const&, QPoint const&, QFlags<QWidgetPrivate::DrawWidgetFlag>, QPainter*, QWidgetRepaintManager*) at :0
  [32] QWidgetPrivate::drawWidget(QPaintDevice*, QRegion const&, QPoint const&, QFlags<QWidgetPrivate::DrawWidgetFlag>, QPainter*, QWidgetRepaintManager*) at :0
  [33] QWidgetPrivate::paintSiblingsRecursive(QPaintDevice*, QList<QObject*> const&, int, QRegion const&, QPoint const&, QFlags<QWidgetPrivate::DrawWidgetFlag>, QPainter*, QWidgetRepaintManager*) at :0
  [34] QWidgetPrivate::drawWidget(QPaintDevice*, QRegion const&, QPoint const&, QFlags<QWidgetPrivate::DrawWidgetFlag>, QPainter*, QWidgetRepaintManager*) at :0
  [35] QWidgetPrivate::paintSiblingsRecursive(QPaintDevice*, QList<QObject*> const&, int, QRegion const&, QPoint const&, QFlags<QWidgetPrivate::DrawWidgetFlag>, QPainter*, QWidgetRepaintManager*) at :0
  [36] QWidgetPrivate::drawWidget(QPaintDevice*, QRegion const&, QPoint const&, QFlags<QWidgetPrivate::DrawWidgetFlag>, QPainter*, QWidgetRepaintManager*) at :0
  [37] QWidgetPrivate::paintSiblingsRecursive(QPaintDevice*, QList<QObject*> const&, int, QRegion const&, QPoint const&, QFlags<QWidgetPrivate::DrawWidgetFlag>, QPainter*, QWidgetRepaintManager*) at :0
  [38] QWidgetPrivate::drawWidget(QPaintDevice*, QRegion const&, QPoint const&, QFlags<QWidgetPrivate::DrawWidgetFlag>, QPainter*, QWidgetRepaintManager*) at :0
  [39] QWidgetPrivate::paintSiblingsRecursive(QPaintDevice*, QList<QObject*> const&, int, QRegion const&, QPoint const&, QFlags<QWidgetPrivate::DrawWidgetFlag>, QPainter*, QWidgetRepaintManager*) at :0
  [40] QWidgetPrivate::drawWidget(QPaintDevice*, QRegion const&, QPoint const&, QFlags<QWidgetPrivate::DrawWidgetFlag>, QPainter*, QWidgetRepaintManager*) at :0
  [41] QWidgetPrivate::paintSiblingsRecursive(QPaintDevice*, QList<QObject*> const&, int, QRegion const&, QPoint const&, QFlags<QWidgetPrivate::DrawWidgetFlag>, QPainter*, QWidgetRepaintManager*) at :0
  [42] QWidgetPrivate::drawWidget(QPaintDevice*, QRegion const&, QPoint const&, QFlags<QWidgetPrivate::DrawWidgetFlag>, QPainter*, QWidgetRepaintManager*) at :0
  [43] QWidgetPrivate::paintSiblingsRecursive(QPaintDevice*, QList<QObject*> const&, int, QRegion const&, QPoint const&, QFlags<QWidgetPrivate::DrawWidgetFlag>, QPainter*, QWidgetRepaintManager*) at :0
  [44] QWidgetPrivate::drawWidget(QPaintDevice*, QRegion const&, QPoint const&, QFlags<QWidgetPrivate::DrawWidgetFlag>, QPainter*, QWidgetRepaintManager*) at :0
  [45] QWidgetRepaintManager::paintAndFlush() at :0
  [46] QWidget::event(QEvent*) at :0
  [47] QApplicationPrivate::notify_helper(QObject*, QEvent*) at :0
  [48] RiaGuiApplication::notify(QObject*, QEvent*) at ResInsight/ApplicationLibCode/Application/RiaGuiApplication.cpp:1828
  [49] QCoreApplication::notifyInternal2(QObject*, QEvent*) at :0
  [50] QCoreApplicationPrivate::sendPostedEvents(QObject*, int, QThreadData*) at :0
  [51]  at :0
  [52] g_main_context_dispatch at :0
  [53] g_main_context_iterate.isra.20 at :0
  [54] g_main_context_iteration at :0
  [55] QEventDispatcherGlib::processEvents(QFlags<QEventLoop::ProcessEventsFlag>) at :0
  [56] QEventLoop::exec(QFlags<QEventLoop::ProcessEventsFlag>) at :0
  [57] QCoreApplication::exec() at :0
  [58] main at ResInsight/ApplicationExeCode/RiaMain.cpp:267
  [59] __libc_start_main at :0
  [60] _start at :0
  [61]  at :0
"
2026-07-22T12:01:18.416Z,2026.06.1,"  [0] performCrashLogging at ResInsight/ApplicationExeCode/RiaMainTools.cpp:170
  [1] manageSegFailureSA(int, siginfo_t*, void*) at ResInsight/ApplicationExeCode/RiaMainTools.cpp:302
  [2]  at :0
  [3] ecl_grid_alloc_EGRID_all_grids at ResInsight/ThirdParty/Ert/lib/ecl/ecl_grid.cpp:3200
  [4] RifReaderEclipseOutput::loadAllGrids() const at ResInsight/ApplicationLibCode/FileInterface/RifReaderEclipseOutput.cpp:1165
  [5] RifReaderEclipseOutput::open(QString const&, RigEclipseCaseData*) at ResInsight/ApplicationLibCode/FileInterface/RifReaderEclipseOutput.cpp:393
  [6] RimEclipseResultCase::importGridAndResultMetaData(bool) at ResInsight/ApplicationLibCode/ProjectDataModel/RimEclipseResultCase.cpp:259
  [7] RiaImportEclipseCaseTools::openEclipseCaseShowTimeStepFilterImpl(QString const&, bool, bool, RifReaderSettings&) at ResInsight/ApplicationLibCode/Application/Tools/RiaImportEclipseCaseTools.cpp:372
  [8] RiaImportEclipseCaseTools::openEclipseCasesFromFile(QList<QString> const&, bool, std::map<QString, int, std::less<QString>, std::allocator<std::pair<QString const, int> > >*, bool, RifReaderSettings&) at ResInsight/ApplicationLibCode/Application/Tools/RiaImportEclipseCaseTools.cpp:107
  [9] RicImportGeneralDataFeature::openEclipseCaseFromFileNames(QList<QString> const&, bool, std::vector<int, std::allocator<int> >&, RifReaderSettings&) at ResInsight/ApplicationLibCode/Commands/RicImportGeneralDataFeature.cpp:365
  [10] RicImportGeneralDataFeature::openEclipseFilesFromFileNames(QList<QString> const&, bool, bool, RifReaderSettings&) at ResInsight/ApplicationLibCode/Commands/RicImportGeneralDataFeature.cpp:105
  [11] RicImportGeneralDataFeature::openEclipseFilesFromFileNames(QList<QString> const&, bool, bool) at ResInsight/ApplicationLibCode/Commands/RicImportGeneralDataFeature.cpp:56
  [12] RicImportGridModelFeature::onActionTriggered(bool) at ResInsight/ApplicationLibCode/Commands/EclipseCommands/RicImportGridModelFeature.cpp:81
  [13] caf::CmdFeature::actionTriggered(bool) at ResInsight/Fwk/AppFwk/cafCommand/cafCmdFeature.cpp:176
  [14]  at :0
  [15] QAction::triggered(bool) at :0
  [16] QAction::activate(QAction::ActionEvent) at :0
  [17]  at :0
  [18]  at :0
  [19] QWidget::event(QEvent*) at :0
  [20] QApplicationPrivate::notify_helper(QObject*, QEvent*) at :0
  [21] QApplication::notify(QObject*, QEvent*) at :0
  [22] RiaGuiApplication::notify(QObject*, QEvent*) at ResInsight/ApplicationLibCode/Application/RiaGuiApplication.cpp:1828
  [23] QCoreApplication::notifyInternal2(QObject*, QEvent*) at :0
  [24] QApplicationPrivate::sendMouseEvent(QWidget*, QMouseEvent*, QWidget*, QWidget*, QWidget**, QPointer<QWidget>&, bool, bool) at :0
  [25]  at :0
  [26]  at :0
  [27] QApplicationPrivate::notify_helper(QObject*, QEvent*) at :0
  [28] RiaGuiApplication::notify(QObject*, QEvent*) at ResInsight/ApplicationLibCode/Application/RiaGuiApplication.cpp:1828
  [29] QCoreApplication::notifyInternal2(QObject*, QEvent*) at :0
  [30] QGuiApplicationPrivate::processMouseEvent(QWindowSystemInterfacePrivate::MouseEvent*) at :0
  [31] QWindowSystemInterface::sendWindowSystemEvents(QFlags<QEventLoop::ProcessEventsFlag>) at :0
  [32]  at :0
  [33] g_main_context_dispatch at :0
  [34] g_main_context_iterate.isra.20 at :0
  [35] g_main_context_iteration at :0
  [36] QEventDispatcherGlib::processEvents(QFlags<QEventLoop::ProcessEventsFlag>) at :0
  [37] QEventLoop::exec(QFlags<QEventLoop::ProcessEventsFlag>) at :0
  [38] QCoreApplication::exec() at :0
  [39] main at ResInsight/ApplicationExeCode/RiaMain.cpp:267
  [40] __libc_start_main at :0
  [41] _start at :0
  [42]  at :0
"
2026-07-22T11:57:12.005Z,2026.06.1,"  [0] performCrashLogging at ResInsight/ApplicationExeCode/RiaMainTools.cpp:170
  [1] manageSegFailureSA(int, siginfo_t*, void*) at ResInsight/ApplicationExeCode/RiaMainTools.cpp:302
  [2]  at :0
  [3] RifEclipseOutputFileTools::timeSteps(ecl_file_struct const*, std::vector<QDateTime, std::allocator<QDateTime> >*, std::vector<double, std::allocator<double> >*, unsigned long*) at ResInsight/ApplicationLibCode/FileInterface/RifEclipseOutputFileTools.cpp:289
  [4] RifEclipseUnifiedRestartFileAccess::extractTimestepsFromEclipse() at ResInsight/ApplicationLibCode/FileInterface/RifEclipseUnifiedRestartFileAccess.cpp:154
  [5] RifEclipseUnifiedRestartFileAccess::timeSteps(std::vector<QDateTime, std::allocator<QDateTime> >*, std::vector<double, std::allocator<double> >*) at ResInsight/ApplicationLibCode/FileInterface/RifEclipseUnifiedRestartFileAccess.cpp:206
  [6] RimEclipseResultCase::importGridAndResultMetaData(bool) at ResInsight/ApplicationLibCode/ProjectDataModel/RimEclipseResultCase.cpp:216
  [7] RimEclipseCase::openReservoirCase() at ResInsight/ApplicationLibCode/ProjectDataModel/RimEclipseCase.cpp:1125
  [8] RimEclipseView::onLoadDataAndUpdate() at ResInsight/ApplicationLibCode/ProjectDataModel/RimEclipseView.cpp:1248
  [9] RimViewWindow::loadDataAndUpdate() at ResInsight/ApplicationLibCode/ProjectDataModel/RimViewWindow.cpp:90
  [10] RiaApplication::loadProject(QString const&, RiaApplication::ProjectLoadAction, RiaProjectModifier*) at ResInsight/ApplicationLibCode/Application/RiaApplication.cpp:803
  [11] RicOpenProjectFeature::onActionTriggered(bool) at ResInsight/ApplicationLibCode/Commands/ApplicationCommands/RicOpenProjectFeature.cpp:50
  [12] caf::CmdFeature::actionTriggered(bool) at ResInsight/Fwk/AppFwk/cafCommand/cafCmdFeature.cpp:176
  [13]  at :0
  [14] QAction::triggered(bool) at :0
  [15] QAction::activate(QAction::ActionEvent) at :0
  [16]  at :0
  [17]  at :0
  [18] QWidget::event(QEvent*) at :0
  [19] QApplicationPrivate::notify_helper(QObject*, QEvent*) at :0
  [20] QApplication::notify(QObject*, QEvent*) at :0
  [21] RiaGuiApplication::notify(QObject*, QEvent*) at ResInsight/ApplicationLibCode/Application/RiaGuiApplication.cpp:1828
  [22] QCoreApplication::notifyInternal2(QObject*, QEvent*) at :0
  [23] QApplicationPrivate::sendMouseEvent(QWidget*, QMouseEvent*, QWidget*, QWidget*, QWidget**, QPointer<QWidget>&, bool, bool) at :0
  [24]  at :0
  [25]  at :0
  [26] QApplicationPrivate::notify_helper(QObject*, QEvent*) at :0
  [27] RiaGuiApplication::notify(QObject*, QEvent*) at ResInsight/ApplicationLibCode/Application/RiaGuiApplication.cpp:1828
  [28] QCoreApplication::notifyInternal2(QObject*, QEvent*) at :0
  [29] QGuiApplicationPrivate::processMouseEvent(QWindowSystemInterfacePrivate::MouseEvent*) at :0
  [30] QWindowSystemInterface::sendWindowSystemEvents(QFlags<QEventLoop::ProcessEventsFlag>) at :0
  [31]  at :0
  [32] g_main_context_dispatch at :0
  [33] g_main_context_iterate.isra.20 at :0
  [34] g_main_context_iteration at :0
  [35] QEventDispatcherGlib::processEvents(QFlags<QEventLoop::ProcessEventsFlag>) at :0
  [36] QEventLoop::exec(QFlags<QEventLoop::ProcessEventsFlag>) at :0
  [37] QCoreApplication::exec() at :0
  [38] main at ResInsight/ApplicationExeCode/RiaMain.cpp:267
  [39] __libc_start_main at :0
  [40] _start at :0
  [41]  at :0
"
2026-07-21T12:06:09.213Z,2026.06.1,"  [0] performCrashLogging at ResInsight/ApplicationExeCode/RiaMainTools.cpp:170
  [1] manageSegFailureSA(int, siginfo_t*, void*) at ResInsight/ApplicationExeCode/RiaMainTools.cpp:302
  [2]  at :0
  [3] QWidgetPrivate::shouldPaintOnScreen() const at :0
  [4] QWidgetRepaintManager::markNeedsFlush(QWidget*, QRegion const&, QPoint const&) at :0
  [5] QWidgetPrivate::drawWidget(QPaintDevice*, QRegion const&, QPoint const&, QFlags<QWidgetPrivate::DrawWidgetFlag>, QPainter*, QWidgetRepaintManager*) at :0
  [6] QWidgetPrivate::paintSiblingsRecursive(QPaintDevice*, QList<QObject*> const&, int, QRegion const&, QPoint const&, QFlags<QWidgetPrivate::DrawWidgetFlag>, QPainter*, QWidgetRepaintManager*) at :0
  [7] QWidgetPrivate::drawWidget(QPaintDevice*, QRegion const&, QPoint const&, QFlags<QWidgetPrivate::DrawWidgetFlag>, QPainter*, QWidgetRepaintManager*) at :0
  [8] QWidgetPrivate::paintSiblingsRecursive(QPaintDevice*, QList<QObject*> const&, int, QRegion const&, QPoint const&, QFlags<QWidgetPrivate::DrawWidgetFlag>, QPainter*, QWidgetRepaintManager*) at :0
  [9] QWidgetPrivate::drawWidget(QPaintDevice*, QRegion const&, QPoint const&, QFlags<QWidgetPrivate::DrawWidgetFlag>, QPainter*, QWidgetRepaintManager*) at :0
  [10] QWidgetPrivate::paintSiblingsRecursive(QPaintDevice*, QList<QObject*> const&, int, QRegion const&, QPoint const&, QFlags<QWidgetPrivate::DrawWidgetFlag>, QPainter*, QWidgetRepaintManager*) at :0
  [11] QWidgetPrivate::drawWidget(QPaintDevice*, QRegion const&, QPoint const&, QFlags<QWidgetPrivate::DrawWidgetFlag>, QPainter*, QWidgetRepaintManager*) at :0
  [12] QWidgetPrivate::paintSiblingsRecursive(QPaintDevice*, QList<QObject*> const&, int, QRegion const&, QPoint const&, QFlags<QWidgetPrivate::DrawWidgetFlag>, QPainter*, QWidgetRepaintManager*) at :0
  [13] QWidgetPrivate::paintSiblingsRecursive(QPaintDevice*, QList<QObject*> const&, int, QRegion const&, QPoint const&, QFlags<QWidgetPrivate::DrawWidgetFlag>, QPainter*, QWidgetRepaintManager*) at :0
  [14] QWidgetPrivate::paintSiblingsRecursive(QPaintDevice*, QList<QObject*> const&, int, QRegion const&, QPoint const&, QFlags<QWidgetPrivate::DrawWidgetFlag>, QPainter*, QWidgetRepaintManager*) at :0
  [15] QWidgetPrivate::paintSiblingsRecursive(QPaintDevice*, QList<QObject*> const&, int, QRegion const&, QPoint const&, QFlags<QWidgetPrivate::DrawWidgetFlag>, QPainter*, QWidgetRepaintManager*) at :0
  [16] QWidgetPrivate::paintSiblingsRecursive(QPaintDevice*, QList<QObject*> const&, int, QRegion const&, QPoint const&, QFlags<QWidgetPrivate::DrawWidgetFlag>, QPainter*, QWidgetRepaintManager*) at :0
  [17] QWidgetPrivate::paintSiblingsRecursive(QPaintDevice*, QList<QObject*> const&, int, QRegion const&, QPoint const&, QFlags<QWidgetPrivate::DrawWidgetFlag>, QPainter*, QWidgetRepaintManager*) at :0
  [18] QWidgetPrivate::paintSiblingsRecursive(QPaintDevice*, QList<QObject*> const&, int, QRegion const&, QPoint const&, QFlags<QWidgetPrivate::DrawWidgetFlag>, QPainter*, QWidgetRepaintManager*) at :0
  [19] QWidgetPrivate::paintSiblingsRecursive(QPaintDevice*, QList<QObject*> const&, int, QRegion const&, QPoint const&, QFlags<QWidgetPrivate::DrawWidgetFlag>, QPainter*, QWidgetRepaintManager*) at :0
  [20] QWidgetPrivate::paintSiblingsRecursive(QPaintDevice*, QList<QObject*> const&, int, QRegion const&, QPoint const&, QFlags<QWidgetPrivate::DrawWidgetFlag>, QPainter*, QWidgetRepaintManager*) at :0
  [21] QWidgetPrivate::drawWidget(QPaintDevice*, QRegion const&, QPoint const&, QFlags<QWidgetPrivate::DrawWidgetFlag>, QPainter*, QWidgetRepaintManager*) at :0
  [22] QWidgetPrivate::paintSiblingsRecursive(QPaintDevice*, QList<QObject*> const&, int, QRegion const&, QPoint const&, QFlags<QWidgetPrivate::DrawWidgetFlag>, QPainter*, QWidgetRepaintManager*) at :0
  [23] QWidgetPrivate::drawWidget(QPaintDevice*, QRegion const&, QPoint const&, QFlags<QWidgetPrivate::DrawWidgetFlag>, QPainter*, QWidgetRepaintManager*) at :0
  [24] QWidgetPrivate::paintSiblingsRecursive(QPaintDevice*, QList<QObject*> const&, int, QRegion const&, QPoint const&, QFlags<QWidgetPrivate::DrawWidgetFlag>, QPainter*, QWidgetRepaintManager*) at :0
  [25] QWidgetPrivate::drawWidget(QPaintDevice*, QRegion const&, QPoint const&, QFlags<QWidgetPrivate::DrawWidgetFlag>, QPainter*, QWidgetRepaintManager*) at :0
  [26] QWidgetPrivate::paintSiblingsRecursive(QPaintDevice*, QList<QObject*> const&, int, QRegion const&, QPoint const&, QFlags<QWidgetPrivate::DrawWidgetFlag>, QPainter*, QWidgetRepaintManager*) at :0
  [27] QWidgetPrivate::drawWidget(QPaintDevice*, QRegion const&, QPoint const&, QFlags<QWidgetPrivate::DrawWidgetFlag>, QPainter*, QWidgetRepaintManager*) at :0
  [28] QWidgetPrivate::paintSiblingsRecursive(QPaintDevice*, QList<QObject*> const&, int, QRegion const&, QPoint const&, QFlags<QWidgetPrivate::DrawWidgetFlag>, QPainter*, QWidgetRepaintManager*) at :0
  [29] QWidgetPrivate::drawWidget(QPaintDevice*, QRegion const&, QPoint const&, QFlags<QWidgetPrivate::DrawWidgetFlag>, QPainter*, QWidgetRepaintManager*) at :0
  [30] QWidgetPrivate::paintSiblingsRecursive(QPaintDevice*, QList<QObject*> const&, int, QRegion const&, QPoint const&, QFlags<QWidgetPrivate::DrawWidgetFlag>, QPainter*, QWidgetRepaintManager*) at :0
  [31] QWidgetPrivate::drawWidget(QPaintDevice*, QRegion const&, QPoint const&, QFlags<QWidgetPrivate::DrawWidgetFlag>, QPainter*, QWidgetRepaintManager*) at :0
  [32] QWidgetPrivate::paintSiblingsRecursive(QPaintDevice*, QList<QObject*> const&, int, QRegion const&, QPoint const&, QFlags<QWidgetPrivate::DrawWidgetFlag>, QPainter*, QWidgetRepaintManager*) at :0
  [33] QWidgetPrivate::drawWidget(QPaintDevice*, QRegion const&, QPoint const&, QFlags<QWidgetPrivate::DrawWidgetFlag>, QPainter*, QWidgetRepaintManager*) at :0
  [34] QWidgetPrivate::paintSiblingsRecursive(QPaintDevice*, QList<QObject*> const&, int, QRegion const&, QPoint const&, QFlags<QWidgetPrivate::DrawWidgetFlag>, QPainter*, QWidgetRepaintManager*) at :0
  [35] QWidgetPrivate::drawWidget(QPaintDevice*, QRegion const&, QPoint const&, QFlags<QWidgetPrivate::DrawWidgetFlag>, QPainter*, QWidgetRepaintManager*) at :0
  [36] QWidgetPrivate::paintSiblingsRecursive(QPaintDevice*, QList<QObject*> const&, int, QRegion const&, QPoint const&, QFlags<QWidgetPrivate::DrawWidgetFlag>, QPainter*, QWidgetRepaintManager*) at :0
  [37] QWidgetPrivate::drawWidget(QPaintDevice*, QRegion const&, QPoint const&, QFlags<QWidgetPrivate::DrawWidgetFlag>, QPainter*, QWidgetRepaintManager*) at :0
  [38] QWidgetPrivate::paintSiblingsRecursive(QPaintDevice*, QList<QObject*> const&, int, QRegion const&, QPoint const&, QFlags<QWidgetPrivate::DrawWidgetFlag>, QPainter*, QWidgetRepaintManager*) at :0
  [39] QWidgetPrivate::drawWidget(QPaintDevice*, QRegion const&, QPoint const&, QFlags<QWidgetPrivate::DrawWidgetFlag>, QPainter*, QWidgetRepaintManager*) at :0
  [40] QWidgetPrivate::paintSiblingsRecursive(QPaintDevice*, QList<QObject*> const&, int, QRegion const&, QPoint const&, QFlags<QWidgetPrivate::DrawWidgetFlag>, QPainter*, QWidgetRepaintManager*) at :0
  [41] QWidgetPrivate::drawWidget(QPaintDevice*, QRegion const&, QPoint const&, QFlags<QWidgetPrivate::DrawWidgetFlag>, QPainter*, QWidgetRepaintManager*) at :0
  [42] QWidgetPrivate::paintSiblingsRecursive(QPaintDevice*, QList<QObject*> const&, int, QRegion const&, QPoint const&, QFlags<QWidgetPrivate::DrawWidgetFlag>, QPainter*, QWidgetRepaintManager*) at :0
  [43] QWidgetPrivate::paintSiblingsRecursive(QPaintDevice*, QList<QObject*> const&, int, QRegion const&, QPoint const&, QFlags<QWidgetPrivate::DrawWidgetFlag>, QPainter*, QWidgetRepaintManager*) at :0
  [44] QWidgetPrivate::paintSiblingsRecursive(QPaintDevice*, QList<QObject*> const&, int, QRegion const&, QPoint const&, QFlags<QWidgetPrivate::DrawWidgetFlag>, QPainter*, QWidgetRepaintManager*) at :0
  [45] QWidgetPrivate::drawWidget(QPaintDevice*, QRegion const&, QPoint const&, QFlags<QWidgetPrivate::DrawWidgetFlag>, QPainter*, QWidgetRepaintManager*) at :0
  [46] QWidgetPrivate::paintSiblingsRecursive(QPaintDevice*, QList<QObject*> const&, int, QRegion const&, QPoint const&, QFlags<QWidgetPrivate::DrawWidgetFlag>, QPainter*, QWidgetRepaintManager*) at :0
  [47] QWidgetPrivate::drawWidget(QPaintDevice*, QRegion const&, QPoint const&, QFlags<QWidgetPrivate::DrawWidgetFlag>, QPainter*, QWidgetRepaintManager*) at :0
  [48] QWidgetPrivate::paintSiblingsRecursive(QPaintDevice*, QList<QObject*> const&, int, QRegion const&, QPoint const&, QFlags<QWidgetPrivate::DrawWidgetFlag>, QPainter*, QWidgetRepaintManager*) at :0
  [49] QWidgetPrivate::paintSiblingsRecursive(QPaintDevice*, QList<QObject*> const&, int, QRegion const&, QPoint const&, QFlags<QWidgetPrivate::DrawWidgetFlag>, QPainter*, QWidgetRepaintManager*) at :0
  [50] QWidgetPrivate::paintSiblingsRecursive(QPaintDevice*, QList<QObject*> const&, int, QRegion const&, QPoint const&, QFlags<QWidgetPrivate::DrawWidgetFlag>, QPainter*, QWidgetRepaintManager*) at :0
  [51] QWidgetPrivate::paintSiblingsRecursive(QPaintDevice*, QList<QObject*> const&, int, QRegion const&, QPoint const&, QFlags<QWidgetPrivate::DrawWidgetFlag>, QPainter*, QWidgetRepaintManager*) at :0
  [52] QWidgetPrivate::paintSiblingsRecursive(QPaintDevice*, QList<QObject*> const&, int, QRegion const&, QPoint const&, QFlags<QWidgetPrivate::DrawWidgetFlag>, QPainter*, QWidgetRepaintManager*) at :0
  [53] QWidgetPrivate::paintSiblingsRecursive(QPaintDevice*, QList<QObject*> const&, int, QRegion const&, QPoint const&, QFlags<QWidgetPrivate::DrawWidgetFlag>, QPainter*, QWidgetRepaintManager*) at :0
  [54] QWidgetPrivate::paintSiblingsRecursive(QPaintDevice*, QList<QObject*> const&, int, QRegion const&, QPoint const&, QFlags<QWidgetPrivate::DrawWidgetFlag>, QPainter*, QWidgetRepaintManager*) at :0
  [55] QWidgetPrivate::drawWidget(QPaintDevice*, QRegion const&, QPoint const&, QFlags<QWidgetPrivate::DrawWidgetFlag>, QPainter*, QWidgetRepaintManager*) at :0
  [56] QWidgetRepaintManager::paintAndFlush() at :0
  [57] QWidget::event(QEvent*) at :0
  [58] QApplicationPrivate::notify_helper(QObject*, QEvent*) at :0
  [59] RiaGuiApplication::notify(QObject*, QEvent*) at ResInsight/ApplicationLibCode/Application/RiaGuiApplication.cpp:1828
  [60] QCoreApplication::notifyInternal2(QObject*, QEvent*) at :0
  [61] QCoreApplicationPrivate::sendPostedEvents(QObject*, int, QThreadData*) at :0
  [62]  at :0
  [63] g_main_context_dispatch at :0
  [64] g_main_context_iterate.isra.20 at :0
  [65] g_main_context_iteration at :0
  [66] QEventDispatcherGlib::processEvents(QFlags<QEventLoop::ProcessEventsFlag>) at :0
  [67] QEventLoop::exec(QFlags<QEventLoop::ProcessEventsFlag>) at :0
  [68] QCoreApplication::exec() at :0
  [69] main at ResInsight/ApplicationExeCode/RiaMain.cpp:267
  [70] __libc_start_main at :0
  [71] _start at :0
  [72]  at :0
"
2026-07-21T12:02:24.817Z,2026.06.1,"  [0] performCrashLogging at ResInsight/ApplicationExeCode/RiaMainTools.cpp:170
  [1] manageSegFailureSA(int, siginfo_t*, void*) at ResInsight/ApplicationExeCode/RiaMainTools.cpp:302
  [2]  at :0
  [3] std::__atomic_base<int>::fetch_add(int, std::memory_order) at /opt/rh/gcc-toolset-13/root/usr/include/c++/13/bits/atomic_base.h:635
  [4] RigEclipseCaseData::formationNames() const at ResInsight/ApplicationLibCode/ReservoirDataModel/RigEclipseCaseData.cpp:804
  [5] RimEclipseResultDefinition::hasCategoryResult() const at ResInsight/ApplicationLibCode/ProjectDataModel/RimEclipseResultDefinition.cpp:1461
  [6] RiuResultTextBuilder::cellResultTextAndValueText(RimEclipseResultDefinition*) at ResInsight/ApplicationLibCode/UserInterface/RiuResultTextBuilder.cpp:1110
  [7] RiuResultTextBuilder::cellResultText(std::vector<RimEclipseResultDefinition*, std::allocator<RimEclipseResultDefinition*> > const&, bool) at ResInsight/ApplicationLibCode/UserInterface/RiuResultTextBuilder.cpp:998
  [8] RiuResultTextBuilder::gridResultText() at ResInsight/ApplicationLibCode/UserInterface/RiuResultTextBuilder.cpp:490
  [9] RiuResultTextBuilder::resultTextFromLinkedViews() const at ResInsight/ApplicationLibCode/UserInterface/RiuResultTextBuilder.cpp:829
  [10] RiuResultTextBuilder::gridResultDetails() at ResInsight/ApplicationLibCode/UserInterface/RiuResultTextBuilder.cpp:377
  [11] RiuResultTextBuilder::mainResultText() at ResInsight/ApplicationLibCode/UserInterface/RiuResultTextBuilder.cpp:189
  [12] RiuSelectionChangedHandler::updateResultInfo(RiuSelectionItem const*) const at ResInsight/ApplicationLibCode/UserInterface/RiuSelectionChangedHandler.cpp:389
  [13] RiuSelectionChangedHandler::handleItemAppended(RiuSelectionItem const*) const at ResInsight/ApplicationLibCode/UserInterface/RiuSelectionChangedHandler.cpp:132
  [14] Riu3dSelectionManager::updateSelectedItems() at ResInsight/ApplicationLibCode/UserInterface/Riu3dSelectionManager.cpp:114
  [15] RiuTimeStepChangedHandler::handleTimeStepChanged(Rim3dView*) const at ResInsight/ApplicationLibCode/UserInterface/RiuTimeStepChangedHandler.cpp:101
  [16] Rim3dView::setCurrentTimeStep(int) at ResInsight/ApplicationLibCode/ProjectDataModel/Rim3dView.cpp:650
  [17] non-virtual thunk to Rim3dView::setCurrentTimeStepAndUpdate(int) at ResInsight/ApplicationLibCode/ProjectDataModel/Rim3dView.h:156
  [18] RiuViewer::setCurrentFrame(int) at ResInsight/ApplicationLibCode/UserInterface/RiuViewer.cpp:1042
  [19] RiuViewer::slotSetCurrentFrame(int) at ResInsight/ApplicationLibCode/UserInterface/RiuViewer.cpp:357
  [20]  at :0
  [21] caf::FrameAnimationControl::changeFrame(int) at ResInsight/cmakebuild/Fwk/AppFwk/cafAnimControl/cafAnimControl_autogen/EWIEGA46WW/moc_cafFrameAnimationControl.cpp:321
  [22]  at :0
  [23] QTimer::timeout(QTimer::QPrivateSignal) at :0
  [24] QObject::event(QEvent*) at :0
  [25] QApplicationPrivate::notify_helper(QObject*, QEvent*) at :0
  [26] RiaGuiApplication::notify(QObject*, QEvent*) at ResInsight/ApplicationLibCode/Application/RiaGuiApplication.cpp:1828
  [27] QCoreApplication::notifyInternal2(QObject*, QEvent*) at :0
  [28] QTimerInfoList::activateTimers() at :0
  [29]  at :0
  [30] g_main_context_dispatch at :0
  [31] g_main_context_iterate.isra.20 at :0
  [32] g_main_context_iteration at :0
  [33] QEventDispatcherGlib::processEvents(QFlags<QEventLoop::ProcessEventsFlag>) at :0
  [34] QEventLoop::exec(QFlags<QEventLoop::ProcessEventsFlag>) at :0
  [35] QCoreApplication::exec() at :0
  [36] main at ResInsight/ApplicationExeCode/RiaMain.cpp:267
  [37] __libc_start_main at :0
  [38] _start at :0
  [39]  at :0
"
2026-07-21T07:16:36.919Z,2026.06.1,"  [0] performCrashLogging at ResInsight/ApplicationExeCode/RiaMainTools.cpp:170
  [1] manageSegFailureSA(int, siginfo_t*, void*) at ResInsight/ApplicationExeCode/RiaMainTools.cpp:302
  [2]  at :0
  [3] QArrayDataPointer<char16_t>::QArrayDataPointer(QArrayDataPointer<char16_t> const&) at /private/f_resinsight_build/resbuild/qt/6.6.3/gcc_64/include/QtCore/qarraydatapointer.h:38
  [4] RigEclipseCaseData::formationNames() const at ResInsight/ApplicationLibCode/ReservoirDataModel/RigEclipseCaseData.cpp:804
  [5] RimEclipseResultDefinition::hasCategoryResult() const at ResInsight/ApplicationLibCode/ProjectDataModel/RimEclipseResultDefinition.cpp:1461
  [6] RimEclipseResultDefinitionTools::updateCellResultLegend(RimEclipseResultDefinition const*, RimRegularLegendConfig*, int, RimEclipseView*) at ResInsight/ApplicationLibCode/ProjectDataModel/RimEclipseResultDefinitionTools.cpp:540
  [7] RimEclipseResultDefinition::updateRangesForExplicitLegends(RimRegularLegendConfig*, RimTernaryLegendConfig*, int, RimEclipseView*) at ResInsight/ApplicationLibCode/ProjectDataModel/RimEclipseResultDefinition.cpp:1710
  [8] RimEclipseView::updateLegendRangesTextAndVisibility(RimRegularLegendConfig*, RimTernaryLegendConfig*, QString, RimEclipseResultDefinition*, int) at ResInsight/ApplicationLibCode/ProjectDataModel/RimEclipseView.cpp:1699
  [9] RimEclipseView::onUpdateLegends() at ResInsight/ApplicationLibCode/ProjectDataModel/RimEclipseView.cpp:1568
  [10] RimEclipseView::onUpdateDisplayModelForCurrentTimeStep() at ResInsight/ApplicationLibCode/ProjectDataModel/RimEclipseView.cpp:936
  [11] Rim3dView::updateDisplayModelForCurrentTimeStepAndRedraw() at ResInsight/ApplicationLibCode/ProjectDataModel/Rim3dView.cpp:673
  [12] RiuViewer::setCurrentFrame(int) at ResInsight/ApplicationLibCode/UserInterface/RiuViewer.cpp:1042
  [13] RimEclipseView::onCreateDisplayModel() at ResInsight/ApplicationLibCode/ProjectDataModel/RimEclipseView.cpp:849
  [14] Rim3dView::createDisplayModelAndRedraw() at ResInsight/ApplicationLibCode/ProjectDataModel/Rim3dView.cpp:718
  [15] RiaViewRedrawScheduler::updateAndRedrawScheduledViews() at ResInsight/ApplicationLibCode/Application/RiaViewRedrawScheduler.cpp:93
  [16]  at :0
  [17] QTimer::timeout(QTimer::QPrivateSignal) at :0
  [18] QObject::event(QEvent*) at :0
  [19] QApplicationPrivate::notify_helper(QObject*, QEvent*) at :0
  [20] RiaGuiApplication::notify(QObject*, QEvent*) at ResInsight/ApplicationLibCode/Application/RiaGuiApplication.cpp:1828
  [21] QCoreApplication::notifyInternal2(QObject*, QEvent*) at :0
  [22] QTimerInfoList::activateTimers() at :0
  [23]  at :0
  [24] g_main_context_dispatch at :0
  [25] g_main_context_iterate.isra.20 at :0
  [26] g_main_context_iteration at :0
  [27] QEventDispatcherGlib::processEvents(QFlags<QEventLoop::ProcessEventsFlag>) at :0
  [28] QEventLoop::exec(QFlags<QEventLoop::ProcessEventsFlag>) at :0
  [29] QCoreApplication::exec() at :0
  [30] main at ResInsight/ApplicationExeCode/RiaMain.cpp:267
  [31] __libc_start_main at :0
  [32] _start at :0
  [33]  at :0
"
2026-07-21T07:06:23.376Z,2026.06.1,"  [0] performCrashLogging at ResInsight/ApplicationExeCode/RiaMainTools.cpp:170
  [1] manageSegFailureSA(int, siginfo_t*, void*) at ResInsight/ApplicationExeCode/RiaMainTools.cpp:302
  [2]  at :0
  [3] std::__atomic_base<int>::fetch_add(int, std::memory_order) at /opt/rh/gcc-toolset-13/root/usr/include/c++/13/bits/atomic_base.h:635
  [4] RigEclipseCaseData::formationNames() const at ResInsight/ApplicationLibCode/ReservoirDataModel/RigEclipseCaseData.cpp:804
  [5] RimEclipseResultDefinition::hasCategoryResult() const at ResInsight/ApplicationLibCode/ProjectDataModel/RimEclipseResultDefinition.cpp:1461
  [6] RimEclipseResultDefinitionTools::updateCellResultLegend(RimEclipseResultDefinition const*, RimRegularLegendConfig*, int, RimEclipseView*) at ResInsight/ApplicationLibCode/ProjectDataModel/RimEclipseResultDefinitionTools.cpp:540
  [7] RimEclipseResultDefinition::updateRangesForExplicitLegends(RimRegularLegendConfig*, RimTernaryLegendConfig*, int, RimEclipseView*) at ResInsight/ApplicationLibCode/ProjectDataModel/RimEclipseResultDefinition.cpp:1710
  [8] RimEclipseView::updateLegendRangesTextAndVisibility(RimRegularLegendConfig*, RimTernaryLegendConfig*, QString, RimEclipseResultDefinition*, int) at ResInsight/ApplicationLibCode/ProjectDataModel/RimEclipseView.cpp:1699
  [9] RimEclipseView::onUpdateLegends() at ResInsight/ApplicationLibCode/ProjectDataModel/RimEclipseView.cpp:1568
  [10] RimEclipseView::onUpdateDisplayModelForCurrentTimeStep() at ResInsight/ApplicationLibCode/ProjectDataModel/RimEclipseView.cpp:936
  [11] Rim3dView::updateDisplayModelForCurrentTimeStepAndRedraw() at ResInsight/ApplicationLibCode/ProjectDataModel/Rim3dView.cpp:673
  [12] RiuViewer::setCurrentFrame(int) at ResInsight/ApplicationLibCode/UserInterface/RiuViewer.cpp:1042
  [13] RimEclipseView::onCreateDisplayModel() at ResInsight/ApplicationLibCode/ProjectDataModel/RimEclipseView.cpp:849
  [14] Rim3dView::createDisplayModelAndRedraw() at ResInsight/ApplicationLibCode/ProjectDataModel/Rim3dView.cpp:718
  [15] RiaViewRedrawScheduler::updateAndRedrawScheduledViews() at ResInsight/ApplicationLibCode/Application/RiaViewRedrawScheduler.cpp:93
  [16]  at :0
  [17] QTimer::timeout(QTimer::QPrivateSignal) at :0
  [18] QObject::event(QEvent*) at :0
  [19] QApplicationPrivate::notify_helper(QObject*, QEvent*) at :0
  [20] RiaGuiApplication::notify(QObject*, QEvent*) at ResInsight/ApplicationLibCode/Application/RiaGuiApplication.cpp:1828
  [21] QCoreApplication::notifyInternal2(QObject*, QEvent*) at :0
  [22] QTimerInfoList::activateTimers() at :0
  [23]  at :0
  [24] g_main_context_dispatch at :0
  [25] g_main_context_iterate.isra.20 at :0
  [26] g_main_context_iteration at :0
  [27] QEventDispatcherGlib::processEvents(QFlags<QEventLoop::ProcessEventsFlag>) at :0
  [28] QEventLoop::exec(QFlags<QEventLoop::ProcessEventsFlag>) at :0
  [29] QCoreApplication::exec() at :0
  [30] main at ResInsight/ApplicationExeCode/RiaMain.cpp:267
  [31] __libc_start_main at :0
  [32] _start at :0
  [33]  at :0
"
2026-07-20T13:30:56.022Z,2026.06.1,"  [0] performCrashLogging at ResInsight/ApplicationExeCode/RiaMainTools.cpp:170
  [1] manageSegFailureSA(int, siginfo_t*, void*) at ResInsight/ApplicationExeCode/RiaMainTools.cpp:302
  [2]  at :0
  [3] std::__atomic_base<int>::fetch_add(int, std::memory_order) at /opt/rh/gcc-toolset-13/root/usr/include/c++/13/bits/atomic_base.h:635
  [4] RigEclipseCaseData::formationNames() const at ResInsight/ApplicationLibCode/ReservoirDataModel/RigEclipseCaseData.cpp:804
  [5] RimEclipseResultDefinition::hasCategoryResult() const at ResInsight/ApplicationLibCode/ProjectDataModel/RimEclipseResultDefinition.cpp:1461
  [6] RiuResultTextBuilder::cellResultTextAndValueText(RimEclipseResultDefinition*) at ResInsight/ApplicationLibCode/UserInterface/RiuResultTextBuilder.cpp:1110
  [7] RiuResultTextBuilder::cellResultText(std::vector<RimEclipseResultDefinition*, std::allocator<RimEclipseResultDefinition*> > const&, bool) at ResInsight/ApplicationLibCode/UserInterface/RiuResultTextBuilder.cpp:998
  [8] RiuResultTextBuilder::gridResultText() at ResInsight/ApplicationLibCode/UserInterface/RiuResultTextBuilder.cpp:490
  [9] RiuResultTextBuilder::mainResultText() at ResInsight/ApplicationLibCode/UserInterface/RiuResultTextBuilder.cpp:171
  [10] RiuSelectionChangedHandler::updateResultInfo(RiuSelectionItem const*) const at ResInsight/ApplicationLibCode/UserInterface/RiuSelectionChangedHandler.cpp:389
  [11] RiuSelectionChangedHandler::handleItemAppended(RiuSelectionItem const*) const at ResInsight/ApplicationLibCode/UserInterface/RiuSelectionChangedHandler.cpp:132
  [12] RiuCellAndNncPickEventHandler::handle3dPickEvent(Ric3dPickEvent const&) at ResInsight/ApplicationLibCode/UserInterface/RiuCellAndNncPickEventHandler.cpp:459
  [13] RiuViewerCommands::handlePickAction(int, int, QFlags<Qt::KeyboardModifier>) at ResInsight/ApplicationLibCode/UserInterface/RiuViewerCommands.cpp:718
  [14] QWidget::event(QEvent*) at :0
  [15] QApplicationPrivate::notify_helper(QObject*, QEvent*) at :0
  [16] QApplication::notify(QObject*, QEvent*) at :0
  [17] RiaGuiApplication::notify(QObject*, QEvent*) at ResInsight/ApplicationLibCode/Application/RiaGuiApplication.cpp:1828
  [18] QCoreApplication::notifyInternal2(QObject*, QEvent*) at :0
  [19] QApplicationPrivate::sendMouseEvent(QWidget*, QMouseEvent*, QWidget*, QWidget*, QWidget**, QPointer<QWidget>&, bool, bool) at :0
  [20]  at :0
  [21]  at :0
  [22] QApplicationPrivate::notify_helper(QObject*, QEvent*) at :0
  [23] RiaGuiApplication::notify(QObject*, QEvent*) at ResInsight/ApplicationLibCode/Application/RiaGuiApplication.cpp:1828
  [24] QCoreApplication::notifyInternal2(QObject*, QEvent*) at :0
  [25] QGuiApplicationPrivate::processMouseEvent(QWindowSystemInterfacePrivate::MouseEvent*) at :0
  [26] QWindowSystemInterface::sendWindowSystemEvents(QFlags<QEventLoop::ProcessEventsFlag>) at :0
  [27]  at :0
  [28] g_main_context_dispatch at :0
  [29] g_main_context_iterate.isra.20 at :0
  [30] g_main_context_iteration at :0
  [31] QEventDispatcherGlib::processEvents(QFlags<QEventLoop::ProcessEventsFlag>) at :0
  [32] QEventLoop::exec(QFlags<QEventLoop::ProcessEventsFlag>) at :0
  [33] QCoreApplication::exec() at :0
  [34] main at ResInsight/ApplicationExeCode/RiaMain.cpp:267
  [35] __libc_start_main at :0
  [36] _start at :0
  [37]  at :0
"
2026-07-20T13:26:51.925Z,2026.06.1,"  [0] performCrashLogging at ResInsight/ApplicationExeCode/RiaMainTools.cpp:170
  [1] manageSegFailureSA(int, siginfo_t*, void*) at ResInsight/ApplicationExeCode/RiaMainTools.cpp:302
  [2]  at :0
  [3] QWidgetPrivate::shouldPaintOnScreen() const at :0
  [4] QWidgetRepaintManager::markNeedsFlush(QWidget*, QRegion const&, QPoint const&) at :0
  [5] QWidgetPrivate::drawWidget(QPaintDevice*, QRegion const&, QPoint const&, QFlags<QWidgetPrivate::DrawWidgetFlag>, QPainter*, QWidgetRepaintManager*) at :0
  [6] QWidgetPrivate::paintSiblingsRecursive(QPaintDevice*, QList<QObject*> const&, int, QRegion const&, QPoint const&, QFlags<QWidgetPrivate::DrawWidgetFlag>, QPainter*, QWidgetRepaintManager*) at :0
  [7] QWidgetPrivate::drawWidget(QPaintDevice*, QRegion const&, QPoint const&, QFlags<QWidgetPrivate::DrawWidgetFlag>, QPainter*, QWidgetRepaintManager*) at :0
  [8] QWidgetPrivate::paintSiblingsRecursive(QPaintDevice*, QList<QObject*> const&, int, QRegion const&, QPoint const&, QFlags<QWidgetPrivate::DrawWidgetFlag>, QPainter*, QWidgetRepaintManager*) at :0
  [9] QWidgetPrivate::drawWidget(QPaintDevice*, QRegion const&, QPoint const&, QFlags<QWidgetPrivate::DrawWidgetFlag>, QPainter*, QWidgetRepaintManager*) at :0
  [10] QWidgetPrivate::paintSiblingsRecursive(QPaintDevice*, QList<QObject*> const&, int, QRegion const&, QPoint const&, QFlags<QWidgetPrivate::DrawWidgetFlag>, QPainter*, QWidgetRepaintManager*) at :0
  [11] QWidgetPrivate::drawWidget(QPaintDevice*, QRegion const&, QPoint const&, QFlags<QWidgetPrivate::DrawWidgetFlag>, QPainter*, QWidgetRepaintManager*) at :0
  [12] QWidgetPrivate::paintSiblingsRecursive(QPaintDevice*, QList<QObject*> const&, int, QRegion const&, QPoint const&, QFlags<QWidgetPrivate::DrawWidgetFlag>, QPainter*, QWidgetRepaintManager*) at :0
  [13] QWidgetPrivate::paintSiblingsRecursive(QPaintDevice*, QList<QObject*> const&, int, QRegion const&, QPoint const&, QFlags<QWidgetPrivate::DrawWidgetFlag>, QPainter*, QWidgetRepaintManager*) at :0
  [14] QWidgetPrivate::paintSiblingsRecursive(QPaintDevice*, QList<QObject*> const&, int, QRegion const&, QPoint const&, QFlags<QWidgetPrivate::DrawWidgetFlag>, QPainter*, QWidgetRepaintManager*) at :0
  [15] QWidgetPrivate::paintSiblingsRecursive(QPaintDevice*, QList<QObject*> const&, int, QRegion const&, QPoint const&, QFlags<QWidgetPrivate::DrawWidgetFlag>, QPainter*, QWidgetRepaintManager*) at :0
  [16] QWidgetPrivate::drawWidget(QPaintDevice*, QRegion const&, QPoint const&, QFlags<QWidgetPrivate::DrawWidgetFlag>, QPainter*, QWidgetRepaintManager*) at :0
  [17] QWidgetPrivate::paintSiblingsRecursive(QPaintDevice*, QList<QObject*> const&, int, QRegion const&, QPoint const&, QFlags<QWidgetPrivate::DrawWidgetFlag>, QPainter*, QWidgetRepaintManager*) at :0
  [18] QWidgetPrivate::drawWidget(QPaintDevice*, QRegion const&, QPoint const&, QFlags<QWidgetPrivate::DrawWidgetFlag>, QPainter*, QWidgetRepaintManager*) at :0
  [19] QWidgetPrivate::paintSiblingsRecursive(QPaintDevice*, QList<QObject*> const&, int, QRegion const&, QPoint const&, QFlags<QWidgetPrivate::DrawWidgetFlag>, QPainter*, QWidgetRepaintManager*) at :0
  [20] QWidgetPrivate::drawWidget(QPaintDevice*, QRegion const&, QPoint const&, QFlags<QWidgetPrivate::DrawWidgetFlag>, QPainter*, QWidgetRepaintManager*) at :0
  [21] QWidgetPrivate::paintSiblingsRecursive(QPaintDevice*, QList<QObject*> const&, int, QRegion const&, QPoint const&, QFlags<QWidgetPrivate::DrawWidgetFlag>, QPainter*, QWidgetRepaintManager*) at :0
  [22] QWidgetPrivate::drawWidget(QPaintDevice*, QRegion const&, QPoint const&, QFlags<QWidgetPrivate::DrawWidgetFlag>, QPainter*, QWidgetRepaintManager*) at :0
  [23] QWidgetPrivate::paintSiblingsRecursive(QPaintDevice*, QList<QObject*> const&, int, QRegion const&, QPoint const&, QFlags<QWidgetPrivate::DrawWidgetFlag>, QPainter*, QWidgetRepaintManager*) at :0
  [24] QWidgetPrivate::drawWidget(QPaintDevice*, QRegion const&, QPoint const&, QFlags<QWidgetPrivate::DrawWidgetFlag>, QPainter*, QWidgetRepaintManager*) at :0
  [25] QWidgetPrivate::paintSiblingsRecursive(QPaintDevice*, QList<QObject*> const&, int, QRegion const&, QPoint const&, QFlags<QWidgetPrivate::DrawWidgetFlag>, QPainter*, QWidgetRepaintManager*) at :0
  [26] QWidgetPrivate::drawWidget(QPaintDevice*, QRegion const&, QPoint const&, QFlags<QWidgetPrivate::DrawWidgetFlag>, QPainter*, QWidgetRepaintManager*) at :0
  [27] QWidgetPrivate::paintSiblingsRecursive(QPaintDevice*, QList<QObject*> const&, int, QRegion const&, QPoint const&, QFlags<QWidgetPrivate::DrawWidgetFlag>, QPainter*, QWidgetRepaintManager*) at :0
  [28] QWidgetPrivate::drawWidget(QPaintDevice*, QRegion const&, QPoint const&, QFlags<QWidgetPrivate::DrawWidgetFlag>, QPainter*, QWidgetRepaintManager*) at :0
  [29] QWidgetPrivate::paintSiblingsRecursive(QPaintDevice*, QList<QObject*> const&, int, QRegion const&, QPoint const&, QFlags<QWidgetPrivate::DrawWidgetFlag>, QPainter*, QWidgetRepaintManager*) at :0
  [30] QWidgetPrivate::drawWidget(QPaintDevice*, QRegion const&, QPoint const&, QFlags<QWidgetPrivate::DrawWidgetFlag>, QPainter*, QWidgetRepaintManager*) at :0
  [31] QWidgetPrivate::paintSiblingsRecursive(QPaintDevice*, QList<QObject*> const&, int, QRegion const&, QPoint const&, QFlags<QWidgetPrivate::DrawWidgetFlag>, QPainter*, QWidgetRepaintManager*) at :0
  [32] QWidgetPrivate::drawWidget(QPaintDevice*, QRegion const&, QPoint const&, QFlags<QWidgetPrivate::DrawWidgetFlag>, QPainter*, QWidgetRepaintManager*) at :0
  [33] QWidgetPrivate::paintSiblingsRecursive(QPaintDevice*, QList<QObject*> const&, int, QRegion const&, QPoint const&, QFlags<QWidgetPrivate::DrawWidgetFlag>, QPainter*, QWidgetRepaintManager*) at :0
  [34] QWidgetPrivate::drawWidget(QPaintDevice*, QRegion const&, QPoint const&, QFlags<QWidgetPrivate::DrawWidgetFlag>, QPainter*, QWidgetRepaintManager*) at :0
  [35] QWidgetPrivate::paintSiblingsRecursive(QPaintDevice*, QList<QObject*> const&, int, QRegion const&, QPoint const&, QFlags<QWidgetPrivate::DrawWidgetFlag>, QPainter*, QWidgetRepaintManager*) at :0
  [36] QWidgetPrivate::drawWidget(QPaintDevice*, QRegion const&, QPoint const&, QFlags<QWidgetPrivate::DrawWidgetFlag>, QPainter*, QWidgetRepaintManager*) at :0
  [37] QWidgetPrivate::paintSiblingsRecursive(QPaintDevice*, QList<QObject*> const&, int, QRegion const&, QPoint const&, QFlags<QWidgetPrivate::DrawWidgetFlag>, QPainter*, QWidgetRepaintManager*) at :0
  [38] QWidgetPrivate::paintSiblingsRecursive(QPaintDevice*, QList<QObject*> const&, int, QRegion const&, QPoint const&, QFlags<QWidgetPrivate::DrawWidgetFlag>, QPainter*, QWidgetRepaintManager*) at :0
  [39] QWidgetPrivate::paintSiblingsRecursive(QPaintDevice*, QList<QObject*> const&, int, QRegion const&, QPoint const&, QFlags<QWidgetPrivate::DrawWidgetFlag>, QPainter*, QWidgetRepaintManager*) at :0
  [40] QWidgetPrivate::paintSiblingsRecursive(QPaintDevice*, QList<QObject*> const&, int, QRegion const&, QPoint const&, QFlags<QWidgetPrivate::DrawWidgetFlag>, QPainter*, QWidgetRepaintManager*) at :0
  [41] QWidgetPrivate::drawWidget(QPaintDevice*, QRegion const&, QPoint const&, QFlags<QWidgetPrivate::DrawWidgetFlag>, QPainter*, QWidgetRepaintManager*) at :0
  [42] QWidgetPrivate::paintSiblingsRecursive(QPaintDevice*, QList<QObject*> const&, int, QRegion const&, QPoint const&, QFlags<QWidgetPrivate::DrawWidgetFlag>, QPainter*, QWidgetRepaintManager*) at :0
  [43] QWidgetPrivate::drawWidget(QPaintDevice*, QRegion const&, QPoint const&, QFlags<QWidgetPrivate::DrawWidgetFlag>, QPainter*, QWidgetRepaintManager*) at :0
  [44] QWidgetPrivate::paintSiblingsRecursive(QPaintDevice*, QList<QObject*> const&, int, QRegion const&, QPoint const&, QFlags<QWidgetPrivate::DrawWidgetFlag>, QPainter*, QWidgetRepaintManager*) at :0
  [45] QWidgetPrivate::paintSiblingsRecursive(QPaintDevice*, QList<QObject*> const&, int, QRegion const&, QPoint const&, QFlags<QWidgetPrivate::DrawWidgetFlag>, QPainter*, QWidgetRepaintManager*) at :0
  [46] QWidgetPrivate::paintSiblingsRecursive(QPaintDevice*, QList<QObject*> const&, int, QRegion const&, QPoint const&, QFlags<QWidgetPrivate::DrawWidgetFlag>, QPainter*, QWidgetRepaintManager*) at :0
  [47] QWidgetPrivate::paintSiblingsRecursive(QPaintDevice*, QList<QObject*> const&, int, QRegion const&, QPoint const&, QFlags<QWidgetPrivate::DrawWidgetFlag>, QPainter*, QWidgetRepaintManager*) at :0
  [48] QWidgetPrivate::paintSiblingsRecursive(QPaintDevice*, QList<QObject*> const&, int, QRegion const&, QPoint const&, QFlags<QWidgetPrivate::DrawWidgetFlag>, QPainter*, QWidgetRepaintManager*) at :0
  [49] QWidgetPrivate::paintSiblingsRecursive(QPaintDevice*, QList<QObject*> const&, int, QRegion const&, QPoint const&, QFlags<QWidgetPrivate::DrawWidgetFlag>, QPainter*, QWidgetRepaintManager*) at :0
  [50] QWidgetPrivate::paintSiblingsRecursive(QPaintDevice*, QList<QObject*> const&, int, QRegion const&, QPoint const&, QFlags<QWidgetPrivate::DrawWidgetFlag>, QPainter*, QWidgetRepaintManager*) at :0
  [51] QWidgetPrivate::drawWidget(QPaintDevice*, QRegion const&, QPoint const&, QFlags<QWidgetPrivate::DrawWidgetFlag>, QPainter*, QWidgetRepaintManager*) at :0
  [52] QWidgetRepaintManager::paintAndFlush() at :0
  [53] QWidget::event(QEvent*) at :0
  [54] QApplicationPrivate::notify_helper(QObject*, QEvent*) at :0
  [55] RiaGuiApplication::notify(QObject*, QEvent*) at ResInsight/ApplicationLibCode/Application/RiaGuiApplication.cpp:1828
  [56] QCoreApplication::notifyInternal2(QObject*, QEvent*) at :0
  [57] QCoreApplicationPrivate::sendPostedEvents(QObject*, int, QThreadData*) at :0
  [58]  at :0
  [59] g_main_context_dispatch at :0
  [60] g_main_context_iterate.isra.20 at :0
  [61] g_main_context_iteration at :0
  [62] QEventDispatcherGlib::processEvents(QFlags<QEventLoop::ProcessEventsFlag>) at :0
  [63] QEventLoop::exec(QFlags<QEventLoop::ProcessEventsFlag>) at :0
  [64] QCoreApplication::exec() at :0
  [65] main at ResInsight/ApplicationExeCode/RiaMain.cpp:267
  [66] __libc_start_main at :0
  [67] _start at :0
  [68]  at :0
"
2026-07-17T12:58:57.171Z,2026.06.1,"  [0] performCrashLogging at ResInsight/ApplicationExeCode/RiaMainTools.cpp:170
  [1] manageSegFailureSA(int, siginfo_t*, void*) at ResInsight/ApplicationExeCode/RiaMainTools.cpp:302
  [2]  at :0
  [3] RimEclipseCase::eclipseCaseData() at ResInsight/ApplicationLibCode/ProjectDataModel/RimEclipseCase.cpp:196
  [4] RimSimWellInView::pipeRadius() at ResInsight/ApplicationLibCode/ProjectDataModel/RimSimWellInView.cpp:276
  [5] RivSimWellPipesPartMgr::buildWellPipeParts(caf::DisplayCoordTransform const*, bool, double, int, unsigned long) at ResInsight/ApplicationLibCode/ModelVisualization/RivSimWellPipesPartMgr.cpp:175
  [6] RivSimWellPipesPartMgr::appendDynamicGeometryPartsToModel(cvf::ModelBasicList*, unsigned long, caf::DisplayCoordTransform const*) at ResInsight/ApplicationLibCode/ModelVisualization/RivSimWellPipesPartMgr.cpp:98
  [7] RivReservoirSimWellsPartMgr::appendDynamicGeometryPartsToModel(cvf::ModelBasicList*, unsigned long) at ResInsight/ApplicationLibCode/ModelVisualization/RivReservoirSimWellsPartMgr.cpp:110
  [8] RimEclipseView::appendWellsAndFracturesToModel() at ResInsight/ApplicationLibCode/ProjectDataModel/RimEclipseView.cpp:1153
  [9] RimEclipseView::onUpdateDisplayModelForCurrentTimeStep() at ResInsight/ApplicationLibCode/ProjectDataModel/RimEclipseView.cpp:957
  [10] Rim3dView::updateDisplayModelForCurrentTimeStepAndRedraw() at ResInsight/ApplicationLibCode/ProjectDataModel/Rim3dView.cpp:673
  [11] RiuViewer::setCurrentFrame(int) at ResInsight/ApplicationLibCode/UserInterface/RiuViewer.cpp:1042
  [12] RiuViewer::slotSetCurrentFrame(int) at ResInsight/ApplicationLibCode/UserInterface/RiuViewer.cpp:357
  [13]  at :0
  [14] caf::FrameAnimationControl::changeFrame(int) at ResInsight/cmakebuild/Fwk/AppFwk/cafAnimControl/cafAnimControl_autogen/EWIEGA46WW/moc_cafFrameAnimationControl.cpp:321
  [15]  at :0
  [16] QAction::triggered(bool) at :0
  [17] QAction::activate(QAction::ActionEvent) at :0
  [18]  at :0
  [19] QAbstractButton::mouseReleaseEvent(QMouseEvent*) at :0
  [20] QToolButton::mouseReleaseEvent(QMouseEvent*) at :0
  [21] QWidget::event(QEvent*) at :0
  [22] QApplicationPrivate::notify_helper(QObject*, QEvent*) at :0
  [23] QApplication::notify(QObject*, QEvent*) at :0
  [24] RiaGuiApplication::notify(QObject*, QEvent*) at ResInsight/ApplicationLibCode/Application/RiaGuiApplication.cpp:1828
  [25] QCoreApplication::notifyInternal2(QObject*, QEvent*) at :0
  [26] QApplicationPrivate::sendMouseEvent(QWidget*, QMouseEvent*, QWidget*, QWidget*, QWidget**, QPointer<QWidget>&, bool, bool) at :0
  [27]  at :0
  [28]  at :0
  [29] QApplicationPrivate::notify_helper(QObject*, QEvent*) at :0
  [30] RiaGuiApplication::notify(QObject*, QEvent*) at ResInsight/ApplicationLibCode/Application/RiaGuiApplication.cpp:1828
  [31] QCoreApplication::notifyInternal2(QObject*, QEvent*) at :0
  [32] QGuiApplicationPrivate::processMouseEvent(QWindowSystemInterfacePrivate::MouseEvent*) at :0
  [33] QWindowSystemInterface::sendWindowSystemEvents(QFlags<QEventLoop::ProcessEventsFlag>) at :0
  [34]  at :0
  [35] g_main_context_dispatch at :0
  [36] g_main_context_iterate.isra.20 at :0
  [37] g_main_context_iteration at :0
  [38] QEventDispatcherGlib::processEvents(QFlags<QEventLoop::ProcessEventsFlag>) at :0
  [39] QEventLoop::exec(QFlags<QEventLoop::ProcessEventsFlag>) at :0
  [40] QCoreApplication::exec() at :0
  [41] main at ResInsight/ApplicationExeCode/RiaMain.cpp:267
  [42] __libc_start_main at :0
  [43] _start at :0
  [44]  at :0
"
2026-07-17T12:05:32.299Z,2026.06.1,"  [0] performCrashLogging at ResInsight/ApplicationExeCode/RiaMainTools.cpp:170
  [1] manageSegFailureSA(int, siginfo_t*, void*) at ResInsight/ApplicationExeCode/RiaMainTools.cpp:302
  [2]  at :0
  [3] RicCreateRftPlotsFeature::onActionTriggered(bool) at ResInsight/ApplicationLibCode/Commands/WellLogCommands/RicCreateRftPlotsFeature.cpp:65
  [4] caf::CmdFeature::actionTriggered(bool) at ResInsight/Fwk/AppFwk/cafCommand/cafCmdFeature.cpp:176
  [5]  at :0
  [6] QAction::triggered(bool) at :0
  [7] QAction::activate(QAction::ActionEvent) at :0
  [8]  at :0
  [9]  at :0
  [10] QWidget::event(QEvent*) at :0
  [11] QApplicationPrivate::notify_helper(QObject*, QEvent*) at :0
  [12] QApplication::notify(QObject*, QEvent*) at :0
  [13] RiaGuiApplication::notify(QObject*, QEvent*) at ResInsight/ApplicationLibCode/Application/RiaGuiApplication.cpp:1828
  [14] QCoreApplication::notifyInternal2(QObject*, QEvent*) at :0
  [15] QApplicationPrivate::sendMouseEvent(QWidget*, QMouseEvent*, QWidget*, QWidget*, QWidget**, QPointer<QWidget>&, bool, bool) at :0
  [16]  at :0
  [17]  at :0
  [18] QApplicationPrivate::notify_helper(QObject*, QEvent*) at :0
  [19] RiaGuiApplication::notify(QObject*, QEvent*) at ResInsight/ApplicationLibCode/Application/RiaGuiApplication.cpp:1828
  [20] QCoreApplication::notifyInternal2(QObject*, QEvent*) at :0
  [21] QGuiApplicationPrivate::processMouseEvent(QWindowSystemInterfacePrivate::MouseEvent*) at :0
  [22] QWindowSystemInterface::sendWindowSystemEvents(QFlags<QEventLoop::ProcessEventsFlag>) at :0
  [23]  at :0
  [24] g_main_context_dispatch at :0
  [25] g_main_context_iterate.isra.20 at :0
  [26] g_main_context_iteration at :0
  [27] QEventDispatcherGlib::processEvents(QFlags<QEventLoop::ProcessEventsFlag>) at :0
  [28] QEventLoop::exec(QFlags<QEventLoop::ProcessEventsFlag>) at :0
  [29]  at :0
  [30] QMenu::exec(QPoint const&, QAction*) at :0
  [31] RiuMainWindow::customMenuRequested(QPoint const&) at ResInsight/ApplicationLibCode/UserInterface/RiuMainWindow.cpp:2092
  [32]  at :0
  [33] QWidget::customContextMenuRequested(QPoint const&) at :0
  [34] QWidget::event(QEvent*) at :0
  [35] QFrame::event(QEvent*) at :0
  [36] QCoreApplicationPrivate::sendThroughObjectEventFilters(QObject*, QEvent*) at :0
  [37] QApplicationPrivate::notify_helper(QObject*, QEvent*) at :0
  [38] QApplication::notify(QObject*, QEvent*) at :0
  [39] RiaGuiApplication::notify(QObject*, QEvent*) at ResInsight/ApplicationLibCode/Application/RiaGuiApplication.cpp:1828
  [40] QCoreApplication::notifyInternal2(QObject*, QEvent*) at :0
  [41]  at :0
  [42]  at :0
  [43] QApplicationPrivate::notify_helper(QObject*, QEvent*) at :0
  [44] RiaGuiApplication::notify(QObject*, QEvent*) at ResInsight/ApplicationLibCode/Application/RiaGuiApplication.cpp:1828
  [45] QCoreApplication::notifyInternal2(QObject*, QEvent*) at :0
  [46] QGuiApplicationPrivate::processMouseEvent(QWindowSystemInterfacePrivate::MouseEvent*) at :0
  [47] QWindowSystemInterface::sendWindowSystemEvents(QFlags<QEventLoop::ProcessEventsFlag>) at :0
  [48]  at :0
  [49] g_main_context_dispatch at :0
  [50] g_main_context_iterate.isra.20 at :0
  [51] g_main_context_iteration at :0
  [52] QEventDispatcherGlib::processEvents(QFlags<QEventLoop::ProcessEventsFlag>) at :0
  [53] QEventLoop::exec(QFlags<QEventLoop::ProcessEventsFlag>) at :0
  [54] QCoreApplication::exec() at :0
  [55] main at ResInsight/ApplicationExeCode/RiaMain.cpp:267
  [56] __libc_start_main at :0
  [57] _start at :0
  [58]  at :0
"
2026-07-17T11:48:46.194Z,2026.06.1,"  [0] performCrashLogging at ResInsight/ApplicationExeCode/RiaMainTools.cpp:170
  [1] manageSegFailureSA(int, siginfo_t*, void*) at ResInsight/ApplicationExeCode/RiaMainTools.cpp:302
  [2]  at :0
  [3] RicCreateRftPlotsFeature::onActionTriggered(bool) at ResInsight/ApplicationLibCode/Commands/WellLogCommands/RicCreateRftPlotsFeature.cpp:65
  [4] caf::CmdFeature::actionTriggered(bool) at ResInsight/Fwk/AppFwk/cafCommand/cafCmdFeature.cpp:176
  [5]  at :0
  [6] QAction::triggered(bool) at :0
  [7] QAction::activate(QAction::ActionEvent) at :0
  [8]  at :0
  [9]  at :0
  [10] QWidget::event(QEvent*) at :0
  [11] QApplicationPrivate::notify_helper(QObject*, QEvent*) at :0
  [12] QApplication::notify(QObject*, QEvent*) at :0
  [13] RiaGuiApplication::notify(QObject*, QEvent*) at ResInsight/ApplicationLibCode/Application/RiaGuiApplication.cpp:1828
  [14] QCoreApplication::notifyInternal2(QObject*, QEvent*) at :0
  [15] QApplicationPrivate::sendMouseEvent(QWidget*, QMouseEvent*, QWidget*, QWidget*, QWidget**, QPointer<QWidget>&, bool, bool) at :0
  [16]  at :0
  [17]  at :0
  [18] QApplicationPrivate::notify_helper(QObject*, QEvent*) at :0
  [19] RiaGuiApplication::notify(QObject*, QEvent*) at ResInsight/ApplicationLibCode/Application/RiaGuiApplication.cpp:1828
  [20] QCoreApplication::notifyInternal2(QObject*, QEvent*) at :0
  [21] QGuiApplicationPrivate::processMouseEvent(QWindowSystemInterfacePrivate::MouseEvent*) at :0
  [22] QWindowSystemInterface::sendWindowSystemEvents(QFlags<QEventLoop::ProcessEventsFlag>) at :0
  [23]  at :0
  [24] g_main_context_dispatch at :0
  [25] g_main_context_iterate.isra.20 at :0
  [26] g_main_context_iteration at :0
  [27] QEventDispatcherGlib::processEvents(QFlags<QEventLoop::ProcessEventsFlag>) at :0
  [28] QEventLoop::exec(QFlags<QEventLoop::ProcessEventsFlag>) at :0
  [29]  at :0
  [30] QMenu::exec(QPoint const&, QAction*) at :0
  [31] RiuMainWindow::customMenuRequested(QPoint const&) at ResInsight/ApplicationLibCode/UserInterface/RiuMainWindow.cpp:2092
  [32]  at :0
  [33] QWidget::customContextMenuRequested(QPoint const&) at :0
  [34] QWidget::event(QEvent*) at :0
  [35] QFrame::event(QEvent*) at :0
  [36] QCoreApplicationPrivate::sendThroughObjectEventFilters(QObject*, QEvent*) at :0
  [37] QApplicationPrivate::notify_helper(QObject*, QEvent*) at :0
  [38] QApplication::notify(QObject*, QEvent*) at :0
  [39] RiaGuiApplication::notify(QObject*, QEvent*) at ResInsight/ApplicationLibCode/Application/RiaGuiApplication.cpp:1828
  [40] QCoreApplication::notifyInternal2(QObject*, QEvent*) at :0
  [41]  at :0
  [42]  at :0
  [43] QApplicationPrivate::notify_helper(QObject*, QEvent*) at :0
  [44] RiaGuiApplication::notify(QObject*, QEvent*) at ResInsight/ApplicationLibCode/Application/RiaGuiApplication.cpp:1828
  [45] QCoreApplication::notifyInternal2(QObject*, QEvent*) at :0
  [46] QGuiApplicationPrivate::processMouseEvent(QWindowSystemInterfacePrivate::MouseEvent*) at :0
  [47] QWindowSystemInterface::sendWindowSystemEvents(QFlags<QEventLoop::ProcessEventsFlag>) at :0
  [48]  at :0
  [49] g_main_context_dispatch at :0
  [50] g_main_context_iterate.isra.20 at :0
  [51] g_main_context_iteration at :0
  [52] QEventDispatcherGlib::processEvents(QFlags<QEventLoop::ProcessEventsFlag>) at :0
  [53] QEventLoop::exec(QFlags<QEventLoop::ProcessEventsFlag>) at :0
  [54] QCoreApplication::exec() at :0
  [55] main at ResInsight/ApplicationExeCode/RiaMain.cpp:267
  [56] __libc_start_main at :0
  [57] _start at :0
  [58]  at :0
"
2026-07-17T09:54:43.159Z,2026.06.1,"  [0] performCrashLogging at ResInsight/ApplicationExeCode/RiaMainTools.cpp:170
  [1] manageSegFailureSA(int, siginfo_t*, void*) at ResInsight/ApplicationExeCode/RiaMainTools.cpp:302
  [2]  at :0
  [3] QWidgetPrivate::shouldPaintOnScreen() const at :0
  [4] QWidgetRepaintManager::markNeedsFlush(QWidget*, QRegion const&, QPoint const&) at :0
  [5] QWidgetPrivate::drawWidget(QPaintDevice*, QRegion const&, QPoint const&, QFlags<QWidgetPrivate::DrawWidgetFlag>, QPainter*, QWidgetRepaintManager*) at :0
  [6] QWidgetPrivate::paintSiblingsRecursive(QPaintDevice*, QList<QObject*> const&, int, QRegion const&, QPoint const&, QFlags<QWidgetPrivate::DrawWidgetFlag>, QPainter*, QWidgetRepaintManager*) at :0
  [7] QWidgetPrivate::drawWidget(QPaintDevice*, QRegion const&, QPoint const&, QFlags<QWidgetPrivate::DrawWidgetFlag>, QPainter*, QWidgetRepaintManager*) at :0
  [8] QWidgetPrivate::paintSiblingsRecursive(QPaintDevice*, QList<QObject*> const&, int, QRegion const&, QPoint const&, QFlags<QWidgetPrivate::DrawWidgetFlag>, QPainter*, QWidgetRepaintManager*) at :0
  [9] QWidgetPrivate::drawWidget(QPaintDevice*, QRegion const&, QPoint const&, QFlags<QWidgetPrivate::DrawWidgetFlag>, QPainter*, QWidgetRepaintManager*) at :0
  [10] QWidgetPrivate::paintSiblingsRecursive(QPaintDevice*, QList<QObject*> const&, int, QRegion const&, QPoint const&, QFlags<QWidgetPrivate::DrawWidgetFlag>, QPainter*, QWidgetRepaintManager*) at :0
  [11] QWidgetPrivate::drawWidget(QPaintDevice*, QRegion const&, QPoint const&, QFlags<QWidgetPrivate::DrawWidgetFlag>, QPainter*, QWidgetRepaintManager*) at :0
  [12] QWidgetPrivate::paintSiblingsRecursive(QPaintDevice*, QList<QObject*> const&, int, QRegion const&, QPoint const&, QFlags<QWidgetPrivate::DrawWidgetFlag>, QPainter*, QWidgetRepaintManager*) at :0
  [13] QWidgetPrivate::paintSiblingsRecursive(QPaintDevice*, QList<QObject*> const&, int, QRegion const&, QPoint const&, QFlags<QWidgetPrivate::DrawWidgetFlag>, QPainter*, QWidgetRepaintManager*) at :0
  [14] QWidgetPrivate::paintSiblingsRecursive(QPaintDevice*, QList<QObject*> const&, int, QRegion const&, QPoint const&, QFlags<QWidgetPrivate::DrawWidgetFlag>, QPainter*, QWidgetRepaintManager*) at :0
  [15] QWidgetPrivate::paintSiblingsRecursive(QPaintDevice*, QList<QObject*> const&, int, QRegion const&, QPoint const&, QFlags<QWidgetPrivate::DrawWidgetFlag>, QPainter*, QWidgetRepaintManager*) at :0
  [16] QWidgetPrivate::paintSiblingsRecursive(QPaintDevice*, QList<QObject*> const&, int, QRegion const&, QPoint const&, QFlags<QWidgetPrivate::DrawWidgetFlag>, QPainter*, QWidgetRepaintManager*) at :0
  [17] QWidgetPrivate::paintSiblingsRecursive(QPaintDevice*, QList<QObject*> const&, int, QRegion const&, QPoint const&, QFlags<QWidgetPrivate::DrawWidgetFlag>, QPainter*, QWidgetRepaintManager*) at :0
  [18] QWidgetPrivate::paintSiblingsRecursive(QPaintDevice*, QList<QObject*> const&, int, QRegion const&, QPoint const&, QFlags<QWidgetPrivate::DrawWidgetFlag>, QPainter*, QWidgetRepaintManager*) at :0
  [19] QWidgetPrivate::paintSiblingsRecursive(QPaintDevice*, QList<QObject*> const&, int, QRegion const&, QPoint const&, QFlags<QWidgetPrivate::DrawWidgetFlag>, QPainter*, QWidgetRepaintManager*) at :0
  [20] QWidgetPrivate::paintSiblingsRecursive(QPaintDevice*, QList<QObject*> const&, int, QRegion const&, QPoint const&, QFlags<QWidgetPrivate::DrawWidgetFlag>, QPainter*, QWidgetRepaintManager*) at :0
  [21] QWidgetPrivate::drawWidget(QPaintDevice*, QRegion const&, QPoint const&, QFlags<QWidgetPrivate::DrawWidgetFlag>, QPainter*, QWidgetRepaintManager*) at :0
  [22] QWidgetPrivate::paintSiblingsRecursive(QPaintDevice*, QList<QObject*> const&, int, QRegion const&, QPoint const&, QFlags<QWidgetPrivate::DrawWidgetFlag>, QPainter*, QWidgetRepaintManager*) at :0
  [23] QWidgetPrivate::drawWidget(QPaintDevice*, QRegion const&, QPoint const&, QFlags<QWidgetPrivate::DrawWidgetFlag>, QPainter*, QWidgetRepaintManager*) at :0
  [24] QWidgetPrivate::paintSiblingsRecursive(QPaintDevice*, QList<QObject*> const&, int, QRegion const&, QPoint const&, QFlags<QWidgetPrivate::DrawWidgetFlag>, QPainter*, QWidgetRepaintManager*) at :0
  [25] QWidgetPrivate::drawWidget(QPaintDevice*, QRegion const&, QPoint const&, QFlags<QWidgetPrivate::DrawWidgetFlag>, QPainter*, QWidgetRepaintManager*) at :0
  [26] QWidgetPrivate::paintSiblingsRecursive(QPaintDevice*, QList<QObject*> const&, int, QRegion const&, QPoint const&, QFlags<QWidgetPrivate::DrawWidgetFlag>, QPainter*, QWidgetRepaintManager*) at :0
  [27] QWidgetPrivate::drawWidget(QPaintDevice*, QRegion const&, QPoint const&, QFlags<QWidgetPrivate::DrawWidgetFlag>, QPainter*, QWidgetRepaintManager*) at :0
  [28] QWidgetPrivate::paintSiblingsRecursive(QPaintDevice*, QList<QObject*> const&, int, QRegion const&, QPoint const&, QFlags<QWidgetPrivate::DrawWidgetFlag>, QPainter*, QWidgetRepaintManager*) at :0
  [29] QWidgetPrivate::drawWidget(QPaintDevice*, QRegion const&, QPoint const&, QFlags<QWidgetPrivate::DrawWidgetFlag>, QPainter*, QWidgetRepaintManager*) at :0
  [30] QWidgetPrivate::paintSiblingsRecursive(QPaintDevice*, QList<QObject*> const&, int, QRegion const&, QPoint const&, QFlags<QWidgetPrivate::DrawWidgetFlag>, QPainter*, QWidgetRepaintManager*) at :0
  [31] QWidgetPrivate::drawWidget(QPaintDevice*, QRegion const&, QPoint const&, QFlags<QWidgetPrivate::DrawWidgetFlag>, QPainter*, QWidgetRepaintManager*) at :0
  [32] QWidgetPrivate::paintSiblingsRecursive(QPaintDevice*, QList<QObject*> const&, int, QRegion const&, QPoint const&, QFlags<QWidgetPrivate::DrawWidgetFlag>, QPainter*, QWidgetRepaintManager*) at :0
  [33] QWidgetPrivate::drawWidget(QPaintDevice*, QRegion const&, QPoint const&, QFlags<QWidgetPrivate::DrawWidgetFlag>, QPainter*, QWidgetRepaintManager*) at :0
  [34] QWidgetPrivate::paintSiblingsRecursive(QPaintDevice*, QList<QObject*> const&, int, QRegion const&, QPoint const&, QFlags<QWidgetPrivate::DrawWidgetFlag>, QPainter*, QWidgetRepaintManager*) at :0
  [35] QWidgetPrivate::drawWidget(QPaintDevice*, QRegion const&, QPoint const&, QFlags<QWidgetPrivate::DrawWidgetFlag>, QPainter*, QWidgetRepaintManager*) at :0
  [36] QWidgetPrivate::paintSiblingsRecursive(QPaintDevice*, QList<QObject*> const&, int, QRegion const&, QPoint const&, QFlags<QWidgetPrivate::DrawWidgetFlag>, QPainter*, QWidgetRepaintManager*) at :0
  [37] QWidgetPrivate::drawWidget(QPaintDevice*, QRegion const&, QPoint const&, QFlags<QWidgetPrivate::DrawWidgetFlag>, QPainter*, QWidgetRepaintManager*) at :0
  [38] QWidgetPrivate::paintSiblingsRecursive(QPaintDevice*, QList<QObject*> const&, int, QRegion const&, QPoint const&, QFlags<QWidgetPrivate::DrawWidgetFlag>, QPainter*, QWidgetRepaintManager*) at :0
  [39] QWidgetPrivate::drawWidget(QPaintDevice*, QRegion const&, QPoint const&, QFlags<QWidgetPrivate::DrawWidgetFlag>, QPainter*, QWidgetRepaintManager*) at :0
  [40] QWidgetPrivate::paintSiblingsRecursive(QPaintDevice*, QList<QObject*> const&, int, QRegion const&, QPoint const&, QFlags<QWidgetPrivate::DrawWidgetFlag>, QPainter*, QWidgetRepaintManager*) at :0
  [41] QWidgetPrivate::drawWidget(QPaintDevice*, QRegion const&, QPoint const&, QFlags<QWidgetPrivate::DrawWidgetFlag>, QPainter*, QWidgetRepaintManager*) at :0
  [42] QWidgetPrivate::paintSiblingsRecursive(QPaintDevice*, QList<QObject*> const&, int, QRegion const&, QPoint const&, QFlags<QWidgetPrivate::DrawWidgetFlag>, QPainter*, QWidgetRepaintManager*) at :0
  [43] QWidgetPrivate::paintSiblingsRecursive(QPaintDevice*, QList<QObject*> const&, int, QRegion const&, QPoint const&, QFlags<QWidgetPrivate::DrawWidgetFlag>, QPainter*, QWidgetRepaintManager*) at :0
  [44] QWidgetPrivate::paintSiblingsRecursive(QPaintDevice*, QList<QObject*> const&, int, QRegion const&, QPoint const&, QFlags<QWidgetPrivate::DrawWidgetFlag>, QPainter*, QWidgetRepaintManager*) at :0
  [45] QWidgetPrivate::drawWidget(QPaintDevice*, QRegion const&, QPoint const&, QFlags<QWidgetPrivate::DrawWidgetFlag>, QPainter*, QWidgetRepaintManager*) at :0
  [46] QWidgetPrivate::paintSiblingsRecursive(QPaintDevice*, QList<QObject*> const&, int, QRegion const&, QPoint const&, QFlags<QWidgetPrivate::DrawWidgetFlag>, QPainter*, QWidgetRepaintManager*) at :0
  [47] QWidgetPrivate::drawWidget(QPaintDevice*, QRegion const&, QPoint const&, QFlags<QWidgetPrivate::DrawWidgetFlag>, QPainter*, QWidgetRepaintManager*) at :0
  [48] QWidgetPrivate::paintSiblingsRecursive(QPaintDevice*, QList<QObject*> const&, int, QRegion const&, QPoint const&, QFlags<QWidgetPrivate::DrawWidgetFlag>, QPainter*, QWidgetRepaintManager*) at :0
  [49] QWidgetPrivate::paintSiblingsRecursive(QPaintDevice*, QList<QObject*> const&, int, QRegion const&, QPoint const&, QFlags<QWidgetPrivate::DrawWidgetFlag>, QPainter*, QWidgetRepaintManager*) at :0
  [50] QWidgetPrivate::paintSiblingsRecursive(QPaintDevice*, QList<QObject*> const&, int, QRegion const&, QPoint const&, QFlags<QWidgetPrivate::DrawWidgetFlag>, QPainter*, QWidgetRepaintManager*) at :0
  [51] QWidgetPrivate::paintSiblingsRecursive(QPaintDevice*, QList<QObject*> const&, int, QRegion const&, QPoint const&, QFlags<QWidgetPrivate::DrawWidgetFlag>, QPainter*, QWidgetRepaintManager*) at :0
  [52] QWidgetPrivate::paintSiblingsRecursive(QPaintDevice*, QList<QObject*> const&, int, QRegion const&, QPoint const&, QFlags<QWidgetPrivate::DrawWidgetFlag>, QPainter*, QWidgetRepaintManager*) at :0
  [53] QWidgetPrivate::paintSiblingsRecursive(QPaintDevice*, QList<QObject*> const&, int, QRegion const&, QPoint const&, QFlags<QWidgetPrivate::DrawWidgetFlag>, QPainter*, QWidgetRepaintManager*) at :0
  [54] QWidgetPrivate::paintSiblingsRecursive(QPaintDevice*, QList<QObject*> const&, int, QRegion const&, QPoint const&, QFlags<QWidgetPrivate::DrawWidgetFlag>, QPainter*, QWidgetRepaintManager*) at :0
  [55] QWidgetPrivate::drawWidget(QPaintDevice*, QRegion const&, QPoint const&, QFlags<QWidgetPrivate::DrawWidgetFlag>, QPainter*, QWidgetRepaintManager*) at :0
  [56] QWidgetRepaintManager::paintAndFlush() at :0
  [57] QWidget::event(QEvent*) at :0
  [58] QApplicationPrivate::notify_helper(QObject*, QEvent*) at :0
  [59] RiaGuiApplication::notify(QObject*, QEvent*) at ResInsight/ApplicationLibCode/Application/RiaGuiApplication.cpp:1828
  [60] QCoreApplication::notifyInternal2(QObject*, QEvent*) at :0
  [61] QCoreApplicationPrivate::sendPostedEvents(QObject*, int, QThreadData*) at :0
  [62]  at :0
  [63] g_main_context_dispatch at :0
  [64] g_main_context_iterate.isra.20 at :0
  [65] g_main_context_iteration at :0
  [66] QEventDispatcherGlib::processEvents(QFlags<QEventLoop::ProcessEventsFlag>) at :0
  [67] QEventLoop::exec(QFlags<QEventLoop::ProcessEventsFlag>) at :0
  [68] QCoreApplication::exec() at :0
  [69] main at ResInsight/ApplicationExeCode/RiaMain.cpp:267
  [70] __libc_start_main at :0
  [71] _start at :0
  [72]  at :0
"
2026-07-16T11:46:57.431Z,2026.06.1,"  [0] performCrashLogging at ResInsight/ApplicationExeCode/RiaMainTools.cpp:170
  [1] manageSegFailureSA(int, siginfo_t*, void*) at ResInsight/ApplicationExeCode/RiaMainTools.cpp:302
  [2]  at :0
  [3] RifEclipseOutputFileTools::validKeywordsForPorosityModel(std::vector<RifEclipseKeywordValueCount, std::allocator<RifEclipseKeywordValueCount> > const&, RigActiveCellInfo const*, RigActiveCellInfo const*, RiaDefines::PorosityModelType, unsigned long) at ResInsight/ApplicationLibCode/FileInterface/RifEclipseOutputFileTools.cpp:851
  [4] RifEclipseOutputFileTools::createResultEntries(std::vector<RifEclipseKeywordValueCount, std::allocator<RifEclipseKeywordValueCount> > const&, std::vector<RigEclipseTimeStepInfo, std::allocator<RigEclipseTimeStepInfo> > const&, RiaDefines::ResultCatType, RigEclipseCaseData*, unsigned long) at ResInsight/ApplicationLibCode/FileInterface/RifEclipseOutputFileTools.cpp:97
  [5] RifReaderEclipseOutput::buildMetaData(ecl_grid_struct*) at ResInsight/ApplicationLibCode/FileInterface/RifReaderEclipseOutput.cpp:889
  [6] RifReaderEclipseOutput::open(QString const&, RigEclipseCaseData*) at ResInsight/ApplicationLibCode/FileInterface/RifReaderEclipseOutput.cpp:432
  [7] RimEclipseResultCase::importGridAndResultMetaData(bool) at ResInsight/ApplicationLibCode/ProjectDataModel/RimEclipseResultCase.cpp:259
  [8] RiaImportEclipseCaseTools::openEclipseCaseShowTimeStepFilterImpl(QString const&, bool, bool, RifReaderSettings&) at ResInsight/ApplicationLibCode/Application/Tools/RiaImportEclipseCaseTools.cpp:372
  [9] RiaImportEclipseCaseTools::openEclipseCasesFromFile(QList<QString> const&, bool, std::map<QString, int, std::less<QString>, std::allocator<std::pair<QString const, int> > >*, bool, RifReaderSettings&) at ResInsight/ApplicationLibCode/Application/Tools/RiaImportEclipseCaseTools.cpp:107
  [10] RicImportGeneralDataFeature::openEclipseCaseFromFileNames(QList<QString> const&, bool, std::vector<int, std::allocator<int> >&, RifReaderSettings&) at ResInsight/ApplicationLibCode/Commands/RicImportGeneralDataFeature.cpp:365
  [11] RicImportGeneralDataFeature::openEclipseFilesFromFileNames(QList<QString> const&, bool, bool, RifReaderSettings&) at ResInsight/ApplicationLibCode/Commands/RicImportGeneralDataFeature.cpp:105
  [12] RicImportGeneralDataFeature::openEclipseFilesFromFileNames(QList<QString> const&, bool, bool) at ResInsight/ApplicationLibCode/Commands/RicImportGeneralDataFeature.cpp:56
  [13] RicImportGridModelFeature::onActionTriggered(bool) at ResInsight/ApplicationLibCode/Commands/EclipseCommands/RicImportGridModelFeature.cpp:81
  [14] caf::CmdFeature::actionTriggered(bool) at ResInsight/Fwk/AppFwk/cafCommand/cafCmdFeature.cpp:176
  [15]  at :0
  [16] QAction::triggered(bool) at :0
  [17] QAction::activate(QAction::ActionEvent) at :0
  [18]  at :0
  [19] QAbstractButton::mouseReleaseEvent(QMouseEvent*) at :0
  [20] QToolButton::mouseReleaseEvent(QMouseEvent*) at :0
  [21] QWidget::event(QEvent*) at :0
  [22] QApplicationPrivate::notify_helper(QObject*, QEvent*) at :0
  [23] QApplication::notify(QObject*, QEvent*) at :0
  [24] RiaGuiApplication::notify(QObject*, QEvent*) at ResInsight/ApplicationLibCode/Application/RiaGuiApplication.cpp:1828
  [25] QCoreApplication::notifyInternal2(QObject*, QEvent*) at :0
  [26] QApplicationPrivate::sendMouseEvent(QWidget*, QMouseEvent*, QWidget*, QWidget*, QWidget**, QPointer<QWidget>&, bool, bool) at :0
  [27]  at :0
  [28]  at :0
  [29] QApplicationPrivate::notify_helper(QObject*, QEvent*) at :0
  [30] RiaGuiApplication::notify(QObject*, QEvent*) at ResInsight/ApplicationLibCode/Application/RiaGuiApplication.cpp:1828
  [31] QCoreApplication::notifyInternal2(QObject*, QEvent*) at :0
  [32] QGuiApplicationPrivate::processMouseEvent(QWindowSystemInterfacePrivate::MouseEvent*) at :0
  [33] QWindowSystemInterface::sendWindowSystemEvents(QFlags<QEventLoop::ProcessEventsFlag>) at :0
  [34]  at :0
  [35] g_main_context_dispatch at :0
  [36] g_main_context_iterate.isra.20 at :0
  [37] g_main_context_iteration at :0
  [38] QEventDispatcherGlib::processEvents(QFlags<QEventLoop::ProcessEventsFlag>) at :0
  [39] QEventLoop::exec(QFlags<QEventLoop::ProcessEventsFlag>) at :0
  [40] QCoreApplication::exec() at :0
  [41] main at ResInsight/ApplicationExeCode/RiaMain.cpp:267
  [42] __libc_start_main at :0
  [43] _start at :0
  [44]  at :0
"
2026-07-16T11:46:38.951Z,2026.06.1,"  [0] performCrashLogging at ResInsight/ApplicationExeCode/RiaMainTools.cpp:170
  [1] manageSegFailureSA(int, siginfo_t*, void*) at ResInsight/ApplicationExeCode/RiaMainTools.cpp:302
  [2]  at :0
  [3] RifEclipseOutputFileTools::validKeywordsForPorosityModel(std::vector<RifEclipseKeywordValueCount, std::allocator<RifEclipseKeywordValueCount> > const&, RigActiveCellInfo const*, RigActiveCellInfo const*, RiaDefines::PorosityModelType, unsigned long) at ResInsight/ApplicationLibCode/FileInterface/RifEclipseOutputFileTools.cpp:851
  [4] RifEclipseOutputFileTools::createResultEntries(std::vector<RifEclipseKeywordValueCount, std::allocator<RifEclipseKeywordValueCount> > const&, std::vector<RigEclipseTimeStepInfo, std::allocator<RigEclipseTimeStepInfo> > const&, RiaDefines::ResultCatType, RigEclipseCaseData*, unsigned long) at ResInsight/ApplicationLibCode/FileInterface/RifEclipseOutputFileTools.cpp:97
  [5] RifReaderEclipseOutput::buildMetaData(ecl_grid_struct*) at ResInsight/ApplicationLibCode/FileInterface/RifReaderEclipseOutput.cpp:889
  [6] RifReaderEclipseOutput::open(QString const&, RigEclipseCaseData*) at ResInsight/ApplicationLibCode/FileInterface/RifReaderEclipseOutput.cpp:432
  [7] RimEclipseResultCase::importGridAndResultMetaData(bool) at ResInsight/ApplicationLibCode/ProjectDataModel/RimEclipseResultCase.cpp:259
  [8] RiaImportEclipseCaseTools::openEclipseCaseShowTimeStepFilterImpl(QString const&, bool, bool, RifReaderSettings&) at ResInsight/ApplicationLibCode/Application/Tools/RiaImportEclipseCaseTools.cpp:372
  [9] RiaImportEclipseCaseTools::openEclipseCasesFromFile(QList<QString> const&, bool, std::map<QString, int, std::less<QString>, std::allocator<std::pair<QString const, int> > >*, bool, RifReaderSettings&) at ResInsight/ApplicationLibCode/Application/Tools/RiaImportEclipseCaseTools.cpp:107
  [10] RicImportGeneralDataFeature::openEclipseCaseFromFileNames(QList<QString> const&, bool, std::vector<int, std::allocator<int> >&, RifReaderSettings&) at ResInsight/ApplicationLibCode/Commands/RicImportGeneralDataFeature.cpp:365
  [11] RicImportGeneralDataFeature::openEclipseFilesFromFileNames(QList<QString> const&, bool, bool, RifReaderSettings&) at ResInsight/ApplicationLibCode/Commands/RicImportGeneralDataFeature.cpp:105
  [12] RicImportGeneralDataFeature::openEclipseFilesFromFileNames(QList<QString> const&, bool, bool) at ResInsight/ApplicationLibCode/Commands/RicImportGeneralDataFeature.cpp:56
  [13] RicImportGridModelFeature::onActionTriggered(bool) at ResInsight/ApplicationLibCode/Commands/EclipseCommands/RicImportGridModelFeature.cpp:81
  [14] caf::CmdFeature::actionTriggered(bool) at ResInsight/Fwk/AppFwk/cafCommand/cafCmdFeature.cpp:176
  [15]  at :0
  [16] QAction::triggered(bool) at :0
  [17] QAction::activate(QAction::ActionEvent) at :0
  [18]  at :0
  [19] QAbstractButton::mouseReleaseEvent(QMouseEvent*) at :0
  [20] QToolButton::mouseReleaseEvent(QMouseEvent*) at :0
  [21] QWidget::event(QEvent*) at :0
  [22] QApplicationPrivate::notify_helper(QObject*, QEvent*) at :0
  [23] QApplication::notify(QObject*, QEvent*) at :0
  [24] RiaGuiApplication::notify(QObject*, QEvent*) at ResInsight/ApplicationLibCode/Application/RiaGuiApplication.cpp:1828
  [25] QCoreApplication::notifyInternal2(QObject*, QEvent*) at :0
  [26] QApplicationPrivate::sendMouseEvent(QWidget*, QMouseEvent*, QWidget*, QWidget*, QWidget**, QPointer<QWidget>&, bool, bool) at :0
  [27]  at :0
  [28]  at :0
  [29] QApplicationPrivate::notify_helper(QObject*, QEvent*) at :0
  [30] RiaGuiApplication::notify(QObject*, QEvent*) at ResInsight/ApplicationLibCode/Application/RiaGuiApplication.cpp:1828
  [31] QCoreApplication::notifyInternal2(QObject*, QEvent*) at :0
  [32] QGuiApplicationPrivate::processMouseEvent(QWindowSystemInterfacePrivate::MouseEvent*) at :0
  [33] QWindowSystemInterface::sendWindowSystemEvents(QFlags<QEventLoop::ProcessEventsFlag>) at :0
  [34]  at :0
  [35] g_main_context_dispatch at :0
  [36] g_main_context_iterate.isra.20 at :0
  [37] g_main_context_iteration at :0
  [38] QEventDispatcherGlib::processEvents(QFlags<QEventLoop::ProcessEventsFlag>) at :0
  [39] QEventLoop::exec(QFlags<QEventLoop::ProcessEventsFlag>) at :0
  [40] QCoreApplication::exec() at :0
  [41] main at ResInsight/ApplicationExeCode/RiaMain.cpp:267
  [42] __libc_start_main at :0
  [43] _start at :0
  [44]  at :0
"
2026-07-16T08:41:39.886Z,2026.06.1,"  [0] performCrashLogging at ResInsight/ApplicationExeCode/RiaMainTools.cpp:170
  [1] manageSegFailureSA(int, siginfo_t*, void*) at ResInsight/ApplicationExeCode/RiaMainTools.cpp:302
  [2]  at :0
  [3] RifEclipseOutputFileTools::timeSteps(ecl_file_struct const*, std::vector<QDateTime, std::allocator<QDateTime> >*, std::vector<double, std::allocator<double> >*, unsigned long*) at ResInsight/ApplicationLibCode/FileInterface/RifEclipseOutputFileTools.cpp:289
  [4] RifEclipseUnifiedRestartFileAccess::extractTimestepsFromEclipse() at ResInsight/ApplicationLibCode/FileInterface/RifEclipseUnifiedRestartFileAccess.cpp:154
  [5] RifEclipseUnifiedRestartFileAccess::timeSteps(std::vector<QDateTime, std::allocator<QDateTime> >*, std::vector<double, std::allocator<double> >*) at ResInsight/ApplicationLibCode/FileInterface/RifEclipseUnifiedRestartFileAccess.cpp:206
  [6] RimEclipseResultCase::importGridAndResultMetaData(bool) at ResInsight/ApplicationLibCode/ProjectDataModel/RimEclipseResultCase.cpp:216
  [7] RiaImportEclipseCaseTools::openEclipseCaseShowTimeStepFilterImpl(QString const&, bool, bool, RifReaderSettings&) at ResInsight/ApplicationLibCode/Application/Tools/RiaImportEclipseCaseTools.cpp:372
  [8] RiaImportEclipseCaseTools::openEclipseCasesFromFile(QList<QString> const&, bool, std::map<QString, int, std::less<QString>, std::allocator<std::pair<QString const, int> > >*, bool, RifReaderSettings&) at ResInsight/ApplicationLibCode/Application/Tools/RiaImportEclipseCaseTools.cpp:107
  [9] RicImportGeneralDataFeature::openEclipseCaseFromFileNames(QList<QString> const&, bool, std::vector<int, std::allocator<int> >&, RifReaderSettings&) at ResInsight/ApplicationLibCode/Commands/RicImportGeneralDataFeature.cpp:365
  [10] RicImportGeneralDataFeature::openEclipseFilesFromFileNames(QList<QString> const&, bool, bool, RifReaderSettings&) at ResInsight/ApplicationLibCode/Commands/RicImportGeneralDataFeature.cpp:105
  [11] RicImportGeneralDataFeature::openEclipseFilesFromFileNames(QList<QString> const&, bool, bool) at ResInsight/ApplicationLibCode/Commands/RicImportGeneralDataFeature.cpp:56
  [12] RicImportGridModelFeature::onActionTriggered(bool) at ResInsight/ApplicationLibCode/Commands/EclipseCommands/RicImportGridModelFeature.cpp:81
  [13] caf::CmdFeature::actionTriggered(bool) at ResInsight/Fwk/AppFwk/cafCommand/cafCmdFeature.cpp:176
  [14]  at :0
  [15] QAction::triggered(bool) at :0
  [16] QAction::activate(QAction::ActionEvent) at :0
  [17]  at :0
  [18] QAbstractButton::mouseReleaseEvent(QMouseEvent*) at :0
  [19] QToolButton::mouseReleaseEvent(QMouseEvent*) at :0
  [20] QWidget::event(QEvent*) at :0
  [21] QApplicationPrivate::notify_helper(QObject*, QEvent*) at :0
  [22] QApplication::notify(QObject*, QEvent*) at :0
  [23] RiaGuiApplication::notify(QObject*, QEvent*) at ResInsight/ApplicationLibCode/Application/RiaGuiApplication.cpp:1828
  [24] QCoreApplication::notifyInternal2(QObject*, QEvent*) at :0
  [25] QApplicationPrivate::sendMouseEvent(QWidget*, QMouseEvent*, QWidget*, QWidget*, QWidget**, QPointer<QWidget>&, bool, bool) at :0
  [26]  at :0
  [27]  at :0
  [28] QApplicationPrivate::notify_helper(QObject*, QEvent*) at :0
  [29] RiaGuiApplication::notify(QObject*, QEvent*) at ResInsight/ApplicationLibCode/Application/RiaGuiApplication.cpp:1828
  [30] QCoreApplication::notifyInternal2(QObject*, QEvent*) at :0
  [31] QGuiApplicationPrivate::processMouseEvent(QWindowSystemInterfacePrivate::MouseEvent*) at :0
  [32] QWindowSystemInterface::sendWindowSystemEvents(QFlags<QEventLoop::ProcessEventsFlag>) at :0
  [33]  at :0
  [34] g_main_context_dispatch at :0
  [35] g_main_context_iterate.isra.20 at :0
  [36] g_main_context_iteration at :0
  [37] QEventDispatcherGlib::processEvents(QFlags<QEventLoop::ProcessEventsFlag>) at :0
  [38] QEventLoop::exec(QFlags<QEventLoop::ProcessEventsFlag>) at :0
  [39] QCoreApplication::exec() at :0
  [40] main at ResInsight/ApplicationExeCode/RiaMain.cpp:267
  [41] __libc_start_main at :0
  [42] _start at :0
  [43]  at :0
"
2026-07-16T08:39:56.569Z,2026.06.1,"  [0] performCrashLogging at ResInsight/ApplicationExeCode/RiaMainTools.cpp:170
  [1] manageSegFailureSA(int, siginfo_t*, void*) at ResInsight/ApplicationExeCode/RiaMainTools.cpp:302
  [2]  at :0
  [3] RifEclipseOutputFileTools::timeSteps(ecl_file_struct const*, std::vector<QDateTime, std::allocator<QDateTime> >*, std::vector<double, std::allocator<double> >*, unsigned long*) at ResInsight/ApplicationLibCode/FileInterface/RifEclipseOutputFileTools.cpp:289
  [4] RifEclipseUnifiedRestartFileAccess::extractTimestepsFromEclipse() at ResInsight/ApplicationLibCode/FileInterface/RifEclipseUnifiedRestartFileAccess.cpp:154
  [5] RifEclipseUnifiedRestartFileAccess::timeSteps(std::vector<QDateTime, std::allocator<QDateTime> >*, std::vector<double, std::allocator<double> >*) at ResInsight/ApplicationLibCode/FileInterface/RifEclipseUnifiedRestartFileAccess.cpp:206
  [6] RimEclipseResultCase::importGridAndResultMetaData(bool) at ResInsight/ApplicationLibCode/ProjectDataModel/RimEclipseResultCase.cpp:216
  [7] RiaImportEclipseCaseTools::openEclipseCaseShowTimeStepFilterImpl(QString const&, bool, bool, RifReaderSettings&) at ResInsight/ApplicationLibCode/Application/Tools/RiaImportEclipseCaseTools.cpp:372
  [8] RiaImportEclipseCaseTools::openEclipseCasesFromFile(QList<QString> const&, bool, std::map<QString, int, std::less<QString>, std::allocator<std::pair<QString const, int> > >*, bool, RifReaderSettings&) at ResInsight/ApplicationLibCode/Application/Tools/RiaImportEclipseCaseTools.cpp:107
  [9] RicImportGeneralDataFeature::openEclipseCaseFromFileNames(QList<QString> const&, bool, std::vector<int, std::allocator<int> >&, RifReaderSettings&) at ResInsight/ApplicationLibCode/Commands/RicImportGeneralDataFeature.cpp:365
  [10] RicImportGeneralDataFeature::openEclipseFilesFromFileNames(QList<QString> const&, bool, bool, RifReaderSettings&) at ResInsight/ApplicationLibCode/Commands/RicImportGeneralDataFeature.cpp:105
  [11] RicImportGeneralDataFeature::openEclipseFilesFromFileNames(QList<QString> const&, bool, bool) at ResInsight/ApplicationLibCode/Commands/RicImportGeneralDataFeature.cpp:56
  [12] RicImportGridModelFeature::onActionTriggered(bool) at ResInsight/ApplicationLibCode/Commands/EclipseCommands/RicImportGridModelFeature.cpp:81
  [13] caf::CmdFeature::actionTriggered(bool) at ResInsight/Fwk/AppFwk/cafCommand/cafCmdFeature.cpp:176
  [14]  at :0
  [15] QAction::triggered(bool) at :0
  [16] QAction::activate(QAction::ActionEvent) at :0
  [17]  at :0
  [18] QAbstractButton::mouseReleaseEvent(QMouseEvent*) at :0
  [19] QToolButton::mouseReleaseEvent(QMouseEvent*) at :0
  [20] QWidget::event(QEvent*) at :0
  [21] QApplicationPrivate::notify_helper(QObject*, QEvent*) at :0
  [22] QApplication::notify(QObject*, QEvent*) at :0
  [23] RiaGuiApplication::notify(QObject*, QEvent*) at ResInsight/ApplicationLibCode/Application/RiaGuiApplication.cpp:1828
  [24] QCoreApplication::notifyInternal2(QObject*, QEvent*) at :0
  [25] QApplicationPrivate::sendMouseEvent(QWidget*, QMouseEvent*, QWidget*, QWidget*, QWidget**, QPointer<QWidget>&, bool, bool) at :0
  [26]  at :0
  [27]  at :0
  [28] QApplicationPrivate::notify_helper(QObject*, QEvent*) at :0
  [29] RiaGuiApplication::notify(QObject*, QEvent*) at ResInsight/ApplicationLibCode/Application/RiaGuiApplication.cpp:1828
  [30] QCoreApplication::notifyInternal2(QObject*, QEvent*) at :0
  [31] QGuiApplicationPrivate::processMouseEvent(QWindowSystemInterfacePrivate::MouseEvent*) at :0
  [32] QWindowSystemInterface::sendWindowSystemEvents(QFlags<QEventLoop::ProcessEventsFlag>) at :0
  [33]  at :0
  [34] g_main_context_dispatch at :0
  [35] g_main_context_iterate.isra.20 at :0
  [36] g_main_context_iteration at :0
  [37] QEventDispatcherGlib::processEvents(QFlags<QEventLoop::ProcessEventsFlag>) at :0
  [38] QEventLoop::exec(QFlags<QEventLoop::ProcessEventsFlag>) at :0
  [39] QCoreApplication::exec() at :0
  [40] main at ResInsight/ApplicationExeCode/RiaMain.cpp:267
  [41] __libc_start_main at :0
  [42] _start at :0
  [43]  at :0
"
2026-07-16T08:26:42.723Z,2026.06.1,"  [0] performCrashLogging at ResInsight/ApplicationExeCode/RiaMainTools.cpp:170
  [1] manageSegFailureSA(int, siginfo_t*, void*) at ResInsight/ApplicationExeCode/RiaMainTools.cpp:302
  [2]  at :0
  [3] __gnu_cxx::__normal_iterator<caf::PdmPointer<RimFlowDiagSolution> const*, std::vector<caf::PdmPointer<RimFlowDiagSolution>, std::allocator<caf::PdmPointer<RimFlowDiagSolution> > > >::__normal_iterator(caf::PdmPointer<RimFlowDiagSolution> const* const&) at /opt/rh/gcc-toolset-13/root/usr/include/c++/13/bits/stl_iterator.h:1077
  [4] RimFlowCharacteristicsPlot::fieldChangedByUi(caf::PdmFieldHandle const*, QVariant const&, QVariant const&) at ResInsight/ApplicationLibCode/ProjectDataModel/Flow/RimFlowCharacteristicsPlot.cpp:566
  [5] caf::PdmUiFieldHandle::notifyFieldChanged(QVariant const&, QVariant const&) at ResInsight/Fwk/AppFwk/cafProjectDataModel/cafPdmUiCore/cafPdmUiFieldHandle.cpp:75
  [6] caf::PdmFieldUiCap<caf::PdmPtrField<RimEclipseResultCase*> >::setValueFromUiEditor(QVariant const&, bool) at ResInsight/Fwk/AppFwk/cafProjectDataModel/cafPdmUiCore/cafInternalPdmUiFieldCapability.inl:116
  [7] caf::CmdFieldChangeExec::redo() at ResInsight/Fwk/AppFwk/cafCommand/cafCmdFieldChangeExec.cpp:139
  [8] QUndoStack::push(QUndoCommand*) at :0
  [9] caf::CmdUiCommandSystemImpl::fieldChangedCommand(std::vector<caf::PdmFieldHandle*, std::allocator<caf::PdmFieldHandle*> > const&, QVariant const&) at ResInsight/Fwk/AppFwk/cafCommand/cafCmdUiCommandSystemImpl.cpp:146
  [10] caf::PdmUiCommandSystemProxy::setUiValueToField(caf::PdmUiFieldHandle*, QVariant const&) at ResInsight/Fwk/AppFwk/cafProjectDataModel/cafPdmUiCore/cafPdmUiCommandSystemProxy.cpp:113
  [11] caf::PdmUiComboBoxEditor::slotIndexActivated(int) at ResInsight/Fwk/AppFwk/cafUserInterface/cafPdmUiComboBoxEditor.cpp:455
  [12]  at :0
  [13] QComboBox::activated(int) at :0
  [14]  at :0
  [15]  at :0
  [16]  at :0
  [17] QComboBoxPrivateContainer::itemSelected(QModelIndex const&) at :0
  [18] QComboBoxPrivateContainer::eventFilter(QObject*, QEvent*) at :0
  [19] QCoreApplicationPrivate::sendThroughObjectEventFilters(QObject*, QEvent*) at :0
  [20] QApplicationPrivate::notify_helper(QObject*, QEvent*) at :0
  [21] QApplication::notify(QObject*, QEvent*) at :0
  [22] RiaGuiApplication::notify(QObject*, QEvent*) at ResInsight/ApplicationLibCode/Application/RiaGuiApplication.cpp:1828
  [23] QCoreApplication::notifyInternal2(QObject*, QEvent*) at :0
  [24] QApplicationPrivate::sendMouseEvent(QWidget*, QMouseEvent*, QWidget*, QWidget*, QWidget**, QPointer<QWidget>&, bool, bool) at :0
  [25]  at :0
  [26]  at :0
  [27] QApplicationPrivate::notify_helper(QObject*, QEvent*) at :0
  [28] RiaGuiApplication::notify(QObject*, QEvent*) at ResInsight/ApplicationLibCode/Application/RiaGuiApplication.cpp:1828
  [29] QCoreApplication::notifyInternal2(QObject*, QEvent*) at :0
  [30] QGuiApplicationPrivate::processMouseEvent(QWindowSystemInterfacePrivate::MouseEvent*) at :0
  [31] QWindowSystemInterface::sendWindowSystemEvents(QFlags<QEventLoop::ProcessEventsFlag>) at :0
  [32]  at :0
  [33] g_main_context_dispatch at :0
  [34] g_main_context_iterate.isra.20 at :0
  [35] g_main_context_iteration at :0
  [36] QEventDispatcherGlib::processEvents(QFlags<QEventLoop::ProcessEventsFlag>) at :0
  [37] QEventLoop::exec(QFlags<QEventLoop::ProcessEventsFlag>) at :0
  [38] QCoreApplication::exec() at :0
  [39] main at ResInsight/ApplicationExeCode/RiaMain.cpp:267
  [40] __libc_start_main at :0
  [41] _start at :0
  [42]  at :0
"
