timestamp,APPversion,rawstack
2026-07-31T21:35:25.011Z,2026.06.1,"  [0] performCrashLogging at ResInsight/ApplicationExeCode/RiaMainTools.cpp:170
  [1] manageSegFailureSA(int, siginfo_t*, void*) at ResInsight/ApplicationExeCode/RiaMainTools.cpp:302
  [2]  at :0
  [3] __GI_raise at :0
  [4] __GI_abort at :0
  [5] cvf::AssertHandlerConsole::handleAssert(char const*, int, char const*, char const*) at ResInsight/Fwk/VizFwk/LibCore/cvfAssert.cpp:125
  [6] RifElementPropertyReader::readAllElementPropertiesInFileContainingField(std::__cxx11::basic_string<char, std::char_traits<char>, std::allocator<char> > const&) at ResInsight/ApplicationLibCode/FileInterface/RifElementPropertyReader.cpp:120
  [7] RigFemPartResultsCollection::findOrLoadScalarResult(int, RigFemResultAddress const&) at ResInsight/ApplicationLibCode/GeoMech/GeoMechDataModel/RigFemPartResultsCollection.cpp:451
  [8] RigFemPartResultsCollection::assertResultsLoaded(RigFemResultAddress const&) at ResInsight/ApplicationLibCode/GeoMech/GeoMechDataModel/RigFemPartResultsCollection.cpp:1014
  [9] RimGeoMechResultDefinition::hasResult() at ResInsight/ApplicationLibCode/ProjectDataModel/GeoMech/RimGeoMechResultDefinition.cpp:722
  [10] RimGeoMechView::isTimeStepDependentDataVisible() const at ResInsight/ApplicationLibCode/ProjectDataModel/GeoMech/RimGeoMechView.cpp:841
  [11] Rim3dView::isTimeStepDependentDataVisibleInThisOrComparisonView() const at ResInsight/ApplicationLibCode/ProjectDataModel/Rim3dView.cpp:603
  [12] RimGeoMechView::onCreateDisplayModel() at ResInsight/ApplicationLibCode/ProjectDataModel/GeoMech/RimGeoMechView.cpp:278
  [13] Rim3dView::createDisplayModelAndRedraw() at ResInsight/ApplicationLibCode/ProjectDataModel/Rim3dView.cpp:718
  [14] RiaViewRedrawScheduler::updateAndRedrawScheduledViews() at ResInsight/ApplicationLibCode/Application/RiaViewRedrawScheduler.cpp:93
  [15]  at :0
  [16] QTimer::timeout(QTimer::QPrivateSignal) at :0
  [17] QObject::event(QEvent*) at :0
  [18] QApplicationPrivate::notify_helper(QObject*, QEvent*) at :0
  [19] RiaGuiApplication::notify(QObject*, QEvent*) at ResInsight/ApplicationLibCode/Application/RiaGuiApplication.cpp:1828
  [20] QCoreApplication::notifyInternal2(QObject*, QEvent*) at :0
  [21] QTimerInfoList::activateTimers() at :0
  [22]  at :0
  [23] g_main_context_dispatch at :0
  [24] g_main_context_iterate.isra.20 at :0
  [25] g_main_context_iteration at :0
  [26] QEventDispatcherGlib::processEvents(QFlags<QEventLoop::ProcessEventsFlag>) at :0
  [27] QEventLoop::exec(QFlags<QEventLoop::ProcessEventsFlag>) at :0
  [28] QCoreApplication::exec() at :0
  [29] main at ResInsight/ApplicationExeCode/RiaMain.cpp:267
  [30] __libc_start_main at :0
  [31] _start at :0
  [32]  at :0
"
2026-07-31T14:01:23.432Z,2026.06.1,"  [0] performCrashLogging at ResInsight/ApplicationExeCode/RiaMainTools.cpp:170
  [1] manageSegFailureSA(int, siginfo_t*, void*) at ResInsight/ApplicationExeCode/RiaMainTools.cpp:302
  [2]  at :0
  [3] __GI_raise at :0
  [4] __GI_abort at :0
  [5] manageTerminate() at ResInsight/ApplicationExeCode/RiaMainTools.cpp:241
  [6] __cxxabiv1::__terminate(void (*)()) at :0
  [7] std::terminate() at :0
  [8] __cxa_throw at :0
  [9] std::__throw_out_of_range_fmt(char const*, ...) [clone .cold.5] at :0
  [10] std::vector<cvf::Vector3<double>, std::allocator<cvf::Vector3<double> > >::_M_range_check(unsigned long) const at /opt/rh/gcc-toolset-13/root/usr/include/c++/13/bits/stl_vector.h:1158
  [11] RigWellPath::interpolatedPointAlongWellPath(double, double*) const at ResInsight/ApplicationLibCode/ReservoirDataModel/Well/RigWellPath.cpp:260
  [12] RimWellPathFracture::updatePositionFromMeasuredDepth() at ResInsight/ApplicationLibCode/ProjectDataModel/Completions/RimWellPathFracture.cpp:248
  [13] RicNewWellPathFractureFeature::addFracture(gsl::not_null<RimWellPath*>, double) at ResInsight/ApplicationLibCode/Commands/FractureCommands/RicNewWellPathFractureFeature.cpp:79
  [14] caf::CmdFeature::actionTriggered(bool) at ResInsight/Fwk/AppFwk/cafCommand/cafCmdFeature.cpp:176
  [15]  at :0
  [16] QAction::triggered(bool) at :0
  [17] QAction::activate(QAction::ActionEvent) at :0
  [18]  at :0
  [19]  at :0
  [20] QWidget::event(QEvent*) at :0
  [21] QApplicationPrivate::notify_helper(QObject*, QEvent*) at :0
  [22] QApplication::notify(QObject*, QEvent*) at :0
  [23] RiaGuiApplication::notify(QObject*, QEvent*) at ResInsight/ApplicationLibCode/Application/RiaGuiApplication.cpp:1828
  [24] QCoreApplication::notifyInternal2(QObject*, QEvent*) at :0
  [25] QApplicationPrivate::sendMouseEvent(QWidget*, QMouseEvent*, QWidget*, QWidget*, QWidget**, QPointer<QWidget>&, bool, bool) at :0
  [26]  at :0
  [27]  at :0
  [28] QApplicationPrivate::notify_helper(QObject*, QEvent*) at :0
  [29] RiaGuiApplication::notify(QObject*, QEvent*) at ResInsight/ApplicationLibCode/Application/RiaGuiApplication.cpp:1828
  [30] QCoreApplication::notifyInternal2(QObject*, QEvent*) at :0
  [31] QGuiApplicationPrivate::processMouseEvent(QWindowSystemInterfacePrivate::MouseEvent*) at :0
  [32] QWindowSystemInterface::sendWindowSystemEvents(QFlags<QEventLoop::ProcessEventsFlag>) at :0
  [33]  at :0
  [34] g_main_context_dispatch at :0
  [35] g_main_context_iterate.isra.20 at :0
  [36] g_main_context_iteration at :0
  [37] QEventDispatcherGlib::processEvents(QFlags<QEventLoop::ProcessEventsFlag>) at :0
  [38] QEventLoop::exec(QFlags<QEventLoop::ProcessEventsFlag>) at :0
  [39]  at :0
  [40] QMenu::exec(QPoint const&, QAction*) at :0
  [41] RiuMainWindow::customMenuRequested(QPoint const&) at ResInsight/ApplicationLibCode/UserInterface/RiuMainWindow.cpp:2092
  [42]  at :0
  [43] QWidget::customContextMenuRequested(QPoint const&) at :0
  [44] QWidget::event(QEvent*) at :0
  [45] QFrame::event(QEvent*) at :0
  [46] QCoreApplicationPrivate::sendThroughObjectEventFilters(QObject*, QEvent*) at :0
  [47] QApplicationPrivate::notify_helper(QObject*, QEvent*) at :0
  [48] QApplication::notify(QObject*, QEvent*) at :0
  [49] RiaGuiApplication::notify(QObject*, QEvent*) at ResInsight/ApplicationLibCode/Application/RiaGuiApplication.cpp:1828
  [50] QCoreApplication::notifyInternal2(QObject*, QEvent*) at :0
  [51]  at :0
  [52]  at :0
  [53] QApplicationPrivate::notify_helper(QObject*, QEvent*) at :0
  [54] RiaGuiApplication::notify(QObject*, QEvent*) at ResInsight/ApplicationLibCode/Application/RiaGuiApplication.cpp:1828
  [55] QCoreApplication::notifyInternal2(QObject*, QEvent*) at :0
  [56] QGuiApplicationPrivate::processMouseEvent(QWindowSystemInterfacePrivate::MouseEvent*) at :0
  [57] QWindowSystemInterface::sendWindowSystemEvents(QFlags<QEventLoop::ProcessEventsFlag>) at :0
  [58]  at :0
  [59] g_main_context_dispatch at :0
  [60] g_main_context_iterate.isra.20 at :0
  [61] g_main_context_iteration at :0
  [62] QEventDispatcherGlib::processEvents(QFlags<QEventLoop::ProcessEventsFlag>) at :0
  [63] QEventLoop::exec(QFlags<QEventLoop::ProcessEventsFlag>) at :0
  [64] QCoreApplication::exec() at :0
  [65] main at ResInsight/ApplicationExeCode/RiaMain.cpp:267
  [66] __libc_start_main at :0
  [67] _start at :0
  [68]  at :0
"
2026-07-31T14:01:23.227Z,2026.06.1,"  [0] performCrashLogging at ResInsight/ApplicationExeCode/RiaMainTools.cpp:170
  [1] manageTerminate() at ResInsight/ApplicationExeCode/RiaMainTools.cpp:239
  [2] __cxxabiv1::__terminate(void (*)()) at :0
  [3] std::terminate() at :0
  [4] __cxa_throw at :0
  [5] std::__throw_out_of_range_fmt(char const*, ...) [clone .cold.5] at :0
  [6] std::vector<cvf::Vector3<double>, std::allocator<cvf::Vector3<double> > >::_M_range_check(unsigned long) const at /opt/rh/gcc-toolset-13/root/usr/include/c++/13/bits/stl_vector.h:1158
  [7] RigWellPath::interpolatedPointAlongWellPath(double, double*) const at ResInsight/ApplicationLibCode/ReservoirDataModel/Well/RigWellPath.cpp:260
  [8] RimWellPathFracture::updatePositionFromMeasuredDepth() at ResInsight/ApplicationLibCode/ProjectDataModel/Completions/RimWellPathFracture.cpp:248
  [9] RicNewWellPathFractureFeature::addFracture(gsl::not_null<RimWellPath*>, double) at ResInsight/ApplicationLibCode/Commands/FractureCommands/RicNewWellPathFractureFeature.cpp:79
  [10] caf::CmdFeature::actionTriggered(bool) at ResInsight/Fwk/AppFwk/cafCommand/cafCmdFeature.cpp:176
  [11]  at :0
  [12] QAction::triggered(bool) at :0
  [13] QAction::activate(QAction::ActionEvent) at :0
  [14]  at :0
  [15]  at :0
  [16] QWidget::event(QEvent*) at :0
  [17] QApplicationPrivate::notify_helper(QObject*, QEvent*) at :0
  [18] QApplication::notify(QObject*, QEvent*) at :0
  [19] RiaGuiApplication::notify(QObject*, QEvent*) at ResInsight/ApplicationLibCode/Application/RiaGuiApplication.cpp:1828
  [20] QCoreApplication::notifyInternal2(QObject*, QEvent*) at :0
  [21] QApplicationPrivate::sendMouseEvent(QWidget*, QMouseEvent*, QWidget*, QWidget*, QWidget**, QPointer<QWidget>&, bool, bool) at :0
  [22]  at :0
  [23]  at :0
  [24] QApplicationPrivate::notify_helper(QObject*, QEvent*) at :0
  [25] RiaGuiApplication::notify(QObject*, QEvent*) at ResInsight/ApplicationLibCode/Application/RiaGuiApplication.cpp:1828
  [26] QCoreApplication::notifyInternal2(QObject*, QEvent*) at :0
  [27] QGuiApplicationPrivate::processMouseEvent(QWindowSystemInterfacePrivate::MouseEvent*) at :0
  [28] QWindowSystemInterface::sendWindowSystemEvents(QFlags<QEventLoop::ProcessEventsFlag>) at :0
  [29]  at :0
  [30] g_main_context_dispatch at :0
  [31] g_main_context_iterate.isra.20 at :0
  [32] g_main_context_iteration at :0
  [33] QEventDispatcherGlib::processEvents(QFlags<QEventLoop::ProcessEventsFlag>) at :0
  [34] QEventLoop::exec(QFlags<QEventLoop::ProcessEventsFlag>) at :0
  [35]  at :0
  [36] QMenu::exec(QPoint const&, QAction*) at :0
  [37] RiuMainWindow::customMenuRequested(QPoint const&) at ResInsight/ApplicationLibCode/UserInterface/RiuMainWindow.cpp:2092
  [38]  at :0
  [39] QWidget::customContextMenuRequested(QPoint const&) at :0
  [40] QWidget::event(QEvent*) at :0
  [41] QFrame::event(QEvent*) at :0
  [42] QCoreApplicationPrivate::sendThroughObjectEventFilters(QObject*, QEvent*) at :0
  [43] QApplicationPrivate::notify_helper(QObject*, QEvent*) at :0
  [44] QApplication::notify(QObject*, QEvent*) at :0
  [45] RiaGuiApplication::notify(QObject*, QEvent*) at ResInsight/ApplicationLibCode/Application/RiaGuiApplication.cpp:1828
  [46] QCoreApplication::notifyInternal2(QObject*, QEvent*) at :0
  [47]  at :0
  [48]  at :0
  [49] QApplicationPrivate::notify_helper(QObject*, QEvent*) at :0
  [50] RiaGuiApplication::notify(QObject*, QEvent*) at ResInsight/ApplicationLibCode/Application/RiaGuiApplication.cpp:1828
  [51] QCoreApplication::notifyInternal2(QObject*, QEvent*) at :0
  [52] QGuiApplicationPrivate::processMouseEvent(QWindowSystemInterfacePrivate::MouseEvent*) at :0
  [53] QWindowSystemInterface::sendWindowSystemEvents(QFlags<QEventLoop::ProcessEventsFlag>) at :0
  [54]  at :0
  [55] g_main_context_dispatch at :0
  [56] g_main_context_iterate.isra.20 at :0
  [57] g_main_context_iteration at :0
  [58] QEventDispatcherGlib::processEvents(QFlags<QEventLoop::ProcessEventsFlag>) at :0
  [59] QEventLoop::exec(QFlags<QEventLoop::ProcessEventsFlag>) at :0
  [60] QCoreApplication::exec() at :0
  [61] main at ResInsight/ApplicationExeCode/RiaMain.cpp:267
  [62] __libc_start_main at :0
  [63] _start at :0
  [64]  at :0
"
2026-07-31T13:59:51.2Z,2026.06.1,"  [0] performCrashLogging at ResInsight/ApplicationExeCode/RiaMainTools.cpp:170
  [1] manageSegFailureSA(int, siginfo_t*, void*) at ResInsight/ApplicationExeCode/RiaMainTools.cpp:302
  [2]  at :0
  [3] __GI_raise at :0
  [4] __GI_abort at :0
  [5] manageTerminate() at ResInsight/ApplicationExeCode/RiaMainTools.cpp:241
  [6] __cxxabiv1::__terminate(void (*)()) at :0
  [7] std::terminate() at :0
  [8] __cxa_throw at :0
  [9] std::__throw_out_of_range_fmt(char const*, ...) [clone .cold.5] at :0
  [10] std::vector<cvf::Vector3<double>, std::allocator<cvf::Vector3<double> > >::_M_range_check(unsigned long) const at /opt/rh/gcc-toolset-13/root/usr/include/c++/13/bits/stl_vector.h:1158
  [11] RigWellPath::interpolatedPointAlongWellPath(double, double*) const at ResInsight/ApplicationLibCode/ReservoirDataModel/Well/RigWellPath.cpp:260
  [12] RimWellPathFracture::updatePositionFromMeasuredDepth() at ResInsight/ApplicationLibCode/ProjectDataModel/Completions/RimWellPathFracture.cpp:248
  [13] RicNewWellPathFractureFeature::addFracture(gsl::not_null<RimWellPath*>, double) at ResInsight/ApplicationLibCode/Commands/FractureCommands/RicNewWellPathFractureFeature.cpp:79
  [14] caf::CmdFeature::actionTriggered(bool) at ResInsight/Fwk/AppFwk/cafCommand/cafCmdFeature.cpp:176
  [15]  at :0
  [16] QAction::triggered(bool) at :0
  [17] QAction::activate(QAction::ActionEvent) at :0
  [18]  at :0
  [19]  at :0
  [20] QWidget::event(QEvent*) at :0
  [21] QApplicationPrivate::notify_helper(QObject*, QEvent*) at :0
  [22] QApplication::notify(QObject*, QEvent*) at :0
  [23] RiaGuiApplication::notify(QObject*, QEvent*) at ResInsight/ApplicationLibCode/Application/RiaGuiApplication.cpp:1828
  [24] QCoreApplication::notifyInternal2(QObject*, QEvent*) at :0
  [25] QApplicationPrivate::sendMouseEvent(QWidget*, QMouseEvent*, QWidget*, QWidget*, QWidget**, QPointer<QWidget>&, bool, bool) at :0
  [26]  at :0
  [27]  at :0
  [28] QApplicationPrivate::notify_helper(QObject*, QEvent*) at :0
  [29] RiaGuiApplication::notify(QObject*, QEvent*) at ResInsight/ApplicationLibCode/Application/RiaGuiApplication.cpp:1828
  [30] QCoreApplication::notifyInternal2(QObject*, QEvent*) at :0
  [31] QGuiApplicationPrivate::processMouseEvent(QWindowSystemInterfacePrivate::MouseEvent*) at :0
  [32] QWindowSystemInterface::sendWindowSystemEvents(QFlags<QEventLoop::ProcessEventsFlag>) at :0
  [33]  at :0
  [34] g_main_context_dispatch at :0
  [35] g_main_context_iterate.isra.20 at :0
  [36] g_main_context_iteration at :0
  [37] QEventDispatcherGlib::processEvents(QFlags<QEventLoop::ProcessEventsFlag>) at :0
  [38] QEventLoop::exec(QFlags<QEventLoop::ProcessEventsFlag>) at :0
  [39]  at :0
  [40] QMenu::exec(QPoint const&, QAction*) at :0
  [41] RiuMainWindow::customMenuRequested(QPoint const&) at ResInsight/ApplicationLibCode/UserInterface/RiuMainWindow.cpp:2092
  [42]  at :0
  [43] QWidget::customContextMenuRequested(QPoint const&) at :0
  [44] QWidget::event(QEvent*) at :0
  [45] QFrame::event(QEvent*) at :0
  [46] QCoreApplicationPrivate::sendThroughObjectEventFilters(QObject*, QEvent*) at :0
  [47] QApplicationPrivate::notify_helper(QObject*, QEvent*) at :0
  [48] QApplication::notify(QObject*, QEvent*) at :0
  [49] RiaGuiApplication::notify(QObject*, QEvent*) at ResInsight/ApplicationLibCode/Application/RiaGuiApplication.cpp:1828
  [50] QCoreApplication::notifyInternal2(QObject*, QEvent*) at :0
  [51]  at :0
  [52]  at :0
  [53] QApplicationPrivate::notify_helper(QObject*, QEvent*) at :0
  [54] RiaGuiApplication::notify(QObject*, QEvent*) at ResInsight/ApplicationLibCode/Application/RiaGuiApplication.cpp:1828
  [55] QCoreApplication::notifyInternal2(QObject*, QEvent*) at :0
  [56] QGuiApplicationPrivate::processMouseEvent(QWindowSystemInterfacePrivate::MouseEvent*) at :0
  [57] QWindowSystemInterface::sendWindowSystemEvents(QFlags<QEventLoop::ProcessEventsFlag>) at :0
  [58]  at :0
  [59] g_main_context_dispatch at :0
  [60] g_main_context_iterate.isra.20 at :0
  [61] g_main_context_iteration at :0
  [62] QEventDispatcherGlib::processEvents(QFlags<QEventLoop::ProcessEventsFlag>) at :0
  [63] QEventLoop::exec(QFlags<QEventLoop::ProcessEventsFlag>) at :0
  [64] QCoreApplication::exec() at :0
  [65] main at ResInsight/ApplicationExeCode/RiaMain.cpp:267
  [66] __libc_start_main at :0
  [67] _start at :0
  [68]  at :0
"
2026-07-31T13:59:50.994Z,2026.06.1,"  [0] performCrashLogging at ResInsight/ApplicationExeCode/RiaMainTools.cpp:170
  [1] manageTerminate() at ResInsight/ApplicationExeCode/RiaMainTools.cpp:239
  [2] __cxxabiv1::__terminate(void (*)()) at :0
  [3] std::terminate() at :0
  [4] __cxa_throw at :0
  [5] std::__throw_out_of_range_fmt(char const*, ...) [clone .cold.5] at :0
  [6] std::vector<cvf::Vector3<double>, std::allocator<cvf::Vector3<double> > >::_M_range_check(unsigned long) const at /opt/rh/gcc-toolset-13/root/usr/include/c++/13/bits/stl_vector.h:1158
  [7] RigWellPath::interpolatedPointAlongWellPath(double, double*) const at ResInsight/ApplicationLibCode/ReservoirDataModel/Well/RigWellPath.cpp:260
  [8] RimWellPathFracture::updatePositionFromMeasuredDepth() at ResInsight/ApplicationLibCode/ProjectDataModel/Completions/RimWellPathFracture.cpp:248
  [9] RicNewWellPathFractureFeature::addFracture(gsl::not_null<RimWellPath*>, double) at ResInsight/ApplicationLibCode/Commands/FractureCommands/RicNewWellPathFractureFeature.cpp:79
  [10] caf::CmdFeature::actionTriggered(bool) at ResInsight/Fwk/AppFwk/cafCommand/cafCmdFeature.cpp:176
  [11]  at :0
  [12] QAction::triggered(bool) at :0
  [13] QAction::activate(QAction::ActionEvent) at :0
  [14]  at :0
  [15]  at :0
  [16] QWidget::event(QEvent*) at :0
  [17] QApplicationPrivate::notify_helper(QObject*, QEvent*) at :0
  [18] QApplication::notify(QObject*, QEvent*) at :0
  [19] RiaGuiApplication::notify(QObject*, QEvent*) at ResInsight/ApplicationLibCode/Application/RiaGuiApplication.cpp:1828
  [20] QCoreApplication::notifyInternal2(QObject*, QEvent*) at :0
  [21] QApplicationPrivate::sendMouseEvent(QWidget*, QMouseEvent*, QWidget*, QWidget*, QWidget**, QPointer<QWidget>&, bool, bool) at :0
  [22]  at :0
  [23]  at :0
  [24] QApplicationPrivate::notify_helper(QObject*, QEvent*) at :0
  [25] RiaGuiApplication::notify(QObject*, QEvent*) at ResInsight/ApplicationLibCode/Application/RiaGuiApplication.cpp:1828
  [26] QCoreApplication::notifyInternal2(QObject*, QEvent*) at :0
  [27] QGuiApplicationPrivate::processMouseEvent(QWindowSystemInterfacePrivate::MouseEvent*) at :0
  [28] QWindowSystemInterface::sendWindowSystemEvents(QFlags<QEventLoop::ProcessEventsFlag>) at :0
  [29]  at :0
  [30] g_main_context_dispatch at :0
  [31] g_main_context_iterate.isra.20 at :0
  [32] g_main_context_iteration at :0
  [33] QEventDispatcherGlib::processEvents(QFlags<QEventLoop::ProcessEventsFlag>) at :0
  [34] QEventLoop::exec(QFlags<QEventLoop::ProcessEventsFlag>) at :0
  [35]  at :0
  [36] QMenu::exec(QPoint const&, QAction*) at :0
  [37] RiuMainWindow::customMenuRequested(QPoint const&) at ResInsight/ApplicationLibCode/UserInterface/RiuMainWindow.cpp:2092
  [38]  at :0
  [39] QWidget::customContextMenuRequested(QPoint const&) at :0
  [40] QWidget::event(QEvent*) at :0
  [41] QFrame::event(QEvent*) at :0
  [42] QCoreApplicationPrivate::sendThroughObjectEventFilters(QObject*, QEvent*) at :0
  [43] QApplicationPrivate::notify_helper(QObject*, QEvent*) at :0
  [44] QApplication::notify(QObject*, QEvent*) at :0
  [45] RiaGuiApplication::notify(QObject*, QEvent*) at ResInsight/ApplicationLibCode/Application/RiaGuiApplication.cpp:1828
  [46] QCoreApplication::notifyInternal2(QObject*, QEvent*) at :0
  [47]  at :0
  [48]  at :0
  [49] QApplicationPrivate::notify_helper(QObject*, QEvent*) at :0
  [50] RiaGuiApplication::notify(QObject*, QEvent*) at ResInsight/ApplicationLibCode/Application/RiaGuiApplication.cpp:1828
  [51] QCoreApplication::notifyInternal2(QObject*, QEvent*) at :0
  [52] QGuiApplicationPrivate::processMouseEvent(QWindowSystemInterfacePrivate::MouseEvent*) at :0
  [53] QWindowSystemInterface::sendWindowSystemEvents(QFlags<QEventLoop::ProcessEventsFlag>) at :0
  [54]  at :0
  [55] g_main_context_dispatch at :0
  [56] g_main_context_iterate.isra.20 at :0
  [57] g_main_context_iteration at :0
  [58] QEventDispatcherGlib::processEvents(QFlags<QEventLoop::ProcessEventsFlag>) at :0
  [59] QEventLoop::exec(QFlags<QEventLoop::ProcessEventsFlag>) at :0
  [60] QCoreApplication::exec() at :0
  [61] main at ResInsight/ApplicationExeCode/RiaMain.cpp:267
  [62] __libc_start_main at :0
  [63] _start at :0
  [64]  at :0
"
2026-07-31T13:26:43.815Z,2026.06.1,"  [0] performCrashLogging at ResInsight/ApplicationExeCode/RiaMainTools.cpp:170
  [1] manageSegFailureSA(int, siginfo_t*, void*) at ResInsight/ApplicationExeCode/RiaMainTools.cpp:302
  [2]  at :0
  [3] __GI_raise at :0
  [4] __GI_abort at :0
  [5] manageTerminate() at ResInsight/ApplicationExeCode/RiaMainTools.cpp:241
  [6] __cxxabiv1::__terminate(void (*)()) at :0
  [7] __cxa_call_terminate at :0
  [8] __gxx_personality_v0 at :0
  [9] _Unwind_RaiseException_Phase2 at :0
  [10] _Unwind_Resume at :0
  [11] Opm::EclIO::ESmry::dates() const at ResInsight/ThirdParty/custom-opm-common/opm-common/opm/io/eclipse/ESmry.cpp:1457
  [12] RifHdf5SummaryExporter::writeGeneralSection(RifHdf5Exporter&, Opm::EclIO::ESmry&) at ResInsight/ApplicationLibCode/FileInterface/RifHdf5SummaryExporter.cpp:161
  [13] RifHdf5SummaryExporter::ensureHdf5FileIsCreated(std::__cxx11::basic_string<char, std::char_traits<char>, std::allocator<char> > const&, std::__cxx11::basic_string<char, std::char_traits<char>, std::allocator<char> > const&, bool, unsigned long&) at ResInsight/ApplicationLibCode/FileInterface/RifHdf5SummaryExporter.cpp:139
  [14] RifReaderEclipseSummary::open(QString const&, RiaThreadSafeLogger*) at ResInsight/ApplicationLibCode/FileInterface/RifReaderEclipseSummary.cpp:129
  [15] RimFileSummaryCase::findRelatedFilesAndCreateReader(QString const&, bool, RifEnsembleImportConfig, RiaThreadSafeLogger*) at ResInsight/ApplicationLibCode/ProjectDataModel/Summary/RimFileSummaryCase.cpp:238
  [16] RimFileSummaryCase::createSummaryReaderInterfaceThreadSafe(RifEnsembleImportConfig, RiaThreadSafeLogger*) at ResInsight/ApplicationLibCode/ProjectDataModel/Summary/RimFileSummaryCase.cpp:110
  [17] RimFileSummaryCase::createSummaryReaderInterface() at ResInsight/ApplicationLibCode/ProjectDataModel/Summary/RimFileSummaryCase.cpp:129
  [18] RiaSummaryTools::reloadSummaryCaseAndUpdateConnectedPlots(RimSummaryCase*) at ResInsight/ApplicationLibCode/Application/Tools/Summary/RiaSummaryTools.cpp:409
  [19] RicReloadSummaryCaseFeature::reloadSelectedCasesAndUpdate() at ResInsight/ApplicationLibCode/Commands/RicReloadSummaryCaseFeature.cpp:149
  [20] caf::CmdFeature::actionTriggered(bool) at ResInsight/Fwk/AppFwk/cafCommand/cafCmdFeature.cpp:176
  [21]  at :0
  [22] QAction::triggered(bool) at :0
  [23] QAction::activate(QAction::ActionEvent) at :0
  [24]  at :0
  [25]  at :0
  [26] QWidget::event(QEvent*) at :0
  [27] QApplicationPrivate::notify_helper(QObject*, QEvent*) at :0
  [28] QApplication::notify(QObject*, QEvent*) at :0
  [29] RiaGuiApplication::notify(QObject*, QEvent*) at ResInsight/ApplicationLibCode/Application/RiaGuiApplication.cpp:1828
  [30] QCoreApplication::notifyInternal2(QObject*, QEvent*) at :0
  [31] QApplicationPrivate::sendMouseEvent(QWidget*, QMouseEvent*, QWidget*, QWidget*, QWidget**, QPointer<QWidget>&, bool, bool) at :0
  [32]  at :0
  [33]  at :0
  [34] QApplicationPrivate::notify_helper(QObject*, QEvent*) at :0
  [35] RiaGuiApplication::notify(QObject*, QEvent*) at ResInsight/ApplicationLibCode/Application/RiaGuiApplication.cpp:1828
  [36] QCoreApplication::notifyInternal2(QObject*, QEvent*) at :0
  [37] QGuiApplicationPrivate::processMouseEvent(QWindowSystemInterfacePrivate::MouseEvent*) at :0
  [38] QWindowSystemInterface::sendWindowSystemEvents(QFlags<QEventLoop::ProcessEventsFlag>) at :0
  [39]  at :0
  [40] g_main_context_dispatch at :0
  [41] g_main_context_iterate.isra.20 at :0
  [42] g_main_context_iteration at :0
  [43] QEventDispatcherGlib::processEvents(QFlags<QEventLoop::ProcessEventsFlag>) at :0
  [44] QEventLoop::exec(QFlags<QEventLoop::ProcessEventsFlag>) at :0
  [45]  at :0
  [46] QMenu::exec(QPoint const&, QAction*) at :0
  [47] RiuMainWindow::customMenuRequested(QPoint const&) at ResInsight/ApplicationLibCode/UserInterface/RiuMainWindow.cpp:2092
  [48]  at :0
  [49] QWidget::customContextMenuRequested(QPoint const&) at :0
  [50] QWidget::event(QEvent*) at :0
  [51] QFrame::event(QEvent*) at :0
  [52] QCoreApplicationPrivate::sendThroughObjectEventFilters(QObject*, QEvent*) at :0
  [53] QApplicationPrivate::notify_helper(QObject*, QEvent*) at :0
  [54] QApplication::notify(QObject*, QEvent*) at :0
  [55] RiaGuiApplication::notify(QObject*, QEvent*) at ResInsight/ApplicationLibCode/Application/RiaGuiApplication.cpp:1828
  [56] QCoreApplication::notifyInternal2(QObject*, QEvent*) at :0
  [57]  at :0
  [58]  at :0
  [59] QApplicationPrivate::notify_helper(QObject*, QEvent*) at :0
  [60] RiaGuiApplication::notify(QObject*, QEvent*) at ResInsight/ApplicationLibCode/Application/RiaGuiApplication.cpp:1828
  [61] QCoreApplication::notifyInternal2(QObject*, QEvent*) at :0
  [62] QGuiApplicationPrivate::processMouseEvent(QWindowSystemInterfacePrivate::MouseEvent*) at :0
  [63] QWindowSystemInterface::sendWindowSystemEvents(QFlags<QEventLoop::ProcessEventsFlag>) at :0
  [64]  at :0
  [65] g_main_context_dispatch at :0
  [66] g_main_context_iterate.isra.20 at :0
  [67] g_main_context_iteration at :0
  [68] QEventDispatcherGlib::processEvents(QFlags<QEventLoop::ProcessEventsFlag>) at :0
  [69] QEventLoop::exec(QFlags<QEventLoop::ProcessEventsFlag>) at :0
  [70] QCoreApplication::exec() at :0
  [71] main at ResInsight/ApplicationExeCode/RiaMain.cpp:267
  [72] __libc_start_main at :0
  [73] _start at :0
  [74]  at :0
"
2026-07-31T13:26:42.788Z,2026.06.1,"  [0] performCrashLogging at ResInsight/ApplicationExeCode/RiaMainTools.cpp:170
  [1] manageTerminate() at ResInsight/ApplicationExeCode/RiaMainTools.cpp:239
  [2] __cxxabiv1::__terminate(void (*)()) at :0
  [3] __cxa_call_terminate at :0
  [4] __gxx_personality_v0 at :0
  [5] _Unwind_RaiseException_Phase2 at :0
  [6] _Unwind_Resume at :0
  [7] Opm::EclIO::ESmry::dates() const at ResInsight/ThirdParty/custom-opm-common/opm-common/opm/io/eclipse/ESmry.cpp:1457
  [8] RifHdf5SummaryExporter::writeGeneralSection(RifHdf5Exporter&, Opm::EclIO::ESmry&) at ResInsight/ApplicationLibCode/FileInterface/RifHdf5SummaryExporter.cpp:161
  [9] RifHdf5SummaryExporter::ensureHdf5FileIsCreated(std::__cxx11::basic_string<char, std::char_traits<char>, std::allocator<char> > const&, std::__cxx11::basic_string<char, std::char_traits<char>, std::allocator<char> > const&, bool, unsigned long&) at ResInsight/ApplicationLibCode/FileInterface/RifHdf5SummaryExporter.cpp:139
  [10] RifReaderEclipseSummary::open(QString const&, RiaThreadSafeLogger*) at ResInsight/ApplicationLibCode/FileInterface/RifReaderEclipseSummary.cpp:129
  [11] RimFileSummaryCase::findRelatedFilesAndCreateReader(QString const&, bool, RifEnsembleImportConfig, RiaThreadSafeLogger*) at ResInsight/ApplicationLibCode/ProjectDataModel/Summary/RimFileSummaryCase.cpp:238
  [12] RimFileSummaryCase::createSummaryReaderInterfaceThreadSafe(RifEnsembleImportConfig, RiaThreadSafeLogger*) at ResInsight/ApplicationLibCode/ProjectDataModel/Summary/RimFileSummaryCase.cpp:110
  [13] RimFileSummaryCase::createSummaryReaderInterface() at ResInsight/ApplicationLibCode/ProjectDataModel/Summary/RimFileSummaryCase.cpp:129
  [14] RiaSummaryTools::reloadSummaryCaseAndUpdateConnectedPlots(RimSummaryCase*) at ResInsight/ApplicationLibCode/Application/Tools/Summary/RiaSummaryTools.cpp:409
  [15] RicReloadSummaryCaseFeature::reloadSelectedCasesAndUpdate() at ResInsight/ApplicationLibCode/Commands/RicReloadSummaryCaseFeature.cpp:149
  [16] caf::CmdFeature::actionTriggered(bool) at ResInsight/Fwk/AppFwk/cafCommand/cafCmdFeature.cpp:176
  [17]  at :0
  [18] QAction::triggered(bool) at :0
  [19] QAction::activate(QAction::ActionEvent) at :0
  [20]  at :0
  [21]  at :0
  [22] QWidget::event(QEvent*) at :0
  [23] QApplicationPrivate::notify_helper(QObject*, QEvent*) at :0
  [24] QApplication::notify(QObject*, QEvent*) at :0
  [25] RiaGuiApplication::notify(QObject*, QEvent*) at ResInsight/ApplicationLibCode/Application/RiaGuiApplication.cpp:1828
  [26] QCoreApplication::notifyInternal2(QObject*, QEvent*) at :0
  [27] QApplicationPrivate::sendMouseEvent(QWidget*, QMouseEvent*, QWidget*, QWidget*, QWidget**, QPointer<QWidget>&, bool, bool) at :0
  [28]  at :0
  [29]  at :0
  [30] QApplicationPrivate::notify_helper(QObject*, QEvent*) at :0
  [31] RiaGuiApplication::notify(QObject*, QEvent*) at ResInsight/ApplicationLibCode/Application/RiaGuiApplication.cpp:1828
  [32] QCoreApplication::notifyInternal2(QObject*, QEvent*) at :0
  [33] QGuiApplicationPrivate::processMouseEvent(QWindowSystemInterfacePrivate::MouseEvent*) at :0
  [34] QWindowSystemInterface::sendWindowSystemEvents(QFlags<QEventLoop::ProcessEventsFlag>) at :0
  [35]  at :0
  [36] g_main_context_dispatch at :0
  [37] g_main_context_iterate.isra.20 at :0
  [38] g_main_context_iteration at :0
  [39] QEventDispatcherGlib::processEvents(QFlags<QEventLoop::ProcessEventsFlag>) at :0
  [40] QEventLoop::exec(QFlags<QEventLoop::ProcessEventsFlag>) at :0
  [41]  at :0
  [42] QMenu::exec(QPoint const&, QAction*) at :0
  [43] RiuMainWindow::customMenuRequested(QPoint const&) at ResInsight/ApplicationLibCode/UserInterface/RiuMainWindow.cpp:2092
  [44]  at :0
  [45] QWidget::customContextMenuRequested(QPoint const&) at :0
  [46] QWidget::event(QEvent*) at :0
  [47] QFrame::event(QEvent*) at :0
  [48] QCoreApplicationPrivate::sendThroughObjectEventFilters(QObject*, QEvent*) at :0
  [49] QApplicationPrivate::notify_helper(QObject*, QEvent*) at :0
  [50] QApplication::notify(QObject*, QEvent*) at :0
  [51] RiaGuiApplication::notify(QObject*, QEvent*) at ResInsight/ApplicationLibCode/Application/RiaGuiApplication.cpp:1828
  [52] QCoreApplication::notifyInternal2(QObject*, QEvent*) at :0
  [53]  at :0
  [54]  at :0
  [55] QApplicationPrivate::notify_helper(QObject*, QEvent*) at :0
  [56] RiaGuiApplication::notify(QObject*, QEvent*) at ResInsight/ApplicationLibCode/Application/RiaGuiApplication.cpp:1828
  [57] QCoreApplication::notifyInternal2(QObject*, QEvent*) at :0
  [58] QGuiApplicationPrivate::processMouseEvent(QWindowSystemInterfacePrivate::MouseEvent*) at :0
  [59] QWindowSystemInterface::sendWindowSystemEvents(QFlags<QEventLoop::ProcessEventsFlag>) at :0
  [60]  at :0
  [61] g_main_context_dispatch at :0
  [62] g_main_context_iterate.isra.20 at :0
  [63] g_main_context_iteration at :0
  [64] QEventDispatcherGlib::processEvents(QFlags<QEventLoop::ProcessEventsFlag>) at :0
  [65] QEventLoop::exec(QFlags<QEventLoop::ProcessEventsFlag>) at :0
  [66] QCoreApplication::exec() at :0
  [67] main at ResInsight/ApplicationExeCode/RiaMain.cpp:267
  [68] __libc_start_main at :0
  [69] _start at :0
  [70]  at :0
"
2026-07-31T10:58:16.98Z,2026.06.1,"  [0] performCrashLogging at ResInsight/ApplicationExeCode/RiaMainTools.cpp:170
  [1] manageSegFailureSA(int, siginfo_t*, void*) at ResInsight/ApplicationExeCode/RiaMainTools.cpp:302
  [2]  at :0
  [3] QWidget::setFocus(Qt::FocusReason) at :0
  [4] QApplicationPrivate::giveFocusAccordingToFocusPolicy(QWidget*, QEvent*, QPoint) at :0
  [5] QApplication::notify(QObject*, QEvent*) at :0
  [6] RiaGuiApplication::notify(QObject*, QEvent*) at ResInsight/ApplicationLibCode/Application/RiaGuiApplication.cpp:1828
  [7] QCoreApplication::notifyInternal2(QObject*, QEvent*) at :0
  [8] QApplicationPrivate::sendMouseEvent(QWidget*, QMouseEvent*, QWidget*, QWidget*, QWidget**, QPointer<QWidget>&, bool, bool) at :0
  [9]  at :0
  [10]  at :0
  [11] QApplicationPrivate::notify_helper(QObject*, QEvent*) at :0
  [12] RiaGuiApplication::notify(QObject*, QEvent*) at ResInsight/ApplicationLibCode/Application/RiaGuiApplication.cpp:1828
  [13] QCoreApplication::notifyInternal2(QObject*, QEvent*) at :0
  [14] QGuiApplicationPrivate::processMouseEvent(QWindowSystemInterfacePrivate::MouseEvent*) at :0
  [15] QWindowSystemInterface::sendWindowSystemEvents(QFlags<QEventLoop::ProcessEventsFlag>) at :0
  [16]  at :0
  [17] g_main_context_dispatch at :0
  [18] g_main_context_iterate.isra.20 at :0
  [19] g_main_context_iteration at :0
  [20] QEventDispatcherGlib::processEvents(QFlags<QEventLoop::ProcessEventsFlag>) at :0
  [21] QEventLoop::exec(QFlags<QEventLoop::ProcessEventsFlag>) at :0
  [22] QCoreApplication::exec() at :0
  [23] main at ResInsight/ApplicationExeCode/RiaMain.cpp:267
  [24] __libc_start_main at :0
  [25] _start at :0
  [26]  at :0
"
2026-07-30T14:11:14.576Z,2026.06.2-dev.01,"  [0] performCrashLogging at ResInsight/ApplicationExeCode/RiaMainTools.cpp:170
  [1] manageSegFailureSA(int, siginfo_t*, void*) at ResInsight/ApplicationExeCode/RiaMainTools.cpp:302
  [2]  at :0
  [3] __GI_raise at :0
  [4] __GI_abort at :0
  [5] cvf::AssertHandlerConsole::handleAssert(char const*, int, char const*, char const*) at ResInsight/Fwk/VizFwk/LibCore/cvfAssert.cpp:125
  [6] RivReservoirViewPartMgr::computeNativeVisibility(cvf::Array<unsigned char>*, RigGridBase const*, RigActiveCellInfo const*, cvf::Array<unsigned char> const*, bool, bool, bool) at ResInsight/ApplicationLibCode/ModelVisualization/RivReservoirViewPartMgr.cpp:604
  [7] RivReservoirViewPartMgr::computeVisibility(cvf::Array<unsigned char>*, RivCellSetEnum, RigGridBase*, unsigned long) at ResInsight/ApplicationLibCode/ModelVisualization/RivReservoirViewPartMgr.cpp:338
  [8] RivReservoirViewPartMgr::createGeometry(RivCellSetEnum) at ResInsight/ApplicationLibCode/ModelVisualization/RivReservoirViewPartMgr.cpp:278
  [9] RimEclipseView::onCreateDisplayModel() at ResInsight/ApplicationLibCode/ProjectDataModel/RimEclipseView.cpp:743
  [10] Rim3dView::createDisplayModelAndRedraw() at ResInsight/ApplicationLibCode/ProjectDataModel/Rim3dView.cpp:770
  [11] RiaViewRedrawScheduler::updateAndRedrawScheduledViews() at ResInsight/ApplicationLibCode/Application/RiaViewRedrawScheduler.cpp:93
  [12]  at :0
  [13] QTimer::timeout(QTimer::QPrivateSignal) at :0
  [14] QObject::event(QEvent*) at :0
  [15] QApplicationPrivate::notify_helper(QObject*, QEvent*) at :0
  [16] RiaGuiApplication::notify(QObject*, QEvent*) at ResInsight/ApplicationLibCode/Application/RiaGuiApplication.cpp:1872
  [17] QCoreApplication::notifyInternal2(QObject*, QEvent*) at :0
  [18] QTimerInfoList::activateTimers() at :0
  [19]  at :0
  [20] g_main_context_dispatch at :0
  [21] g_main_context_iterate.isra.20 at :0
  [22] g_main_context_iteration at :0
  [23] QEventDispatcherGlib::processEvents(QFlags<QEventLoop::ProcessEventsFlag>) at :0
  [24] QEventLoop::exec(QFlags<QEventLoop::ProcessEventsFlag>) at :0
  [25] RiaOpenTelemetryManager::reportCrash(int, std::basic_stacktrace<std::allocator<std::stacktrace_entry> > const&, std::map<std::__cxx11::basic_string<char, std::char_traits<char>, std::allocator<char> >, std::__cxx11::basic_string<char, std::char_traits<char>, std::allocator<char> >, std::less<std::__cxx11::basic_string<char, std::char_traits<char>, std::allocator<char> > >, std::allocator<std::pair<std::__cxx11::basic_string<char, std::char_traits<char>, std::allocator<char> > const, std::__cxx11::basic_string<char, std::char_traits<char>, std::allocator<char> > > > > const&) at ResInsight/ApplicationLibCode/Application/Tools/Telemetry/RiaOpenTelemetryManager.cpp:422
  [26] performCrashLogging at ResInsight/ApplicationExeCode/RiaMainTools.cpp:203
  [27] manageSegFailureSA(int, siginfo_t*, void*) at ResInsight/ApplicationExeCode/RiaMainTools.cpp:302
  [28]  at :0
  [29] __GI_raise at :0
  [30] __GI_abort at :0
  [31] cvf::AssertHandlerConsole::handleAssert(char const*, int, char const*, char const*) at ResInsight/Fwk/VizFwk/LibCore/cvfAssert.cpp:125
  [32] RivReservoirViewPartMgr::computeNativeVisibility(cvf::Array<unsigned char>*, RigGridBase const*, RigActiveCellInfo const*, cvf::Array<unsigned char> const*, bool, bool, bool) at ResInsight/ApplicationLibCode/ModelVisualization/RivReservoirViewPartMgr.cpp:604
  [33] RivReservoirViewPartMgr::computeVisibility(cvf::Array<unsigned char>*, RivCellSetEnum, RigGridBase*, unsigned long) at ResInsight/ApplicationLibCode/ModelVisualization/RivReservoirViewPartMgr.cpp:338
  [34] RivReservoirViewPartMgr::createGeometry(RivCellSetEnum) at ResInsight/ApplicationLibCode/ModelVisualization/RivReservoirViewPartMgr.cpp:278
  [35] RimEclipseView::onCreateDisplayModel() at ResInsight/ApplicationLibCode/ProjectDataModel/RimEclipseView.cpp:743
  [36] Rim3dView::createDisplayModelAndRedraw() at ResInsight/ApplicationLibCode/ProjectDataModel/Rim3dView.cpp:770
  [37] RiaViewRedrawScheduler::updateAndRedrawScheduledViews() at ResInsight/ApplicationLibCode/Application/RiaViewRedrawScheduler.cpp:93
  [38]  at :0
  [39] QTimer::timeout(QTimer::QPrivateSignal) at :0
  [40] QObject::event(QEvent*) at :0
  [41] QApplicationPrivate::notify_helper(QObject*, QEvent*) at :0
  [42] RiaGuiApplication::notify(QObject*, QEvent*) at ResInsight/ApplicationLibCode/Application/RiaGuiApplication.cpp:1872
  [43] QCoreApplication::notifyInternal2(QObject*, QEvent*) at :0
  [44] QTimerInfoList::activateTimers() at :0
  [45]  at :0
  [46] g_main_context_dispatch at :0
  [47] g_main_context_iterate.isra.20 at :0
  [48] g_main_context_iteration at :0
  [49] QEventDispatcherGlib::processEvents(QFlags<QEventLoop::ProcessEventsFlag>) at :0
  [50] QEventLoop::exec(QFlags<QEventLoop::ProcessEventsFlag>) at :0
  [51] QCoreApplication::exec() at :0
  [52] main at ResInsight/ApplicationExeCode/RiaMain.cpp:267
  [53] __libc_start_main at :0
  [54] _start at :0
  [55]  at :0
"
2026-07-30T14:11:14.48Z,2026.06.2-dev.01,"  [0] performCrashLogging at ResInsight/ApplicationExeCode/RiaMainTools.cpp:170
  [1] manageSegFailureSA(int, siginfo_t*, void*) at ResInsight/ApplicationExeCode/RiaMainTools.cpp:302
  [2]  at :0
  [3] __GI_raise at :0
  [4] __GI_abort at :0
  [5] cvf::AssertHandlerConsole::handleAssert(char const*, int, char const*, char const*) at ResInsight/Fwk/VizFwk/LibCore/cvfAssert.cpp:125
  [6] RivReservoirViewPartMgr::computeNativeVisibility(cvf::Array<unsigned char>*, RigGridBase const*, RigActiveCellInfo const*, cvf::Array<unsigned char> const*, bool, bool, bool) at ResInsight/ApplicationLibCode/ModelVisualization/RivReservoirViewPartMgr.cpp:604
  [7] RivReservoirViewPartMgr::computeVisibility(cvf::Array<unsigned char>*, RivCellSetEnum, RigGridBase*, unsigned long) at ResInsight/ApplicationLibCode/ModelVisualization/RivReservoirViewPartMgr.cpp:338
  [8] RivReservoirViewPartMgr::createGeometry(RivCellSetEnum) at ResInsight/ApplicationLibCode/ModelVisualization/RivReservoirViewPartMgr.cpp:278
  [9] RimEclipseView::onCreateDisplayModel() at ResInsight/ApplicationLibCode/ProjectDataModel/RimEclipseView.cpp:743
  [10] Rim3dView::createDisplayModelAndRedraw() at ResInsight/ApplicationLibCode/ProjectDataModel/Rim3dView.cpp:770
  [11] RiaViewRedrawScheduler::updateAndRedrawScheduledViews() at ResInsight/ApplicationLibCode/Application/RiaViewRedrawScheduler.cpp:93
  [12]  at :0
  [13] QTimer::timeout(QTimer::QPrivateSignal) at :0
  [14] QObject::event(QEvent*) at :0
  [15] QApplicationPrivate::notify_helper(QObject*, QEvent*) at :0
  [16] RiaGuiApplication::notify(QObject*, QEvent*) at ResInsight/ApplicationLibCode/Application/RiaGuiApplication.cpp:1872
  [17] QCoreApplication::notifyInternal2(QObject*, QEvent*) at :0
  [18] QTimerInfoList::activateTimers() at :0
  [19]  at :0
  [20] g_main_context_dispatch at :0
  [21] g_main_context_iterate.isra.20 at :0
  [22] g_main_context_iteration at :0
  [23] QEventDispatcherGlib::processEvents(QFlags<QEventLoop::ProcessEventsFlag>) at :0
  [24] QEventLoop::exec(QFlags<QEventLoop::ProcessEventsFlag>) at :0
  [25] QCoreApplication::exec() at :0
  [26] main at ResInsight/ApplicationExeCode/RiaMain.cpp:267
  [27] __libc_start_main at :0
  [28] _start at :0
  [29]  at :0
"
2026-07-30T13:15:45.511Z,2026.02.2,"  [0] performCrashLogging at ResInsight/ApplicationExeCode/RiaMainTools.cpp:147
  [1] manageSegFailureSA(int, siginfo_t*, void*) at ResInsight/ApplicationExeCode/RiaMainTools.cpp:227
  [2]  at :0
  [3] __GI_raise at :0
  [4] __GI_abort at :0
  [5] __gnu_cxx::__verbose_terminate_handler() [clone .cold.1] at :0
  [6]  at :0
  [7]  at :0
  [8] __cxxabiv1::__terminate(void (*)()) at :0
  [9] std::terminate() at :0
  [10] __cxa_rethrow at :0
  [11] main at ResInsight/ApplicationExeCode/RiaMain.cpp:232
  [12] __libc_start_main at :0
  [13] _start at :0
  [14]  at :0
"
2026-07-30T10:44:53.382Z,2026.06.1,"  [0] performCrashLogging at ResInsight/ApplicationExeCode/RiaMainTools.cpp:170
  [1] manageSegFailureSA(int, siginfo_t*, void*) at ResInsight/ApplicationExeCode/RiaMainTools.cpp:302
  [2]  at :0
  [3] __GI_raise at :0
  [4] __GI_abort at :0
  [5] cvf::AssertHandlerConsole::handleAssert(char const*, int, char const*, char const*) at ResInsight/Fwk/VizFwk/LibCore/cvfAssert.cpp:125
  [6] RifElementPropertyReader::readAllElementPropertiesInFileContainingField(std::__cxx11::basic_string<char, std::char_traits<char>, std::allocator<char> > const&) at ResInsight/ApplicationLibCode/FileInterface/RifElementPropertyReader.cpp:120
  [7] RigFemPartResultsCollection::findOrLoadScalarResult(int, RigFemResultAddress const&) at ResInsight/ApplicationLibCode/GeoMech/GeoMechDataModel/RigFemPartResultsCollection.cpp:451
  [8] RigFemPartResultsCollection::assertResultsLoaded(RigFemResultAddress const&) at ResInsight/ApplicationLibCode/GeoMech/GeoMechDataModel/RigFemPartResultsCollection.cpp:1014
  [9] RimGeoMechResultDefinition::hasResult() at ResInsight/ApplicationLibCode/ProjectDataModel/GeoMech/RimGeoMechResultDefinition.cpp:722
  [10] RiuSelectionChangedHandler::addResultCurveFromSelectionItem(RiuGeoMechSelectionItem const*) const at ResInsight/ApplicationLibCode/UserInterface/RiuSelectionChangedHandler.cpp:208
  [11] RiuSelectionChangedHandler::handleItemAppended(RiuSelectionItem const*) const at ResInsight/ApplicationLibCode/UserInterface/RiuSelectionChangedHandler.cpp:119
  [12] RiuCellAndNncPickEventHandler::handle3dPickEvent(Ric3dPickEvent const&) at ResInsight/ApplicationLibCode/UserInterface/RiuCellAndNncPickEventHandler.cpp:459
  [13] RiuViewerCommands::handlePickAction(int, int, QFlags<Qt::KeyboardModifier>) at ResInsight/ApplicationLibCode/UserInterface/RiuViewerCommands.cpp:718
  [14] QWidget::event(QEvent*) at :0
  [15] QApplicationPrivate::notify_helper(QObject*, QEvent*) at :0
  [16] QApplication::notify(QObject*, QEvent*) at :0
  [17] RiaGuiApplication::notify(QObject*, QEvent*) at ResInsight/ApplicationLibCode/Application/RiaGuiApplication.cpp:1828
  [18] QCoreApplication::notifyInternal2(QObject*, QEvent*) at :0
  [19] QApplicationPrivate::sendMouseEvent(QWidget*, QMouseEvent*, QWidget*, QWidget*, QWidget**, QPointer<QWidget>&, bool, bool) at :0
  [20]  at :0
  [21]  at :0
  [22] QApplicationPrivate::notify_helper(QObject*, QEvent*) at :0
  [23] RiaGuiApplication::notify(QObject*, QEvent*) at ResInsight/ApplicationLibCode/Application/RiaGuiApplication.cpp:1828
  [24] QCoreApplication::notifyInternal2(QObject*, QEvent*) at :0
  [25] QGuiApplicationPrivate::processMouseEvent(QWindowSystemInterfacePrivate::MouseEvent*) at :0
  [26] QWindowSystemInterface::sendWindowSystemEvents(QFlags<QEventLoop::ProcessEventsFlag>) at :0
  [27]  at :0
  [28] g_main_context_dispatch at :0
  [29] g_main_context_iterate.isra.20 at :0
  [30] g_main_context_iteration at :0
  [31] QEventDispatcherGlib::processEvents(QFlags<QEventLoop::ProcessEventsFlag>) at :0
  [32] QEventLoop::exec(QFlags<QEventLoop::ProcessEventsFlag>) at :0
  [33] QCoreApplication::exec() at :0
  [34] main at ResInsight/ApplicationExeCode/RiaMain.cpp:267
  [35] __libc_start_main at :0
  [36] _start at :0
  [37]  at :0
"
2026-07-29T14:13:20.335Z,2026.06.1,"  [0] performCrashLogging at ResInsight/ApplicationExeCode/RiaMainTools.cpp:170
  [1] manageSegFailureSA(int, siginfo_t*, void*) at ResInsight/ApplicationExeCode/RiaMainTools.cpp:302
  [2]  at :0
  [3]  at :0
  [4]  at :0
  [5] RiuGuiTheme::applyStyleSheet(RiaDefines::ThemeEnum) at ResInsight/ApplicationLibCode/UserInterface/RiuGuiTheme.cpp:387
  [6] RiuGuiTheme::updateGuiTheme(RiaDefines::ThemeEnum) at ResInsight/ApplicationLibCode/UserInterface/RiuGuiTheme.cpp:355
  [7] caf::PdmUiFieldHandle::notifyFieldChanged(QVariant const&, QVariant const&) at ResInsight/Fwk/AppFwk/cafProjectDataModel/cafPdmUiCore/cafPdmUiFieldHandle.cpp:75
  [8] caf::PdmFieldUiCap<caf::PdmField<caf::AppEnum<RiaDefines::ThemeEnum> > >::setValueFromUiEditor(QVariant const&, bool) at ResInsight/Fwk/AppFwk/cafProjectDataModel/cafPdmUiCore/cafInternalPdmUiFieldCapability.inl:116
  [9] caf::CmdFieldChangeExec::redo() at ResInsight/Fwk/AppFwk/cafCommand/cafCmdFieldChangeExec.cpp:139
  [10] QUndoStack::push(QUndoCommand*) at :0
  [11] caf::CmdUiCommandSystemImpl::fieldChangedCommand(std::vector<caf::PdmFieldHandle*, std::allocator<caf::PdmFieldHandle*> > const&, QVariant const&) at ResInsight/Fwk/AppFwk/cafCommand/cafCmdUiCommandSystemImpl.cpp:146
  [12] caf::PdmUiCommandSystemProxy::setUiValueToField(caf::PdmUiFieldHandle*, QVariant const&) at ResInsight/Fwk/AppFwk/cafProjectDataModel/cafPdmUiCore/cafPdmUiCommandSystemProxy.cpp:113
  [13] caf::PdmUiComboBoxEditor::slotIndexActivated(int) at ResInsight/Fwk/AppFwk/cafUserInterface/cafPdmUiComboBoxEditor.cpp:455
  [14]  at :0
  [15] QComboBox::activated(int) at :0
  [16]  at :0
  [17]  at :0
  [18]  at :0
  [19] QComboBoxPrivateContainer::itemSelected(QModelIndex const&) at :0
  [20] QComboBoxPrivateContainer::eventFilter(QObject*, QEvent*) at :0
  [21] QCoreApplicationPrivate::sendThroughObjectEventFilters(QObject*, QEvent*) at :0
  [22] QApplicationPrivate::notify_helper(QObject*, QEvent*) at :0
  [23] QApplication::notify(QObject*, QEvent*) at :0
  [24] RiaGuiApplication::notify(QObject*, QEvent*) at ResInsight/ApplicationLibCode/Application/RiaGuiApplication.cpp:1828
  [25] QCoreApplication::notifyInternal2(QObject*, QEvent*) at :0
  [26] QApplicationPrivate::sendMouseEvent(QWidget*, QMouseEvent*, QWidget*, QWidget*, QWidget**, QPointer<QWidget>&, bool, bool) at :0
  [27]  at :0
  [28]  at :0
  [29] QApplicationPrivate::notify_helper(QObject*, QEvent*) at :0
  [30] RiaGuiApplication::notify(QObject*, QEvent*) at ResInsight/ApplicationLibCode/Application/RiaGuiApplication.cpp:1828
  [31] QCoreApplication::notifyInternal2(QObject*, QEvent*) at :0
  [32] QGuiApplicationPrivate::processMouseEvent(QWindowSystemInterfacePrivate::MouseEvent*) at :0
  [33] QWindowSystemInterface::sendWindowSystemEvents(QFlags<QEventLoop::ProcessEventsFlag>) at :0
  [34]  at :0
  [35] g_main_context_dispatch at :0
  [36] g_main_context_iterate.isra.20 at :0
  [37] g_main_context_iteration at :0
  [38] QEventDispatcherGlib::processEvents(QFlags<QEventLoop::ProcessEventsFlag>) at :0
  [39] QEventLoop::exec(QFlags<QEventLoop::ProcessEventsFlag>) at :0
  [40] QDialog::exec() at :0
  [41] RicEditPreferencesFeature::onActionTriggered(bool) at ResInsight/ApplicationLibCode/Commands/ApplicationCommands/RicEditPreferencesFeature.cpp:71
  [42] caf::CmdFeature::actionTriggered(bool) at ResInsight/Fwk/AppFwk/cafCommand/cafCmdFeature.cpp:176
  [43]  at :0
  [44] QAction::triggered(bool) at :0
  [45] QAction::activate(QAction::ActionEvent) at :0
  [46]  at :0
  [47]  at :0
  [48] QWidget::event(QEvent*) at :0
  [49] QApplicationPrivate::notify_helper(QObject*, QEvent*) at :0
  [50] QApplication::notify(QObject*, QEvent*) at :0
  [51] RiaGuiApplication::notify(QObject*, QEvent*) at ResInsight/ApplicationLibCode/Application/RiaGuiApplication.cpp:1828
  [52] QCoreApplication::notifyInternal2(QObject*, QEvent*) at :0
  [53] QApplicationPrivate::sendMouseEvent(QWidget*, QMouseEvent*, QWidget*, QWidget*, QWidget**, QPointer<QWidget>&, bool, bool) at :0
  [54]  at :0
  [55]  at :0
  [56] QApplicationPrivate::notify_helper(QObject*, QEvent*) at :0
  [57] RiaGuiApplication::notify(QObject*, QEvent*) at ResInsight/ApplicationLibCode/Application/RiaGuiApplication.cpp:1828
  [58] QCoreApplication::notifyInternal2(QObject*, QEvent*) at :0
  [59] QGuiApplicationPrivate::processMouseEvent(QWindowSystemInterfacePrivate::MouseEvent*) at :0
  [60] QWindowSystemInterface::sendWindowSystemEvents(QFlags<QEventLoop::ProcessEventsFlag>) at :0
  [61]  at :0
  [62] g_main_context_dispatch at :0
  [63] g_main_context_iterate.isra.20 at :0
  [64] g_main_context_iteration at :0
  [65] QEventDispatcherGlib::processEvents(QFlags<QEventLoop::ProcessEventsFlag>) at :0
  [66] QEventLoop::exec(QFlags<QEventLoop::ProcessEventsFlag>) at :0
  [67] QCoreApplication::exec() at :0
  [68] main at ResInsight/ApplicationExeCode/RiaMain.cpp:267
  [69] __libc_start_main at :0
  [70] _start at :0
  [71]  at :0
"
2026-07-29T08:18:02.179Z,2026.06.1,"  [0] performCrashLogging at ResInsight/ApplicationExeCode/RiaMainTools.cpp:170
  [1] manageSegFailureSA(int, siginfo_t*, void*) at ResInsight/ApplicationExeCode/RiaMainTools.cpp:302
  [2]  at :0
  [3] std::__atomic_base<int>::fetch_add(int, std::memory_order) at /opt/rh/gcc-toolset-13/root/usr/include/c++/13/bits/atomic_base.h:635
  [4] RigEclipseCaseData::formationNames() const at ResInsight/ApplicationLibCode/ReservoirDataModel/RigEclipseCaseData.cpp:804
  [5] RimEclipseResultDefinition::hasCategoryResult() const at ResInsight/ApplicationLibCode/ProjectDataModel/RimEclipseResultDefinition.cpp:1461
  [6] RimEclipseResultDefinitionTools::updateCellResultLegend(RimEclipseResultDefinition const*, RimRegularLegendConfig*, int, RimEclipseView*) at ResInsight/ApplicationLibCode/ProjectDataModel/RimEclipseResultDefinitionTools.cpp:540
  [7] RimEclipseResultDefinition::updateRangesForExplicitLegends(RimRegularLegendConfig*, RimTernaryLegendConfig*, int, RimEclipseView*) at ResInsight/ApplicationLibCode/ProjectDataModel/RimEclipseResultDefinition.cpp:1710
  [8] RimEclipseView::updateLegendRangesTextAndVisibility(RimRegularLegendConfig*, RimTernaryLegendConfig*, QString, RimEclipseResultDefinition*, int) at ResInsight/ApplicationLibCode/ProjectDataModel/RimEclipseView.cpp:1699
  [9] RimEclipseView::onUpdateLegends() at ResInsight/ApplicationLibCode/ProjectDataModel/RimEclipseView.cpp:1568
  [10] RimEclipseView::onUpdateDisplayModelForCurrentTimeStep() at ResInsight/ApplicationLibCode/ProjectDataModel/RimEclipseView.cpp:936
  [11] Rim3dView::updateDisplayModelForCurrentTimeStepAndRedraw() at ResInsight/ApplicationLibCode/ProjectDataModel/Rim3dView.cpp:673
  [12] RiuViewer::setCurrentFrame(int) at ResInsight/ApplicationLibCode/UserInterface/RiuViewer.cpp:1042
  [13] RimEclipseView::onCreateDisplayModel() at ResInsight/ApplicationLibCode/ProjectDataModel/RimEclipseView.cpp:849
  [14] Rim3dView::createDisplayModelAndRedraw() at ResInsight/ApplicationLibCode/ProjectDataModel/Rim3dView.cpp:718
  [15] RiaViewRedrawScheduler::updateAndRedrawScheduledViews() at ResInsight/ApplicationLibCode/Application/RiaViewRedrawScheduler.cpp:93
  [16]  at :0
  [17] QTimer::timeout(QTimer::QPrivateSignal) at :0
  [18] QObject::event(QEvent*) at :0
  [19] QApplicationPrivate::notify_helper(QObject*, QEvent*) at :0
  [20] RiaGuiApplication::notify(QObject*, QEvent*) at ResInsight/ApplicationLibCode/Application/RiaGuiApplication.cpp:1828
  [21] QCoreApplication::notifyInternal2(QObject*, QEvent*) at :0
  [22] QTimerInfoList::activateTimers() at :0
  [23]  at :0
  [24] g_main_context_dispatch at :0
  [25] g_main_context_iterate.isra.20 at :0
  [26] g_main_context_iteration at :0
  [27] QEventDispatcherGlib::processEvents(QFlags<QEventLoop::ProcessEventsFlag>) at :0
  [28] QEventLoop::exec(QFlags<QEventLoop::ProcessEventsFlag>) at :0
  [29] QCoreApplication::exec() at :0
  [30] main at ResInsight/ApplicationExeCode/RiaMain.cpp:267
  [31] __libc_start_main at :0
  [32] _start at :0
  [33]  at :0
"
2026-07-28T14:09:26.517Z,2026.06.1,"  [0] performCrashLogging at ResInsight/ApplicationExeCode/RiaMainTools.cpp:170
  [1] manageSegFailureSA(int, siginfo_t*, void*) at ResInsight/ApplicationExeCode/RiaMainTools.cpp:302
  [2]  at :0
  [3]  at :0
  [4] QComboBox::textActivated(QString const&) at :0
  [5]  at :0
  [6]  at :0
  [7]  at :0
  [8] QComboBoxPrivateContainer::itemSelected(QModelIndex const&) at :0
  [9] QComboBoxPrivateContainer::eventFilter(QObject*, QEvent*) at :0
  [10] QCoreApplicationPrivate::sendThroughObjectEventFilters(QObject*, QEvent*) at :0
  [11] QApplicationPrivate::notify_helper(QObject*, QEvent*) at :0
  [12] QApplication::notify(QObject*, QEvent*) at :0
  [13] RiaGuiApplication::notify(QObject*, QEvent*) at ResInsight/ApplicationLibCode/Application/RiaGuiApplication.cpp:1828
  [14] QCoreApplication::notifyInternal2(QObject*, QEvent*) at :0
  [15] QApplicationPrivate::sendMouseEvent(QWidget*, QMouseEvent*, QWidget*, QWidget*, QWidget**, QPointer<QWidget>&, bool, bool) at :0
  [16]  at :0
  [17]  at :0
  [18] QApplicationPrivate::notify_helper(QObject*, QEvent*) at :0
  [19] RiaGuiApplication::notify(QObject*, QEvent*) at ResInsight/ApplicationLibCode/Application/RiaGuiApplication.cpp:1828
  [20] QCoreApplication::notifyInternal2(QObject*, QEvent*) at :0
  [21] QGuiApplicationPrivate::processMouseEvent(QWindowSystemInterfacePrivate::MouseEvent*) at :0
  [22] QWindowSystemInterface::sendWindowSystemEvents(QFlags<QEventLoop::ProcessEventsFlag>) at :0
  [23]  at :0
  [24] g_main_context_dispatch at :0
  [25] g_main_context_iterate.isra.20 at :0
  [26] g_main_context_iteration at :0
  [27] QEventDispatcherGlib::processEvents(QFlags<QEventLoop::ProcessEventsFlag>) at :0
  [28] QEventLoop::exec(QFlags<QEventLoop::ProcessEventsFlag>) at :0
  [29] QCoreApplication::exec() at :0
  [30] main at ResInsight/ApplicationExeCode/RiaMain.cpp:267
  [31] __libc_start_main at :0
  [32] _start at :0
  [33]  at :0
"
2026-07-27T20:17:01.485Z,2026.06.1,"  [0] performCrashLogging at ResInsight/ApplicationExeCode/RiaMainTools.cpp:170
  [1] manageSegFailureSA(int, siginfo_t*, void*) at ResInsight/ApplicationExeCode/RiaMainTools.cpp:302
  [2]  at :0
  [3]  at :0
  [4] QComboBox::textActivated(QString const&) at :0
  [5]  at :0
  [6]  at :0
  [7]  at :0
  [8] QComboBoxPrivateContainer::itemSelected(QModelIndex const&) at :0
  [9] QComboBoxPrivateContainer::eventFilter(QObject*, QEvent*) at :0
  [10] QCoreApplicationPrivate::sendThroughObjectEventFilters(QObject*, QEvent*) at :0
  [11] QApplicationPrivate::notify_helper(QObject*, QEvent*) at :0
  [12] QApplication::notify(QObject*, QEvent*) at :0
  [13] RiaGuiApplication::notify(QObject*, QEvent*) at ResInsight/ApplicationLibCode/Application/RiaGuiApplication.cpp:1828
  [14] QCoreApplication::notifyInternal2(QObject*, QEvent*) at :0
  [15] QApplicationPrivate::sendMouseEvent(QWidget*, QMouseEvent*, QWidget*, QWidget*, QWidget**, QPointer<QWidget>&, bool, bool) at :0
  [16]  at :0
  [17]  at :0
  [18] QApplicationPrivate::notify_helper(QObject*, QEvent*) at :0
  [19] RiaGuiApplication::notify(QObject*, QEvent*) at ResInsight/ApplicationLibCode/Application/RiaGuiApplication.cpp:1828
  [20] QCoreApplication::notifyInternal2(QObject*, QEvent*) at :0
  [21] QGuiApplicationPrivate::processMouseEvent(QWindowSystemInterfacePrivate::MouseEvent*) at :0
  [22] QWindowSystemInterface::sendWindowSystemEvents(QFlags<QEventLoop::ProcessEventsFlag>) at :0
  [23]  at :0
  [24] g_main_context_dispatch at :0
  [25] g_main_context_iterate.isra.20 at :0
  [26] g_main_context_iteration at :0
  [27] QEventDispatcherGlib::processEvents(QFlags<QEventLoop::ProcessEventsFlag>) at :0
  [28] QEventLoop::exec(QFlags<QEventLoop::ProcessEventsFlag>) at :0
  [29] QCoreApplication::exec() at :0
  [30] main at ResInsight/ApplicationExeCode/RiaMain.cpp:267
  [31] __libc_start_main at :0
  [32] _start at :0
  [33]  at :0
"
2026-07-27T08:54:29.822Z,2026.06.1,"  [0] performCrashLogging at ResInsight/ApplicationExeCode/RiaMainTools.cpp:170
  [1] manageSegFailureSA(int, siginfo_t*, void*) at ResInsight/ApplicationExeCode/RiaMainTools.cpp:302
  [2]  at :0
  [3] QWidget::setFocus(Qt::FocusReason) at :0
  [4] QApplicationPrivate::giveFocusAccordingToFocusPolicy(QWidget*, QEvent*, QPoint) at :0
  [5] QApplication::notify(QObject*, QEvent*) at :0
  [6] RiaGuiApplication::notify(QObject*, QEvent*) at ResInsight/ApplicationLibCode/Application/RiaGuiApplication.cpp:1828
  [7] QCoreApplication::notifyInternal2(QObject*, QEvent*) at :0
  [8] QApplicationPrivate::sendMouseEvent(QWidget*, QMouseEvent*, QWidget*, QWidget*, QWidget**, QPointer<QWidget>&, bool, bool) at :0
  [9]  at :0
  [10]  at :0
  [11] QApplicationPrivate::notify_helper(QObject*, QEvent*) at :0
  [12] RiaGuiApplication::notify(QObject*, QEvent*) at ResInsight/ApplicationLibCode/Application/RiaGuiApplication.cpp:1828
  [13] QCoreApplication::notifyInternal2(QObject*, QEvent*) at :0
  [14] QGuiApplicationPrivate::processMouseEvent(QWindowSystemInterfacePrivate::MouseEvent*) at :0
  [15] QWindowSystemInterface::sendWindowSystemEvents(QFlags<QEventLoop::ProcessEventsFlag>) at :0
  [16]  at :0
  [17] g_main_context_dispatch at :0
  [18] g_main_context_iterate.isra.20 at :0
  [19] g_main_context_iteration at :0
  [20] QEventDispatcherGlib::processEvents(QFlags<QEventLoop::ProcessEventsFlag>) at :0
  [21] QEventLoop::exec(QFlags<QEventLoop::ProcessEventsFlag>) at :0
  [22] QCoreApplication::exec() at :0
  [23] main at ResInsight/ApplicationExeCode/RiaMain.cpp:267
  [24] __libc_start_main at :0
  [25] _start at :0
  [26]  at :0
"
2026-07-27T08:28:47.855Z,2026.06.1,"  [0] performCrashLogging at ResInsight/ApplicationExeCode/RiaMainTools.cpp:170
  [1] manageSegFailureSA(int, siginfo_t*, void*) at ResInsight/ApplicationExeCode/RiaMainTools.cpp:302
  [2]  at :0
  [3] ecl_grid_alloc_EGRID_all_grids at ResInsight/ThirdParty/Ert/lib/ecl/ecl_grid.cpp:3200
  [4] RifReaderEclipseOutput::loadAllGrids() const at ResInsight/ApplicationLibCode/FileInterface/RifReaderEclipseOutput.cpp:1165
  [5] RifReaderEclipseOutput::open(QString const&, RigEclipseCaseData*) at ResInsight/ApplicationLibCode/FileInterface/RifReaderEclipseOutput.cpp:393
  [6] RimEclipseResultCase::importGridAndResultMetaData(bool) at ResInsight/ApplicationLibCode/ProjectDataModel/RimEclipseResultCase.cpp:259
  [7] RimEclipseCase::openReservoirCase() at ResInsight/ApplicationLibCode/ProjectDataModel/RimEclipseCase.cpp:1125
  [8] RimEclipseView::onLoadDataAndUpdate() at ResInsight/ApplicationLibCode/ProjectDataModel/RimEclipseView.cpp:1248
  [9] RimViewWindow::loadDataAndUpdate() at ResInsight/ApplicationLibCode/ProjectDataModel/RimViewWindow.cpp:90
  [10] RiaApplication::loadProject(QString const&, RiaApplication::ProjectLoadAction, RiaProjectModifier*) at ResInsight/ApplicationLibCode/Application/RiaApplication.cpp:803
  [11] RiaApplication::openFile(QString const&) at ResInsight/ApplicationLibCode/Application/RiaApplication.cpp:420
  [12] RiuRecentFileActionProvider::slotOpenRecentFile() at ResInsight/ApplicationLibCode/UserInterface/RiuRecentFileActionProvider.cpp:149
  [13]  at :0
  [14] QAction::triggered(bool) at :0
  [15] QAction::activate(QAction::ActionEvent) at :0
  [16]  at :0
  [17]  at :0
  [18] QWidget::event(QEvent*) at :0
  [19] QApplicationPrivate::notify_helper(QObject*, QEvent*) at :0
  [20] QApplication::notify(QObject*, QEvent*) at :0
  [21] RiaGuiApplication::notify(QObject*, QEvent*) at ResInsight/ApplicationLibCode/Application/RiaGuiApplication.cpp:1828
  [22] QCoreApplication::notifyInternal2(QObject*, QEvent*) at :0
  [23] QApplicationPrivate::sendMouseEvent(QWidget*, QMouseEvent*, QWidget*, QWidget*, QWidget**, QPointer<QWidget>&, bool, bool) at :0
  [24]  at :0
  [25]  at :0
  [26] QApplicationPrivate::notify_helper(QObject*, QEvent*) at :0
  [27] RiaGuiApplication::notify(QObject*, QEvent*) at ResInsight/ApplicationLibCode/Application/RiaGuiApplication.cpp:1828
  [28] QCoreApplication::notifyInternal2(QObject*, QEvent*) at :0
  [29] QGuiApplicationPrivate::processMouseEvent(QWindowSystemInterfacePrivate::MouseEvent*) at :0
  [30] QWindowSystemInterface::sendWindowSystemEvents(QFlags<QEventLoop::ProcessEventsFlag>) at :0
  [31]  at :0
  [32] g_main_context_dispatch at :0
  [33] g_main_context_iterate.isra.20 at :0
  [34] g_main_context_iteration at :0
  [35] QEventDispatcherGlib::processEvents(QFlags<QEventLoop::ProcessEventsFlag>) at :0
  [36] QEventLoop::exec(QFlags<QEventLoop::ProcessEventsFlag>) at :0
  [37] QCoreApplication::exec() at :0
  [38] main at ResInsight/ApplicationExeCode/RiaMain.cpp:267
  [39] __libc_start_main at :0
  [40] _start at :0
  [41]  at :0
"
2026-07-27T07:29:24.415Z,2026.06.1,"  [0] performCrashLogging at ResInsight/ApplicationExeCode/RiaMainTools.cpp:170
  [1] manageSegFailureSA(int, siginfo_t*, void*) at ResInsight/ApplicationExeCode/RiaMainTools.cpp:302
  [2]  at :0
  [3] __GI_raise at :0
  [4] __GI_abort at :0
  [5] caf::PdmUiEditorHandle::updateUi(QString const&) at ResInsight/Fwk/AppFwk/cafProjectDataModel/cafPdmUiCore/cafPdmUiEditorHandle.cpp:65
  [6] caf::PdmUiPropertyView::showProperties(caf::PdmObjectHandle*) at ResInsight/Fwk/AppFwk/cafUserInterface/cafPdmUiPropertyView.cpp:213
  [7] RiuMainWindow::selectedObjectsChanged() at ResInsight/ApplicationLibCode/UserInterface/RiuMainWindow.cpp:1539
  [8]  at :0
  [9] caf::PdmUiTreeView::slotOnSelectionChanged() at ResInsight/Fwk/AppFwk/cafUserInterface/cafPdmUiTreeView.cpp:154
  [10]  at :0
  [11]  at :0
  [12] QItemSelectionModel::selectionChanged(QItemSelection const&, QItemSelection const&) at :0
  [13] QItemSelectionModel::emitSelectionChanged(QItemSelection const&, QItemSelection const&) at :0
  [14] QItemSelectionModel::select(QItemSelection const&, QFlags<QItemSelectionModel::SelectionFlag>) at :0
  [15] QItemSelectionModel::select(QModelIndex const&, QFlags<QItemSelectionModel::SelectionFlag>) at :0
  [16] QItemSelectionModel::setCurrentIndex(QModelIndex const&, QFlags<QItemSelectionModel::SelectionFlag>) at :0
  [17] QAbstractItemView::setCurrentIndex(QModelIndex const&) at :0
  [18] RiuMainWindow::selectViewInProjectTreePreservingSubItemSelection(Rim3dView const*, Rim3dView*) at ResInsight/ApplicationLibCode/UserInterface/RiuMainWindow.cpp:1478
  [19] RiuMainWindow::slotSubWindowActivated(QMdiSubWindow*) at ResInsight/ApplicationLibCode/UserInterface/RiuMainWindow.cpp:1399
  [20]  at :0
  [21] QMdiArea::subWindowActivated(QMdiSubWindow*) at :0
  [22]  at :0
  [23]  at :0
  [24]  at :0
  [25] QMdiSubWindow::windowStateChanged(QFlags<Qt::WindowState>, QFlags<Qt::WindowState>) at :0
  [26]  at :0
  [27]  at :0
  [28] QApplication::focusChanged(QWidget*, QWidget*) at :0
  [29] QWidget::setFocus(Qt::FocusReason) at :0
  [30] QApplicationPrivate::giveFocusAccordingToFocusPolicy(QWidget*, QEvent*, QPoint) at :0
  [31] QApplication::notify(QObject*, QEvent*) at :0
  [32] RiaGuiApplication::notify(QObject*, QEvent*) at ResInsight/ApplicationLibCode/Application/RiaGuiApplication.cpp:1828
  [33] QCoreApplication::notifyInternal2(QObject*, QEvent*) at :0
  [34] QApplicationPrivate::sendMouseEvent(QWidget*, QMouseEvent*, QWidget*, QWidget*, QWidget**, QPointer<QWidget>&, bool, bool) at :0
  [35]  at :0
  [36]  at :0
  [37] QApplicationPrivate::notify_helper(QObject*, QEvent*) at :0
  [38] RiaGuiApplication::notify(QObject*, QEvent*) at ResInsight/ApplicationLibCode/Application/RiaGuiApplication.cpp:1828
  [39] QCoreApplication::notifyInternal2(QObject*, QEvent*) at :0
  [40] QGuiApplicationPrivate::processMouseEvent(QWindowSystemInterfacePrivate::MouseEvent*) at :0
  [41] QWindowSystemInterface::sendWindowSystemEvents(QFlags<QEventLoop::ProcessEventsFlag>) at :0
  [42]  at :0
  [43] g_main_context_dispatch at :0
  [44] g_main_context_iterate.isra.20 at :0
  [45] g_main_context_iteration at :0
  [46] QEventDispatcherGlib::processEvents(QFlags<QEventLoop::ProcessEventsFlag>) at :0
  [47] QEventLoop::exec(QFlags<QEventLoop::ProcessEventsFlag>) at :0
  [48] QCoreApplication::exec() at :0
  [49] main at ResInsight/ApplicationExeCode/RiaMain.cpp:267
  [50] __libc_start_main at :0
  [51] _start at :0
  [52]  at :0
"
2026-07-26T20:35:01.06Z,2026.06.1,"  [0] performCrashLogging at ResInsight/ApplicationExeCode/RiaMainTools.cpp:170
  [1] manageSegFailureSA(int, siginfo_t*, void*) at ResInsight/ApplicationExeCode/RiaMainTools.cpp:302
  [2]  at :0
  [3]  at :0
  [4] QComboBox::textActivated(QString const&) at :0
  [5]  at :0
  [6]  at :0
  [7]  at :0
  [8] QComboBoxPrivateContainer::itemSelected(QModelIndex const&) at :0
  [9] QComboBoxPrivateContainer::eventFilter(QObject*, QEvent*) at :0
  [10] QCoreApplicationPrivate::sendThroughObjectEventFilters(QObject*, QEvent*) at :0
  [11] QApplicationPrivate::notify_helper(QObject*, QEvent*) at :0
  [12] QApplication::notify(QObject*, QEvent*) at :0
  [13] RiaGuiApplication::notify(QObject*, QEvent*) at ResInsight/ApplicationLibCode/Application/RiaGuiApplication.cpp:1828
  [14] QCoreApplication::notifyInternal2(QObject*, QEvent*) at :0
  [15] QApplicationPrivate::sendMouseEvent(QWidget*, QMouseEvent*, QWidget*, QWidget*, QWidget**, QPointer<QWidget>&, bool, bool) at :0
  [16]  at :0
  [17]  at :0
  [18] QApplicationPrivate::notify_helper(QObject*, QEvent*) at :0
  [19] RiaGuiApplication::notify(QObject*, QEvent*) at ResInsight/ApplicationLibCode/Application/RiaGuiApplication.cpp:1828
  [20] QCoreApplication::notifyInternal2(QObject*, QEvent*) at :0
  [21] QGuiApplicationPrivate::processMouseEvent(QWindowSystemInterfacePrivate::MouseEvent*) at :0
  [22] QWindowSystemInterface::sendWindowSystemEvents(QFlags<QEventLoop::ProcessEventsFlag>) at :0
  [23]  at :0
  [24] g_main_context_dispatch at :0
  [25] g_main_context_iterate.isra.20 at :0
  [26] g_main_context_iteration at :0
  [27] QEventDispatcherGlib::processEvents(QFlags<QEventLoop::ProcessEventsFlag>) at :0
  [28] QEventLoop::exec(QFlags<QEventLoop::ProcessEventsFlag>) at :0
  [29] QCoreApplication::exec() at :0
  [30] main at ResInsight/ApplicationExeCode/RiaMain.cpp:267
  [31] __libc_start_main at :0
  [32] _start at :0
  [33]  at :0
"
2026-07-26T20:13:21.197Z,2026.06.1,"  [0] performCrashLogging at ResInsight/ApplicationExeCode/RiaMainTools.cpp:170
  [1] manageSegFailureSA(int, siginfo_t*, void*) at ResInsight/ApplicationExeCode/RiaMainTools.cpp:302
  [2]  at :0
  [3]  at :0
  [4] QComboBox::textActivated(QString const&) at :0
  [5]  at :0
  [6]  at :0
  [7]  at :0
  [8] QComboBoxPrivateContainer::itemSelected(QModelIndex const&) at :0
  [9] QComboBoxPrivateContainer::eventFilter(QObject*, QEvent*) at :0
  [10] QCoreApplicationPrivate::sendThroughObjectEventFilters(QObject*, QEvent*) at :0
  [11] QApplicationPrivate::notify_helper(QObject*, QEvent*) at :0
  [12] QApplication::notify(QObject*, QEvent*) at :0
  [13] RiaGuiApplication::notify(QObject*, QEvent*) at ResInsight/ApplicationLibCode/Application/RiaGuiApplication.cpp:1828
  [14] QCoreApplication::notifyInternal2(QObject*, QEvent*) at :0
  [15] QApplicationPrivate::sendMouseEvent(QWidget*, QMouseEvent*, QWidget*, QWidget*, QWidget**, QPointer<QWidget>&, bool, bool) at :0
  [16]  at :0
  [17]  at :0
  [18] QApplicationPrivate::notify_helper(QObject*, QEvent*) at :0
  [19] RiaGuiApplication::notify(QObject*, QEvent*) at ResInsight/ApplicationLibCode/Application/RiaGuiApplication.cpp:1828
  [20] QCoreApplication::notifyInternal2(QObject*, QEvent*) at :0
  [21] QGuiApplicationPrivate::processMouseEvent(QWindowSystemInterfacePrivate::MouseEvent*) at :0
  [22] QWindowSystemInterface::sendWindowSystemEvents(QFlags<QEventLoop::ProcessEventsFlag>) at :0
  [23]  at :0
  [24] g_main_context_dispatch at :0
  [25] g_main_context_iterate.isra.20 at :0
  [26] g_main_context_iteration at :0
  [27] QEventDispatcherGlib::processEvents(QFlags<QEventLoop::ProcessEventsFlag>) at :0
  [28] QEventLoop::exec(QFlags<QEventLoop::ProcessEventsFlag>) at :0
  [29] QCoreApplication::exec() at :0
  [30] main at ResInsight/ApplicationExeCode/RiaMain.cpp:267
  [31] __libc_start_main at :0
  [32] _start at :0
  [33]  at :0
"
2026-07-26T17:14:00.533Z,2026.06.1,"  [0] performCrashLogging at ResInsight/ApplicationExeCode/RiaMainTools.cpp:170
  [1] manageSegFailureSA(int, siginfo_t*, void*) at ResInsight/ApplicationExeCode/RiaMainTools.cpp:302
  [2]  at :0
  [3] QWidgetPrivate::shouldPaintOnScreen() const at :0
  [4] QWidgetRepaintManager::markNeedsFlush(QWidget*, QRegion const&, QPoint const&) at :0
  [5] QWidgetPrivate::drawWidget(QPaintDevice*, QRegion const&, QPoint const&, QFlags<QWidgetPrivate::DrawWidgetFlag>, QPainter*, QWidgetRepaintManager*) at :0
  [6] QWidgetPrivate::paintSiblingsRecursive(QPaintDevice*, QList<QObject*> const&, int, QRegion const&, QPoint const&, QFlags<QWidgetPrivate::DrawWidgetFlag>, QPainter*, QWidgetRepaintManager*) at :0
  [7] QWidgetPrivate::drawWidget(QPaintDevice*, QRegion const&, QPoint const&, QFlags<QWidgetPrivate::DrawWidgetFlag>, QPainter*, QWidgetRepaintManager*) at :0
  [8] QWidgetPrivate::paintSiblingsRecursive(QPaintDevice*, QList<QObject*> const&, int, QRegion const&, QPoint const&, QFlags<QWidgetPrivate::DrawWidgetFlag>, QPainter*, QWidgetRepaintManager*) at :0
  [9] QWidgetPrivate::drawWidget(QPaintDevice*, QRegion const&, QPoint const&, QFlags<QWidgetPrivate::DrawWidgetFlag>, QPainter*, QWidgetRepaintManager*) at :0
  [10] QWidgetPrivate::paintSiblingsRecursive(QPaintDevice*, QList<QObject*> const&, int, QRegion const&, QPoint const&, QFlags<QWidgetPrivate::DrawWidgetFlag>, QPainter*, QWidgetRepaintManager*) at :0
  [11] QWidgetPrivate::drawWidget(QPaintDevice*, QRegion const&, QPoint const&, QFlags<QWidgetPrivate::DrawWidgetFlag>, QPainter*, QWidgetRepaintManager*) at :0
  [12] QWidgetPrivate::paintSiblingsRecursive(QPaintDevice*, QList<QObject*> const&, int, QRegion const&, QPoint const&, QFlags<QWidgetPrivate::DrawWidgetFlag>, QPainter*, QWidgetRepaintManager*) at :0
  [13] QWidgetPrivate::paintSiblingsRecursive(QPaintDevice*, QList<QObject*> const&, int, QRegion const&, QPoint const&, QFlags<QWidgetPrivate::DrawWidgetFlag>, QPainter*, QWidgetRepaintManager*) at :0
  [14] QWidgetPrivate::paintSiblingsRecursive(QPaintDevice*, QList<QObject*> const&, int, QRegion const&, QPoint const&, QFlags<QWidgetPrivate::DrawWidgetFlag>, QPainter*, QWidgetRepaintManager*) at :0
  [15] QWidgetPrivate::drawWidget(QPaintDevice*, QRegion const&, QPoint const&, QFlags<QWidgetPrivate::DrawWidgetFlag>, QPainter*, QWidgetRepaintManager*) at :0
  [16] QWidgetPrivate::paintSiblingsRecursive(QPaintDevice*, QList<QObject*> const&, int, QRegion const&, QPoint const&, QFlags<QWidgetPrivate::DrawWidgetFlag>, QPainter*, QWidgetRepaintManager*) at :0
  [17] QWidgetPrivate::drawWidget(QPaintDevice*, QRegion const&, QPoint const&, QFlags<QWidgetPrivate::DrawWidgetFlag>, QPainter*, QWidgetRepaintManager*) at :0
  [18] QWidgetPrivate::paintSiblingsRecursive(QPaintDevice*, QList<QObject*> const&, int, QRegion const&, QPoint const&, QFlags<QWidgetPrivate::DrawWidgetFlag>, QPainter*, QWidgetRepaintManager*) at :0
  [19] QWidgetPrivate::drawWidget(QPaintDevice*, QRegion const&, QPoint const&, QFlags<QWidgetPrivate::DrawWidgetFlag>, QPainter*, QWidgetRepaintManager*) at :0
  [20] QWidgetPrivate::paintSiblingsRecursive(QPaintDevice*, QList<QObject*> const&, int, QRegion const&, QPoint const&, QFlags<QWidgetPrivate::DrawWidgetFlag>, QPainter*, QWidgetRepaintManager*) at :0
  [21] QWidgetPrivate::drawWidget(QPaintDevice*, QRegion const&, QPoint const&, QFlags<QWidgetPrivate::DrawWidgetFlag>, QPainter*, QWidgetRepaintManager*) at :0
  [22] QWidgetPrivate::paintSiblingsRecursive(QPaintDevice*, QList<QObject*> const&, int, QRegion const&, QPoint const&, QFlags<QWidgetPrivate::DrawWidgetFlag>, QPainter*, QWidgetRepaintManager*) at :0
  [23] QWidgetPrivate::drawWidget(QPaintDevice*, QRegion const&, QPoint const&, QFlags<QWidgetPrivate::DrawWidgetFlag>, QPainter*, QWidgetRepaintManager*) at :0
  [24] QWidgetPrivate::paintSiblingsRecursive(QPaintDevice*, QList<QObject*> const&, int, QRegion const&, QPoint const&, QFlags<QWidgetPrivate::DrawWidgetFlag>, QPainter*, QWidgetRepaintManager*) at :0
  [25] QWidgetPrivate::drawWidget(QPaintDevice*, QRegion const&, QPoint const&, QFlags<QWidgetPrivate::DrawWidgetFlag>, QPainter*, QWidgetRepaintManager*) at :0
  [26] QWidgetPrivate::paintSiblingsRecursive(QPaintDevice*, QList<QObject*> const&, int, QRegion const&, QPoint const&, QFlags<QWidgetPrivate::DrawWidgetFlag>, QPainter*, QWidgetRepaintManager*) at :0
  [27] QWidgetPrivate::drawWidget(QPaintDevice*, QRegion const&, QPoint const&, QFlags<QWidgetPrivate::DrawWidgetFlag>, QPainter*, QWidgetRepaintManager*) at :0
  [28] QWidgetPrivate::paintSiblingsRecursive(QPaintDevice*, QList<QObject*> const&, int, QRegion const&, QPoint const&, QFlags<QWidgetPrivate::DrawWidgetFlag>, QPainter*, QWidgetRepaintManager*) at :0
  [29] QWidgetPrivate::drawWidget(QPaintDevice*, QRegion const&, QPoint const&, QFlags<QWidgetPrivate::DrawWidgetFlag>, QPainter*, QWidgetRepaintManager*) at :0
  [30] QWidgetPrivate::paintSiblingsRecursive(QPaintDevice*, QList<QObject*> const&, int, QRegion const&, QPoint const&, QFlags<QWidgetPrivate::DrawWidgetFlag>, QPainter*, QWidgetRepaintManager*) at :0
  [31] QWidgetPrivate::drawWidget(QPaintDevice*, QRegion const&, QPoint const&, QFlags<QWidgetPrivate::DrawWidgetFlag>, QPainter*, QWidgetRepaintManager*) at :0
  [32] QWidgetPrivate::paintSiblingsRecursive(QPaintDevice*, QList<QObject*> const&, int, QRegion const&, QPoint const&, QFlags<QWidgetPrivate::DrawWidgetFlag>, QPainter*, QWidgetRepaintManager*) at :0
  [33] QWidgetPrivate::drawWidget(QPaintDevice*, QRegion const&, QPoint const&, QFlags<QWidgetPrivate::DrawWidgetFlag>, QPainter*, QWidgetRepaintManager*) at :0
  [34] QWidgetPrivate::paintSiblingsRecursive(QPaintDevice*, QList<QObject*> const&, int, QRegion const&, QPoint const&, QFlags<QWidgetPrivate::DrawWidgetFlag>, QPainter*, QWidgetRepaintManager*) at :0
  [35] QWidgetPrivate::drawWidget(QPaintDevice*, QRegion const&, QPoint const&, QFlags<QWidgetPrivate::DrawWidgetFlag>, QPainter*, QWidgetRepaintManager*) at :0
  [36] QWidgetPrivate::paintSiblingsRecursive(QPaintDevice*, QList<QObject*> const&, int, QRegion const&, QPoint const&, QFlags<QWidgetPrivate::DrawWidgetFlag>, QPainter*, QWidgetRepaintManager*) at :0
  [37] QWidgetPrivate::paintSiblingsRecursive(QPaintDevice*, QList<QObject*> const&, int, QRegion const&, QPoint const&, QFlags<QWidgetPrivate::DrawWidgetFlag>, QPainter*, QWidgetRepaintManager*) at :0
  [38] QWidgetPrivate::paintSiblingsRecursive(QPaintDevice*, QList<QObject*> const&, int, QRegion const&, QPoint const&, QFlags<QWidgetPrivate::DrawWidgetFlag>, QPainter*, QWidgetRepaintManager*) at :0
  [39] QWidgetPrivate::drawWidget(QPaintDevice*, QRegion const&, QPoint const&, QFlags<QWidgetPrivate::DrawWidgetFlag>, QPainter*, QWidgetRepaintManager*) at :0
  [40] QWidgetPrivate::paintSiblingsRecursive(QPaintDevice*, QList<QObject*> const&, int, QRegion const&, QPoint const&, QFlags<QWidgetPrivate::DrawWidgetFlag>, QPainter*, QWidgetRepaintManager*) at :0
  [41] QWidgetPrivate::drawWidget(QPaintDevice*, QRegion const&, QPoint const&, QFlags<QWidgetPrivate::DrawWidgetFlag>, QPainter*, QWidgetRepaintManager*) at :0
  [42] QWidgetPrivate::paintSiblingsRecursive(QPaintDevice*, QList<QObject*> const&, int, QRegion const&, QPoint const&, QFlags<QWidgetPrivate::DrawWidgetFlag>, QPainter*, QWidgetRepaintManager*) at :0
  [43] QWidgetPrivate::drawWidget(QPaintDevice*, QRegion const&, QPoint const&, QFlags<QWidgetPrivate::DrawWidgetFlag>, QPainter*, QWidgetRepaintManager*) at :0
  [44] QWidgetRepaintManager::paintAndFlush() at :0
  [45] QWidget::event(QEvent*) at :0
  [46] QApplicationPrivate::notify_helper(QObject*, QEvent*) at :0
  [47] RiaGuiApplication::notify(QObject*, QEvent*) at ResInsight/ApplicationLibCode/Application/RiaGuiApplication.cpp:1828
  [48] QCoreApplication::notifyInternal2(QObject*, QEvent*) at :0
  [49] QCoreApplicationPrivate::sendPostedEvents(QObject*, int, QThreadData*) at :0
  [50]  at :0
  [51] g_main_context_dispatch at :0
  [52] g_main_context_iterate.isra.20 at :0
  [53] g_main_context_iteration at :0
  [54] QEventDispatcherGlib::processEvents(QFlags<QEventLoop::ProcessEventsFlag>) at :0
  [55] QEventLoop::exec(QFlags<QEventLoop::ProcessEventsFlag>) at :0
  [56] QCoreApplication::exec() at :0
  [57] main at ResInsight/ApplicationExeCode/RiaMain.cpp:267
  [58] __libc_start_main at :0
  [59] _start at :0
  [60]  at :0
"
2026-07-23T16:48:31.425Z,2026.06.1,"  [0] performCrashLogging at ResInsight/ApplicationExeCode/RiaMainTools.cpp:170
  [1] manageSegFailureSA(int, siginfo_t*, void*) at ResInsight/ApplicationExeCode/RiaMainTools.cpp:302
  [2]  at :0
  [3]  at :0
  [4] QComboBox::textActivated(QString const&) at :0
  [5]  at :0
  [6]  at :0
  [7]  at :0
  [8] QComboBoxPrivateContainer::itemSelected(QModelIndex const&) at :0
  [9] QComboBoxPrivateContainer::eventFilter(QObject*, QEvent*) at :0
  [10] QCoreApplicationPrivate::sendThroughObjectEventFilters(QObject*, QEvent*) at :0
  [11] QApplicationPrivate::notify_helper(QObject*, QEvent*) at :0
  [12] QApplication::notify(QObject*, QEvent*) at :0
  [13] RiaGuiApplication::notify(QObject*, QEvent*) at ResInsight/ApplicationLibCode/Application/RiaGuiApplication.cpp:1828
  [14] QCoreApplication::notifyInternal2(QObject*, QEvent*) at :0
  [15] QApplicationPrivate::sendMouseEvent(QWidget*, QMouseEvent*, QWidget*, QWidget*, QWidget**, QPointer<QWidget>&, bool, bool) at :0
  [16]  at :0
  [17]  at :0
  [18] QApplicationPrivate::notify_helper(QObject*, QEvent*) at :0
  [19] RiaGuiApplication::notify(QObject*, QEvent*) at ResInsight/ApplicationLibCode/Application/RiaGuiApplication.cpp:1828
  [20] QCoreApplication::notifyInternal2(QObject*, QEvent*) at :0
  [21] QGuiApplicationPrivate::processMouseEvent(QWindowSystemInterfacePrivate::MouseEvent*) at :0
  [22] QWindowSystemInterface::sendWindowSystemEvents(QFlags<QEventLoop::ProcessEventsFlag>) at :0
  [23]  at :0
  [24] g_main_context_dispatch at :0
  [25] g_main_context_iterate.isra.20 at :0
  [26] g_main_context_iteration at :0
  [27] QEventDispatcherGlib::processEvents(QFlags<QEventLoop::ProcessEventsFlag>) at :0
  [28] QEventLoop::exec(QFlags<QEventLoop::ProcessEventsFlag>) at :0
  [29] QCoreApplication::exec() at :0
  [30] main at ResInsight/ApplicationExeCode/RiaMain.cpp:267
  [31] __libc_start_main at :0
  [32] _start at :0
  [33]  at :0
"
2026-07-23T16:40:51.484Z,2026.06.1,"  [0] performCrashLogging at ResInsight/ApplicationExeCode/RiaMainTools.cpp:170
  [1] manageSegFailureSA(int, siginfo_t*, void*) at ResInsight/ApplicationExeCode/RiaMainTools.cpp:302
  [2]  at :0
  [3]  at :0
  [4] QComboBox::textActivated(QString const&) at :0
  [5]  at :0
  [6]  at :0
  [7]  at :0
  [8] QComboBoxPrivateContainer::itemSelected(QModelIndex const&) at :0
  [9] QComboBoxPrivateContainer::eventFilter(QObject*, QEvent*) at :0
  [10] QCoreApplicationPrivate::sendThroughObjectEventFilters(QObject*, QEvent*) at :0
  [11] QApplicationPrivate::notify_helper(QObject*, QEvent*) at :0
  [12] QApplication::notify(QObject*, QEvent*) at :0
  [13] RiaGuiApplication::notify(QObject*, QEvent*) at ResInsight/ApplicationLibCode/Application/RiaGuiApplication.cpp:1828
  [14] QCoreApplication::notifyInternal2(QObject*, QEvent*) at :0
  [15] QApplicationPrivate::sendMouseEvent(QWidget*, QMouseEvent*, QWidget*, QWidget*, QWidget**, QPointer<QWidget>&, bool, bool) at :0
  [16]  at :0
  [17]  at :0
  [18] QApplicationPrivate::notify_helper(QObject*, QEvent*) at :0
  [19] RiaGuiApplication::notify(QObject*, QEvent*) at ResInsight/ApplicationLibCode/Application/RiaGuiApplication.cpp:1828
  [20] QCoreApplication::notifyInternal2(QObject*, QEvent*) at :0
  [21] QGuiApplicationPrivate::processMouseEvent(QWindowSystemInterfacePrivate::MouseEvent*) at :0
  [22] QWindowSystemInterface::sendWindowSystemEvents(QFlags<QEventLoop::ProcessEventsFlag>) at :0
  [23]  at :0
  [24] g_main_context_dispatch at :0
  [25] g_main_context_iterate.isra.20 at :0
  [26] g_main_context_iteration at :0
  [27] QEventDispatcherGlib::processEvents(QFlags<QEventLoop::ProcessEventsFlag>) at :0
  [28] QEventLoop::exec(QFlags<QEventLoop::ProcessEventsFlag>) at :0
  [29] QCoreApplication::exec() at :0
  [30] main at ResInsight/ApplicationExeCode/RiaMain.cpp:267
  [31] __libc_start_main at :0
  [32] _start at :0
  [33]  at :0
"
2026-07-23T11:16:58.616Z,2026.06.1,"  [0] performCrashLogging at ResInsight/ApplicationExeCode/RiaMainTools.cpp:170
  [1] manageSegFailureSA(int, siginfo_t*, void*) at ResInsight/ApplicationExeCode/RiaMainTools.cpp:302
  [2]  at :0
  [3] __GI_raise at :0
  [4] __GI_abort at :0
  [5] manageTerminate() at ResInsight/ApplicationExeCode/RiaMainTools.cpp:241
  [6] __cxxabiv1::__terminate(void (*)()) at :0
  [7] __cxa_call_terminate at :0
  [8] __gxx_personality_v0 at :0
  [9] _Unwind_RaiseException_Phase2 at :0
  [10] _Unwind_Resume at :0
  [11]  at :0
  [12] ddb_UpgradeOdb::Finalize() at :0
  [13] SMAOdbDdb_finalize(int&) at :0
  [14] SMAOdbCore_finalize(int&) at :0
  [15] RifOdbReader::~RifOdbReader() at ResInsight/ApplicationLibCode/GeoMech/OdbReader/RifOdbReader.cpp:126
  [16] RifOdbReader::~RifOdbReader() at ResInsight/ApplicationLibCode/GeoMech/OdbReader/RifOdbReader.cpp:128
  [17] cvf::ref<RifGeoMechReaderInterface>::~ref() at ResInsight/Fwk/VizFwk/LibCore/cvfObject.inl:195
  [18] RigFemPartResultsCollection::~RigFemPartResultsCollection() at ResInsight/ApplicationLibCode/GeoMech/GeoMechDataModel/RigFemPartResultsCollection.cpp:211
  [19] cvf::ref<RigFemPartResultsCollection>::~ref() at ResInsight/Fwk/VizFwk/LibCore/cvfObject.inl:195
  [20] RigGeoMechCaseData::~RigGeoMechCaseData() at ResInsight/ApplicationLibCode/GeoMech/GeoMechDataModel/RigGeoMechCaseData.cpp:56
  [21] cvf::ref<RigGeoMechCaseData>::~ref() at ResInsight/Fwk/VizFwk/LibCore/cvfObject.inl:195
  [22] RimGeoMechCase::~RimGeoMechCase() at ResInsight/ApplicationLibCode/ProjectDataModel/GeoMech/RimGeoMechCase.cpp:177
  [23] caf::PdmChildArrayField<RimGeoMechCase*>::deleteChildren() at ResInsight/Fwk/AppFwk/cafProjectDataModel/cafPdmCore/cafPdmChildArrayField.inl:181
  [24] caf::PdmChildArrayField<RimGeoMechCase*>::~PdmChildArrayField() at ResInsight/Fwk/AppFwk/cafProjectDataModel/cafPdmCore/cafPdmChildArrayField.inl:17
  [25] RimGeoMechModels::~RimGeoMechModels() at ResInsight/ApplicationLibCode/ProjectDataModel/GeoMech/RimGeoMechModels.cpp:48
  [26] RimGeoMechModels::~RimGeoMechModels() at ResInsight/ApplicationLibCode/ProjectDataModel/GeoMech/RimGeoMechModels.cpp:48
  [27] caf::PdmChildField<RimGeoMechModels*>::~PdmChildField() at ResInsight/Fwk/AppFwk/cafProjectDataModel/cafPdmCore/cafPdmChildField.inl:80
  [28] RimOilField::~RimOilField() at ResInsight/ApplicationLibCode/ProjectDataModel/RimOilField.cpp:112
  [29] caf::PdmChildArrayField<RimOilField*>::deleteChildren() at ResInsight/Fwk/AppFwk/cafProjectDataModel/cafPdmCore/cafPdmChildArrayField.inl:181
  [30] RimProject::close() at ResInsight/ApplicationLibCode/ProjectDataModel/RimProject.cpp:250
  [31] RiaApplication::closeProject() at ResInsight/ApplicationLibCode/Application/RiaApplication.cpp:1042
  [32] RiaGuiApplication::onLastWindowClosed() at ResInsight/ApplicationLibCode/Application/RiaGuiApplication.cpp:1746
  [33]  at :0
  [34] QGuiApplicationPrivate::maybeLastWindowClosed() at :0
  [35] QWindow::event(QEvent*) at :0
  [36] QApplicationPrivate::notify_helper(QObject*, QEvent*) at :0
  [37] RiaGuiApplication::notify(QObject*, QEvent*) at ResInsight/ApplicationLibCode/Application/RiaGuiApplication.cpp:1828
  [38] QCoreApplication::notifyInternal2(QObject*, QEvent*) at :0
  [39] QGuiApplicationPrivate::processCloseEvent(QWindowSystemInterfacePrivate::CloseEvent*) at :0
  [40] QWindowSystemInterface::sendWindowSystemEvents(QFlags<QEventLoop::ProcessEventsFlag>) at :0
  [41]  at :0
  [42] g_main_context_dispatch at :0
  [43] g_main_context_iterate.isra.20 at :0
  [44] g_main_context_iteration at :0
  [45] QEventDispatcherGlib::processEvents(QFlags<QEventLoop::ProcessEventsFlag>) at :0
  [46] QEventLoop::exec(QFlags<QEventLoop::ProcessEventsFlag>) at :0
  [47] QCoreApplication::exec() at :0
  [48] main at ResInsight/ApplicationExeCode/RiaMain.cpp:267
  [49] __libc_start_main at :0
  [50] _start at :0
  [51]  at :0
"
2026-07-23T11:16:58.287Z,2026.06.1,"  [0] performCrashLogging at ResInsight/ApplicationExeCode/RiaMainTools.cpp:170
  [1] manageTerminate() at ResInsight/ApplicationExeCode/RiaMainTools.cpp:239
  [2] __cxxabiv1::__terminate(void (*)()) at :0
  [3] __cxa_call_terminate at :0
  [4] __gxx_personality_v0 at :0
  [5] _Unwind_RaiseException_Phase2 at :0
  [6] _Unwind_Resume at :0
  [7]  at :0
  [8] ddb_UpgradeOdb::Finalize() at :0
  [9] SMAOdbDdb_finalize(int&) at :0
  [10] SMAOdbCore_finalize(int&) at :0
  [11] RifOdbReader::~RifOdbReader() at ResInsight/ApplicationLibCode/GeoMech/OdbReader/RifOdbReader.cpp:126
  [12] RifOdbReader::~RifOdbReader() at ResInsight/ApplicationLibCode/GeoMech/OdbReader/RifOdbReader.cpp:128
  [13] cvf::ref<RifGeoMechReaderInterface>::~ref() at ResInsight/Fwk/VizFwk/LibCore/cvfObject.inl:195
  [14] RigFemPartResultsCollection::~RigFemPartResultsCollection() at ResInsight/ApplicationLibCode/GeoMech/GeoMechDataModel/RigFemPartResultsCollection.cpp:211
  [15] cvf::ref<RigFemPartResultsCollection>::~ref() at ResInsight/Fwk/VizFwk/LibCore/cvfObject.inl:195
  [16] RigGeoMechCaseData::~RigGeoMechCaseData() at ResInsight/ApplicationLibCode/GeoMech/GeoMechDataModel/RigGeoMechCaseData.cpp:56
  [17] cvf::ref<RigGeoMechCaseData>::~ref() at ResInsight/Fwk/VizFwk/LibCore/cvfObject.inl:195
  [18] RimGeoMechCase::~RimGeoMechCase() at ResInsight/ApplicationLibCode/ProjectDataModel/GeoMech/RimGeoMechCase.cpp:177
  [19] caf::PdmChildArrayField<RimGeoMechCase*>::deleteChildren() at ResInsight/Fwk/AppFwk/cafProjectDataModel/cafPdmCore/cafPdmChildArrayField.inl:181
  [20] caf::PdmChildArrayField<RimGeoMechCase*>::~PdmChildArrayField() at ResInsight/Fwk/AppFwk/cafProjectDataModel/cafPdmCore/cafPdmChildArrayField.inl:17
  [21] RimGeoMechModels::~RimGeoMechModels() at ResInsight/ApplicationLibCode/ProjectDataModel/GeoMech/RimGeoMechModels.cpp:48
  [22] RimGeoMechModels::~RimGeoMechModels() at ResInsight/ApplicationLibCode/ProjectDataModel/GeoMech/RimGeoMechModels.cpp:48
  [23] caf::PdmChildField<RimGeoMechModels*>::~PdmChildField() at ResInsight/Fwk/AppFwk/cafProjectDataModel/cafPdmCore/cafPdmChildField.inl:80
  [24] RimOilField::~RimOilField() at ResInsight/ApplicationLibCode/ProjectDataModel/RimOilField.cpp:112
  [25] caf::PdmChildArrayField<RimOilField*>::deleteChildren() at ResInsight/Fwk/AppFwk/cafProjectDataModel/cafPdmCore/cafPdmChildArrayField.inl:181
  [26] RimProject::close() at ResInsight/ApplicationLibCode/ProjectDataModel/RimProject.cpp:250
  [27] RiaApplication::closeProject() at ResInsight/ApplicationLibCode/Application/RiaApplication.cpp:1042
  [28] RiaGuiApplication::onLastWindowClosed() at ResInsight/ApplicationLibCode/Application/RiaGuiApplication.cpp:1746
  [29]  at :0
  [30] QGuiApplicationPrivate::maybeLastWindowClosed() at :0
  [31] QWindow::event(QEvent*) at :0
  [32] QApplicationPrivate::notify_helper(QObject*, QEvent*) at :0
  [33] RiaGuiApplication::notify(QObject*, QEvent*) at ResInsight/ApplicationLibCode/Application/RiaGuiApplication.cpp:1828
  [34] QCoreApplication::notifyInternal2(QObject*, QEvent*) at :0
  [35] QGuiApplicationPrivate::processCloseEvent(QWindowSystemInterfacePrivate::CloseEvent*) at :0
  [36] QWindowSystemInterface::sendWindowSystemEvents(QFlags<QEventLoop::ProcessEventsFlag>) at :0
  [37]  at :0
  [38] g_main_context_dispatch at :0
  [39] g_main_context_iterate.isra.20 at :0
  [40] g_main_context_iteration at :0
  [41] QEventDispatcherGlib::processEvents(QFlags<QEventLoop::ProcessEventsFlag>) at :0
  [42] QEventLoop::exec(QFlags<QEventLoop::ProcessEventsFlag>) at :0
  [43] QCoreApplication::exec() at :0
  [44] main at ResInsight/ApplicationExeCode/RiaMain.cpp:267
  [45] __libc_start_main at :0
  [46] _start at :0
  [47]  at :0
"
2026-07-23T11:15:26.922Z,2026.06.1,"  [0] performCrashLogging at ResInsight/ApplicationExeCode/RiaMainTools.cpp:170
  [1] manageSegFailureSA(int, siginfo_t*, void*) at ResInsight/ApplicationExeCode/RiaMainTools.cpp:302
  [2]  at :0
  [3] QWidgetPrivate::shouldPaintOnScreen() const at :0
  [4] QWidgetRepaintManager::markNeedsFlush(QWidget*, QRegion const&, QPoint const&) at :0
  [5] QWidgetPrivate::drawWidget(QPaintDevice*, QRegion const&, QPoint const&, QFlags<QWidgetPrivate::DrawWidgetFlag>, QPainter*, QWidgetRepaintManager*) at :0
  [6] QWidgetPrivate::paintSiblingsRecursive(QPaintDevice*, QList<QObject*> const&, int, QRegion const&, QPoint const&, QFlags<QWidgetPrivate::DrawWidgetFlag>, QPainter*, QWidgetRepaintManager*) at :0
  [7] QWidgetPrivate::drawWidget(QPaintDevice*, QRegion const&, QPoint const&, QFlags<QWidgetPrivate::DrawWidgetFlag>, QPainter*, QWidgetRepaintManager*) at :0
  [8] QWidgetPrivate::paintSiblingsRecursive(QPaintDevice*, QList<QObject*> const&, int, QRegion const&, QPoint const&, QFlags<QWidgetPrivate::DrawWidgetFlag>, QPainter*, QWidgetRepaintManager*) at :0
  [9] QWidgetPrivate::drawWidget(QPaintDevice*, QRegion const&, QPoint const&, QFlags<QWidgetPrivate::DrawWidgetFlag>, QPainter*, QWidgetRepaintManager*) at :0
  [10] QWidgetPrivate::paintSiblingsRecursive(QPaintDevice*, QList<QObject*> const&, int, QRegion const&, QPoint const&, QFlags<QWidgetPrivate::DrawWidgetFlag>, QPainter*, QWidgetRepaintManager*) at :0
  [11] QWidgetPrivate::drawWidget(QPaintDevice*, QRegion const&, QPoint const&, QFlags<QWidgetPrivate::DrawWidgetFlag>, QPainter*, QWidgetRepaintManager*) at :0
  [12] QWidgetPrivate::paintSiblingsRecursive(QPaintDevice*, QList<QObject*> const&, int, QRegion const&, QPoint const&, QFlags<QWidgetPrivate::DrawWidgetFlag>, QPainter*, QWidgetRepaintManager*) at :0
  [13] QWidgetPrivate::drawWidget(QPaintDevice*, QRegion const&, QPoint const&, QFlags<QWidgetPrivate::DrawWidgetFlag>, QPainter*, QWidgetRepaintManager*) at :0
  [14] QWidgetPrivate::paintSiblingsRecursive(QPaintDevice*, QList<QObject*> const&, int, QRegion const&, QPoint const&, QFlags<QWidgetPrivate::DrawWidgetFlag>, QPainter*, QWidgetRepaintManager*) at :0
  [15] QWidgetPrivate::drawWidget(QPaintDevice*, QRegion const&, QPoint const&, QFlags<QWidgetPrivate::DrawWidgetFlag>, QPainter*, QWidgetRepaintManager*) at :0
  [16] QWidgetPrivate::paintSiblingsRecursive(QPaintDevice*, QList<QObject*> const&, int, QRegion const&, QPoint const&, QFlags<QWidgetPrivate::DrawWidgetFlag>, QPainter*, QWidgetRepaintManager*) at :0
  [17] QWidgetPrivate::drawWidget(QPaintDevice*, QRegion const&, QPoint const&, QFlags<QWidgetPrivate::DrawWidgetFlag>, QPainter*, QWidgetRepaintManager*) at :0
  [18] QWidgetPrivate::paintSiblingsRecursive(QPaintDevice*, QList<QObject*> const&, int, QRegion const&, QPoint const&, QFlags<QWidgetPrivate::DrawWidgetFlag>, QPainter*, QWidgetRepaintManager*) at :0
  [19] QWidgetPrivate::drawWidget(QPaintDevice*, QRegion const&, QPoint const&, QFlags<QWidgetPrivate::DrawWidgetFlag>, QPainter*, QWidgetRepaintManager*) at :0
  [20] QWidgetPrivate::paintSiblingsRecursive(QPaintDevice*, QList<QObject*> const&, int, QRegion const&, QPoint const&, QFlags<QWidgetPrivate::DrawWidgetFlag>, QPainter*, QWidgetRepaintManager*) at :0
  [21] QWidgetPrivate::drawWidget(QPaintDevice*, QRegion const&, QPoint const&, QFlags<QWidgetPrivate::DrawWidgetFlag>, QPainter*, QWidgetRepaintManager*) at :0
  [22] QWidgetPrivate::paintSiblingsRecursive(QPaintDevice*, QList<QObject*> const&, int, QRegion const&, QPoint const&, QFlags<QWidgetPrivate::DrawWidgetFlag>, QPainter*, QWidgetRepaintManager*) at :0
  [23] QWidgetPrivate::drawWidget(QPaintDevice*, QRegion const&, QPoint const&, QFlags<QWidgetPrivate::DrawWidgetFlag>, QPainter*, QWidgetRepaintManager*) at :0
  [24] QWidgetPrivate::paintSiblingsRecursive(QPaintDevice*, QList<QObject*> const&, int, QRegion const&, QPoint const&, QFlags<QWidgetPrivate::DrawWidgetFlag>, QPainter*, QWidgetRepaintManager*) at :0
  [25] QWidgetPrivate::drawWidget(QPaintDevice*, QRegion const&, QPoint const&, QFlags<QWidgetPrivate::DrawWidgetFlag>, QPainter*, QWidgetRepaintManager*) at :0
  [26] QWidgetPrivate::paintSiblingsRecursive(QPaintDevice*, QList<QObject*> const&, int, QRegion const&, QPoint const&, QFlags<QWidgetPrivate::DrawWidgetFlag>, QPainter*, QWidgetRepaintManager*) at :0
  [27] QWidgetPrivate::drawWidget(QPaintDevice*, QRegion const&, QPoint const&, QFlags<QWidgetPrivate::DrawWidgetFlag>, QPainter*, QWidgetRepaintManager*) at :0
  [28] QWidgetPrivate::paintSiblingsRecursive(QPaintDevice*, QList<QObject*> const&, int, QRegion const&, QPoint const&, QFlags<QWidgetPrivate::DrawWidgetFlag>, QPainter*, QWidgetRepaintManager*) at :0
  [29] QWidgetPrivate::drawWidget(QPaintDevice*, QRegion const&, QPoint const&, QFlags<QWidgetPrivate::DrawWidgetFlag>, QPainter*, QWidgetRepaintManager*) at :0
  [30] QWidgetPrivate::paintSiblingsRecursive(QPaintDevice*, QList<QObject*> const&, int, QRegion const&, QPoint const&, QFlags<QWidgetPrivate::DrawWidgetFlag>, QPainter*, QWidgetRepaintManager*) at :0
  [31] QWidgetPrivate::drawWidget(QPaintDevice*, QRegion const&, QPoint const&, QFlags<QWidgetPrivate::DrawWidgetFlag>, QPainter*, QWidgetRepaintManager*) at :0
  [32] QWidgetPrivate::paintSiblingsRecursive(QPaintDevice*, QList<QObject*> const&, int, QRegion const&, QPoint const&, QFlags<QWidgetPrivate::DrawWidgetFlag>, QPainter*, QWidgetRepaintManager*) at :0
  [33] QWidgetPrivate::drawWidget(QPaintDevice*, QRegion const&, QPoint const&, QFlags<QWidgetPrivate::DrawWidgetFlag>, QPainter*, QWidgetRepaintManager*) at :0
  [34] QWidgetPrivate::paintSiblingsRecursive(QPaintDevice*, QList<QObject*> const&, int, QRegion const&, QPoint const&, QFlags<QWidgetPrivate::DrawWidgetFlag>, QPainter*, QWidgetRepaintManager*) at :0
  [35] QWidgetPrivate::drawWidget(QPaintDevice*, QRegion const&, QPoint const&, QFlags<QWidgetPrivate::DrawWidgetFlag>, QPainter*, QWidgetRepaintManager*) at :0
  [36] QWidgetPrivate::paintSiblingsRecursive(QPaintDevice*, QList<QObject*> const&, int, QRegion const&, QPoint const&, QFlags<QWidgetPrivate::DrawWidgetFlag>, QPainter*, QWidgetRepaintManager*) at :0
  [37] QWidgetPrivate::drawWidget(QPaintDevice*, QRegion const&, QPoint const&, QFlags<QWidgetPrivate::DrawWidgetFlag>, QPainter*, QWidgetRepaintManager*) at :0
  [38] QWidgetPrivate::paintSiblingsRecursive(QPaintDevice*, QList<QObject*> const&, int, QRegion const&, QPoint const&, QFlags<QWidgetPrivate::DrawWidgetFlag>, QPainter*, QWidgetRepaintManager*) at :0
  [39] QWidgetPrivate::drawWidget(QPaintDevice*, QRegion const&, QPoint const&, QFlags<QWidgetPrivate::DrawWidgetFlag>, QPainter*, QWidgetRepaintManager*) at :0
  [40] QWidgetRepaintManager::paintAndFlush() at :0
  [41] QWidget::event(QEvent*) at :0
  [42] QApplicationPrivate::notify_helper(QObject*, QEvent*) at :0
  [43] RiaGuiApplication::notify(QObject*, QEvent*) at ResInsight/ApplicationLibCode/Application/RiaGuiApplication.cpp:1828
  [44] QCoreApplication::notifyInternal2(QObject*, QEvent*) at :0
  [45] QCoreApplicationPrivate::sendPostedEvents(QObject*, int, QThreadData*) at :0
  [46]  at :0
  [47] g_main_context_dispatch at :0
  [48] g_main_context_iterate.isra.20 at :0
  [49] g_main_context_iteration at :0
  [50] QEventDispatcherGlib::processEvents(QFlags<QEventLoop::ProcessEventsFlag>) at :0
  [51] QEventLoop::exec(QFlags<QEventLoop::ProcessEventsFlag>) at :0
  [52] QCoreApplication::exec() at :0
  [53] main at ResInsight/ApplicationExeCode/RiaMain.cpp:267
  [54] __libc_start_main at :0
  [55] _start at :0
  [56]  at :0
"
2026-07-23T09:09:54.034Z,2026.06.1,"  [0] performCrashLogging at ResInsight/ApplicationExeCode/RiaMainTools.cpp:170
  [1] manageSegFailureSA(int, siginfo_t*, void*) at ResInsight/ApplicationExeCode/RiaMainTools.cpp:302
  [2]  at :0
  [3] caf::PdmField<bool>::operator=(bool const&) at ResInsight/Fwk/AppFwk/cafProjectDataModel/cafPdmCore/cafPdmDataValueField.h:106
  [4] RicNewIntersectionViewFeature::onActionTriggered(bool) at ResInsight/ApplicationLibCode/Commands/IntersectionViewCommands/RicNewIntersectionViewFeature.cpp:76
  [5] caf::CmdFeature::actionTriggered(bool) at ResInsight/Fwk/AppFwk/cafCommand/cafCmdFeature.cpp:176
  [6]  at :0
  [7] QAction::triggered(bool) at :0
  [8] QAction::activate(QAction::ActionEvent) at :0
  [9]  at :0
  [10]  at :0
  [11] QWidget::event(QEvent*) at :0
  [12] QApplicationPrivate::notify_helper(QObject*, QEvent*) at :0
  [13] QApplication::notify(QObject*, QEvent*) at :0
  [14] RiaGuiApplication::notify(QObject*, QEvent*) at ResInsight/ApplicationLibCode/Application/RiaGuiApplication.cpp:1828
  [15] QCoreApplication::notifyInternal2(QObject*, QEvent*) at :0
  [16] QApplicationPrivate::sendMouseEvent(QWidget*, QMouseEvent*, QWidget*, QWidget*, QWidget**, QPointer<QWidget>&, bool, bool) at :0
  [17]  at :0
  [18]  at :0
  [19] QApplicationPrivate::notify_helper(QObject*, QEvent*) at :0
  [20] RiaGuiApplication::notify(QObject*, QEvent*) at ResInsight/ApplicationLibCode/Application/RiaGuiApplication.cpp:1828
  [21] QCoreApplication::notifyInternal2(QObject*, QEvent*) at :0
  [22] QGuiApplicationPrivate::processMouseEvent(QWindowSystemInterfacePrivate::MouseEvent*) at :0
  [23] QWindowSystemInterface::sendWindowSystemEvents(QFlags<QEventLoop::ProcessEventsFlag>) at :0
  [24]  at :0
  [25] g_main_context_dispatch at :0
  [26] g_main_context_iterate.isra.20 at :0
  [27] g_main_context_iteration at :0
  [28] QEventDispatcherGlib::processEvents(QFlags<QEventLoop::ProcessEventsFlag>) at :0
  [29] QEventLoop::exec(QFlags<QEventLoop::ProcessEventsFlag>) at :0
  [30]  at :0
  [31] QMenu::exec(QPoint const&, QAction*) at :0
  [32] RiuMainWindow::customMenuRequested(QPoint const&) at ResInsight/ApplicationLibCode/UserInterface/RiuMainWindow.cpp:2092
  [33]  at :0
  [34] QWidget::customContextMenuRequested(QPoint const&) at :0
  [35] QWidget::event(QEvent*) at :0
  [36] QFrame::event(QEvent*) at :0
  [37] QCoreApplicationPrivate::sendThroughObjectEventFilters(QObject*, QEvent*) at :0
  [38] QApplicationPrivate::notify_helper(QObject*, QEvent*) at :0
  [39] QApplication::notify(QObject*, QEvent*) at :0
  [40] RiaGuiApplication::notify(QObject*, QEvent*) at ResInsight/ApplicationLibCode/Application/RiaGuiApplication.cpp:1828
  [41] QCoreApplication::notifyInternal2(QObject*, QEvent*) at :0
  [42]  at :0
  [43]  at :0
  [44] QApplicationPrivate::notify_helper(QObject*, QEvent*) at :0
  [45] RiaGuiApplication::notify(QObject*, QEvent*) at ResInsight/ApplicationLibCode/Application/RiaGuiApplication.cpp:1828
  [46] QCoreApplication::notifyInternal2(QObject*, QEvent*) at :0
  [47] QGuiApplicationPrivate::processMouseEvent(QWindowSystemInterfacePrivate::MouseEvent*) at :0
  [48] QWindowSystemInterface::sendWindowSystemEvents(QFlags<QEventLoop::ProcessEventsFlag>) at :0
  [49]  at :0
  [50] g_main_context_dispatch at :0
  [51] g_main_context_iterate.isra.20 at :0
  [52] g_main_context_iteration at :0
  [53] QEventDispatcherGlib::processEvents(QFlags<QEventLoop::ProcessEventsFlag>) at :0
  [54] QEventLoop::exec(QFlags<QEventLoop::ProcessEventsFlag>) at :0
  [55] QCoreApplication::exec() at :0
  [56] main at ResInsight/ApplicationExeCode/RiaMain.cpp:267
  [57] __libc_start_main at :0
  [58] _start at :0
  [59]  at :0
"
2026-07-23T07:37:28.258Z,2026.06.1,"  [0] performCrashLogging at ResInsight/ApplicationExeCode/RiaMainTools.cpp:170
  [1] manageSegFailureSA(int, siginfo_t*, void*) at ResInsight/ApplicationExeCode/RiaMainTools.cpp:302
  [2]  at :0
  [3] std::vector<caf::PdmFieldHandle*, std::allocator<caf::PdmFieldHandle*> >::size() const at /opt/rh/gcc-toolset-13/root/usr/include/c++/13/bits/stl_vector.h:993
  [4] caf::PdmUiTableViewQModel::getField(QModelIndex const&) const at ResInsight/Fwk/AppFwk/cafUserInterface/cafPdmUiTableViewQModel.cpp:486
  [5] caf::PdmUiTableViewQModel::dropMimeData(QMimeData const*, Qt::DropAction, int, int, QModelIndex const&) at ResInsight/Fwk/AppFwk/cafUserInterface/cafPdmUiTableViewQModel.cpp:695
  [6] QAbstractItemView::dropEvent(QDropEvent*) at :0
  [7] QWidget::event(QEvent*) at :0
  [8] QFrame::event(QEvent*) at :0
  [9] QCoreApplicationPrivate::sendThroughObjectEventFilters(QObject*, QEvent*) at :0
  [10] QApplicationPrivate::notify_helper(QObject*, QEvent*) at :0
  [11] QApplication::notify(QObject*, QEvent*) at :0
  [12] RiaGuiApplication::notify(QObject*, QEvent*) at ResInsight/ApplicationLibCode/Application/RiaGuiApplication.cpp:1828
  [13] QCoreApplication::notifyInternal2(QObject*, QEvent*) at :0
  [14]  at :0
  [15]  at :0
  [16] QApplicationPrivate::notify_helper(QObject*, QEvent*) at :0
  [17] RiaGuiApplication::notify(QObject*, QEvent*) at ResInsight/ApplicationLibCode/Application/RiaGuiApplication.cpp:1828
  [18] QCoreApplication::notifyInternal2(QObject*, QEvent*) at :0
  [19] QGuiApplicationPrivate::processDrop(QWindow*, QMimeData const*, QPoint const&, QFlags<Qt::DropAction>, QFlags<Qt::MouseButton>, QFlags<Qt::KeyboardModifier>) at :0
  [20] QWindowSystemInterface::handleDrop(QWindow*, QMimeData const*, QPoint const&, QFlags<Qt::DropAction>, QFlags<Qt::MouseButton>, QFlags<Qt::KeyboardModifier>) at :0
  [21]  at :0
  [22]  at :0
  [23] QBasicDrag::eventFilter(QObject*, QEvent*) at :0
  [24] QCoreApplicationPrivate::sendThroughApplicationEventFilters(QObject*, QEvent*) at :0
  [25] QApplicationPrivate::notify_helper(QObject*, QEvent*) at :0
  [26] RiaGuiApplication::notify(QObject*, QEvent*) at ResInsight/ApplicationLibCode/Application/RiaGuiApplication.cpp:1828
  [27] QCoreApplication::notifyInternal2(QObject*, QEvent*) at :0
  [28] QGuiApplicationPrivate::processMouseEvent(QWindowSystemInterfacePrivate::MouseEvent*) at :0
  [29] QWindowSystemInterface::sendWindowSystemEvents(QFlags<QEventLoop::ProcessEventsFlag>) at :0
  [30]  at :0
  [31] g_main_context_dispatch at :0
  [32] g_main_context_iterate.isra.20 at :0
  [33] g_main_context_iteration at :0
  [34] QEventDispatcherGlib::processEvents(QFlags<QEventLoop::ProcessEventsFlag>) at :0
  [35] QEventLoop::exec(QFlags<QEventLoop::ProcessEventsFlag>) at :0
  [36] QBasicDrag::drag(QDrag*) at :0
  [37] QDragManager::drag(QDrag*) at :0
  [38] QDrag::exec(QFlags<Qt::DropAction>, Qt::DropAction) at :0
  [39] QAbstractItemView::startDrag(QFlags<Qt::DropAction>) at :0
  [40] QAbstractItemView::mouseMoveEvent(QMouseEvent*) at :0
  [41] QWidget::event(QEvent*) at :0
  [42] QFrame::event(QEvent*) at :0
  [43] QCoreApplicationPrivate::sendThroughObjectEventFilters(QObject*, QEvent*) at :0
  [44] QApplicationPrivate::notify_helper(QObject*, QEvent*) at :0
  [45] QApplication::notify(QObject*, QEvent*) at :0
  [46] RiaGuiApplication::notify(QObject*, QEvent*) at ResInsight/ApplicationLibCode/Application/RiaGuiApplication.cpp:1828
  [47] QCoreApplication::notifyInternal2(QObject*, QEvent*) at :0
  [48] QApplicationPrivate::sendMouseEvent(QWidget*, QMouseEvent*, QWidget*, QWidget*, QWidget**, QPointer<QWidget>&, bool, bool) at :0
  [49]  at :0
  [50]  at :0
  [51] QApplicationPrivate::notify_helper(QObject*, QEvent*) at :0
  [52] RiaGuiApplication::notify(QObject*, QEvent*) at ResInsight/ApplicationLibCode/Application/RiaGuiApplication.cpp:1828
  [53] QCoreApplication::notifyInternal2(QObject*, QEvent*) at :0
  [54] QGuiApplicationPrivate::processMouseEvent(QWindowSystemInterfacePrivate::MouseEvent*) at :0
  [55] QWindowSystemInterface::sendWindowSystemEvents(QFlags<QEventLoop::ProcessEventsFlag>) at :0
  [56]  at :0
  [57] g_main_context_dispatch at :0
  [58] g_main_context_iterate.isra.20 at :0
  [59] g_main_context_iteration at :0
  [60] QEventDispatcherGlib::processEvents(QFlags<QEventLoop::ProcessEventsFlag>) at :0
  [61] QEventLoop::exec(QFlags<QEventLoop::ProcessEventsFlag>) at :0
  [62] QCoreApplication::exec() at :0
  [63] main at ResInsight/ApplicationExeCode/RiaMain.cpp:267
  [64] __libc_start_main at :0
  [65] _start at :0
  [66]  at :0
"
2026-07-22T20:25:23.768Z,2026.06.1,"  [0] performCrashLogging at ResInsight/ApplicationExeCode/RiaMainTools.cpp:170
  [1] manageSegFailureSA(int, siginfo_t*, void*) at ResInsight/ApplicationExeCode/RiaMainTools.cpp:302
  [2]  at :0
  [3] RifEclipseOutputFileTools::timeSteps(ecl_file_struct const*, std::vector<QDateTime, std::allocator<QDateTime> >*, std::vector<double, std::allocator<double> >*, unsigned long*) at ResInsight/ApplicationLibCode/FileInterface/RifEclipseOutputFileTools.cpp:289
  [4] RifEclipseUnifiedRestartFileAccess::extractTimestepsFromEclipse() at ResInsight/ApplicationLibCode/FileInterface/RifEclipseUnifiedRestartFileAccess.cpp:154
  [5] RifEclipseUnifiedRestartFileAccess::timeSteps(std::vector<QDateTime, std::allocator<QDateTime> >*, std::vector<double, std::allocator<double> >*) at ResInsight/ApplicationLibCode/FileInterface/RifEclipseUnifiedRestartFileAccess.cpp:206
  [6] RimEclipseResultCase::importGridAndResultMetaData(bool) at ResInsight/ApplicationLibCode/ProjectDataModel/RimEclipseResultCase.cpp:216
  [7] RimEclipseCase::openReservoirCase() at ResInsight/ApplicationLibCode/ProjectDataModel/RimEclipseCase.cpp:1125
  [8] RimEclipseView::onLoadDataAndUpdate() at ResInsight/ApplicationLibCode/ProjectDataModel/RimEclipseView.cpp:1248
  [9] RimViewWindow::loadDataAndUpdate() at ResInsight/ApplicationLibCode/ProjectDataModel/RimViewWindow.cpp:90
  [10] RiaApplication::loadProject(QString const&, RiaApplication::ProjectLoadAction, RiaProjectModifier*) at ResInsight/ApplicationLibCode/Application/RiaApplication.cpp:803
  [11] RiaApplication::openFile(QString const&) at ResInsight/ApplicationLibCode/Application/RiaApplication.cpp:420
  [12] RiuRecentFileActionProvider::slotOpenRecentFile() at ResInsight/ApplicationLibCode/UserInterface/RiuRecentFileActionProvider.cpp:149
  [13]  at :0
  [14] QAction::triggered(bool) at :0
  [15] QAction::activate(QAction::ActionEvent) at :0
  [16]  at :0
  [17]  at :0
  [18] QWidget::event(QEvent*) at :0
  [19] QApplicationPrivate::notify_helper(QObject*, QEvent*) at :0
  [20] QApplication::notify(QObject*, QEvent*) at :0
  [21] RiaGuiApplication::notify(QObject*, QEvent*) at ResInsight/ApplicationLibCode/Application/RiaGuiApplication.cpp:1828
  [22] QCoreApplication::notifyInternal2(QObject*, QEvent*) at :0
  [23] QApplicationPrivate::sendMouseEvent(QWidget*, QMouseEvent*, QWidget*, QWidget*, QWidget**, QPointer<QWidget>&, bool, bool) at :0
  [24]  at :0
  [25]  at :0
  [26] QApplicationPrivate::notify_helper(QObject*, QEvent*) at :0
  [27] RiaGuiApplication::notify(QObject*, QEvent*) at ResInsight/ApplicationLibCode/Application/RiaGuiApplication.cpp:1828
  [28] QCoreApplication::notifyInternal2(QObject*, QEvent*) at :0
  [29] QGuiApplicationPrivate::processMouseEvent(QWindowSystemInterfacePrivate::MouseEvent*) at :0
  [30] QWindowSystemInterface::sendWindowSystemEvents(QFlags<QEventLoop::ProcessEventsFlag>) at :0
  [31]  at :0
  [32] g_main_context_dispatch at :0
  [33] g_main_context_iterate.isra.20 at :0
  [34] g_main_context_iteration at :0
  [35] QEventDispatcherGlib::processEvents(QFlags<QEventLoop::ProcessEventsFlag>) at :0
  [36] QEventLoop::exec(QFlags<QEventLoop::ProcessEventsFlag>) at :0
  [37] QCoreApplication::exec() at :0
  [38] main at ResInsight/ApplicationExeCode/RiaMain.cpp:267
  [39] __libc_start_main at :0
  [40] _start at :0
  [41]  at :0
"
2026-07-22T12:29:18.47Z,2026.06.1,"  [0] performCrashLogging at ResInsight/ApplicationExeCode/RiaMainTools.cpp:170
  [1] manageSegFailureSA(int, siginfo_t*, void*) at ResInsight/ApplicationExeCode/RiaMainTools.cpp:302
  [2]  at :0
  [3] QWidget::window() const at :0
  [4] QWidgetPrivate::shouldPaintOnScreen() const at :0
  [5] QWidgetRepaintManager::markNeedsFlush(QWidget*, QRegion const&, QPoint const&) at :0
  [6] QWidgetPrivate::drawWidget(QPaintDevice*, QRegion const&, QPoint const&, QFlags<QWidgetPrivate::DrawWidgetFlag>, QPainter*, QWidgetRepaintManager*) at :0
  [7] QWidgetPrivate::paintSiblingsRecursive(QPaintDevice*, QList<QObject*> const&, int, QRegion const&, QPoint const&, QFlags<QWidgetPrivate::DrawWidgetFlag>, QPainter*, QWidgetRepaintManager*) at :0
  [8] QWidgetPrivate::drawWidget(QPaintDevice*, QRegion const&, QPoint const&, QFlags<QWidgetPrivate::DrawWidgetFlag>, QPainter*, QWidgetRepaintManager*) at :0
  [9] QWidgetPrivate::paintSiblingsRecursive(QPaintDevice*, QList<QObject*> const&, int, QRegion const&, QPoint const&, QFlags<QWidgetPrivate::DrawWidgetFlag>, QPainter*, QWidgetRepaintManager*) at :0
  [10] QWidgetPrivate::drawWidget(QPaintDevice*, QRegion const&, QPoint const&, QFlags<QWidgetPrivate::DrawWidgetFlag>, QPainter*, QWidgetRepaintManager*) at :0
  [11] QWidgetPrivate::paintSiblingsRecursive(QPaintDevice*, QList<QObject*> const&, int, QRegion const&, QPoint const&, QFlags<QWidgetPrivate::DrawWidgetFlag>, QPainter*, QWidgetRepaintManager*) at :0
  [12] QWidgetPrivate::drawWidget(QPaintDevice*, QRegion const&, QPoint const&, QFlags<QWidgetPrivate::DrawWidgetFlag>, QPainter*, QWidgetRepaintManager*) at :0
  [13] QWidgetPrivate::paintSiblingsRecursive(QPaintDevice*, QList<QObject*> const&, int, QRegion const&, QPoint const&, QFlags<QWidgetPrivate::DrawWidgetFlag>, QPainter*, QWidgetRepaintManager*) at :0
  [14] QWidgetPrivate::paintSiblingsRecursive(QPaintDevice*, QList<QObject*> const&, int, QRegion const&, QPoint const&, QFlags<QWidgetPrivate::DrawWidgetFlag>, QPainter*, QWidgetRepaintManager*) at :0
  [15] QWidgetPrivate::paintSiblingsRecursive(QPaintDevice*, QList<QObject*> const&, int, QRegion const&, QPoint const&, QFlags<QWidgetPrivate::DrawWidgetFlag>, QPainter*, QWidgetRepaintManager*) at :0
  [16] QWidgetPrivate::paintSiblingsRecursive(QPaintDevice*, QList<QObject*> const&, int, QRegion const&, QPoint const&, QFlags<QWidgetPrivate::DrawWidgetFlag>, QPainter*, QWidgetRepaintManager*) at :0
  [17] QWidgetPrivate::paintSiblingsRecursive(QPaintDevice*, QList<QObject*> const&, int, QRegion const&, QPoint const&, QFlags<QWidgetPrivate::DrawWidgetFlag>, QPainter*, QWidgetRepaintManager*) at :0
  [18] QWidgetPrivate::drawWidget(QPaintDevice*, QRegion const&, QPoint const&, QFlags<QWidgetPrivate::DrawWidgetFlag>, QPainter*, QWidgetRepaintManager*) at :0
  [19] QWidgetPrivate::paintSiblingsRecursive(QPaintDevice*, QList<QObject*> const&, int, QRegion const&, QPoint const&, QFlags<QWidgetPrivate::DrawWidgetFlag>, QPainter*, QWidgetRepaintManager*) at :0
  [20] QWidgetPrivate::drawWidget(QPaintDevice*, QRegion const&, QPoint const&, QFlags<QWidgetPrivate::DrawWidgetFlag>, QPainter*, QWidgetRepaintManager*) at :0
  [21] QWidgetPrivate::paintSiblingsRecursive(QPaintDevice*, QList<QObject*> const&, int, QRegion const&, QPoint const&, QFlags<QWidgetPrivate::DrawWidgetFlag>, QPainter*, QWidgetRepaintManager*) at :0
  [22] QWidgetPrivate::drawWidget(QPaintDevice*, QRegion const&, QPoint const&, QFlags<QWidgetPrivate::DrawWidgetFlag>, QPainter*, QWidgetRepaintManager*) at :0
  [23] QWidgetPrivate::paintSiblingsRecursive(QPaintDevice*, QList<QObject*> const&, int, QRegion const&, QPoint const&, QFlags<QWidgetPrivate::DrawWidgetFlag>, QPainter*, QWidgetRepaintManager*) at :0
  [24] QWidgetPrivate::drawWidget(QPaintDevice*, QRegion const&, QPoint const&, QFlags<QWidgetPrivate::DrawWidgetFlag>, QPainter*, QWidgetRepaintManager*) at :0
  [25] QWidgetPrivate::paintSiblingsRecursive(QPaintDevice*, QList<QObject*> const&, int, QRegion const&, QPoint const&, QFlags<QWidgetPrivate::DrawWidgetFlag>, QPainter*, QWidgetRepaintManager*) at :0
  [26] QWidgetPrivate::drawWidget(QPaintDevice*, QRegion const&, QPoint const&, QFlags<QWidgetPrivate::DrawWidgetFlag>, QPainter*, QWidgetRepaintManager*) at :0
  [27] QWidgetPrivate::paintSiblingsRecursive(QPaintDevice*, QList<QObject*> const&, int, QRegion const&, QPoint const&, QFlags<QWidgetPrivate::DrawWidgetFlag>, QPainter*, QWidgetRepaintManager*) at :0
  [28] QWidgetPrivate::drawWidget(QPaintDevice*, QRegion const&, QPoint const&, QFlags<QWidgetPrivate::DrawWidgetFlag>, QPainter*, QWidgetRepaintManager*) at :0
  [29] QWidgetPrivate::paintSiblingsRecursive(QPaintDevice*, QList<QObject*> const&, int, QRegion const&, QPoint const&, QFlags<QWidgetPrivate::DrawWidgetFlag>, QPainter*, QWidgetRepaintManager*) at :0
  [30] QWidgetPrivate::drawWidget(QPaintDevice*, QRegion const&, QPoint const&, QFlags<QWidgetPrivate::DrawWidgetFlag>, QPainter*, QWidgetRepaintManager*) at :0
  [31] QWidgetPrivate::paintSiblingsRecursive(QPaintDevice*, QList<QObject*> const&, int, QRegion const&, QPoint const&, QFlags<QWidgetPrivate::DrawWidgetFlag>, QPainter*, QWidgetRepaintManager*) at :0
  [32] QWidgetPrivate::drawWidget(QPaintDevice*, QRegion const&, QPoint const&, QFlags<QWidgetPrivate::DrawWidgetFlag>, QPainter*, QWidgetRepaintManager*) at :0
  [33] QWidgetPrivate::paintSiblingsRecursive(QPaintDevice*, QList<QObject*> const&, int, QRegion const&, QPoint const&, QFlags<QWidgetPrivate::DrawWidgetFlag>, QPainter*, QWidgetRepaintManager*) at :0
  [34] QWidgetPrivate::drawWidget(QPaintDevice*, QRegion const&, QPoint const&, QFlags<QWidgetPrivate::DrawWidgetFlag>, QPainter*, QWidgetRepaintManager*) at :0
  [35] QWidgetPrivate::paintSiblingsRecursive(QPaintDevice*, QList<QObject*> const&, int, QRegion const&, QPoint const&, QFlags<QWidgetPrivate::DrawWidgetFlag>, QPainter*, QWidgetRepaintManager*) at :0
  [36] QWidgetPrivate::drawWidget(QPaintDevice*, QRegion const&, QPoint const&, QFlags<QWidgetPrivate::DrawWidgetFlag>, QPainter*, QWidgetRepaintManager*) at :0
  [37] QWidgetPrivate::paintSiblingsRecursive(QPaintDevice*, QList<QObject*> const&, int, QRegion const&, QPoint const&, QFlags<QWidgetPrivate::DrawWidgetFlag>, QPainter*, QWidgetRepaintManager*) at :0
  [38] QWidgetPrivate::drawWidget(QPaintDevice*, QRegion const&, QPoint const&, QFlags<QWidgetPrivate::DrawWidgetFlag>, QPainter*, QWidgetRepaintManager*) at :0
  [39] QWidgetPrivate::paintSiblingsRecursive(QPaintDevice*, QList<QObject*> const&, int, QRegion const&, QPoint const&, QFlags<QWidgetPrivate::DrawWidgetFlag>, QPainter*, QWidgetRepaintManager*) at :0
  [40] QWidgetPrivate::drawWidget(QPaintDevice*, QRegion const&, QPoint const&, QFlags<QWidgetPrivate::DrawWidgetFlag>, QPainter*, QWidgetRepaintManager*) at :0
  [41] QWidgetPrivate::paintSiblingsRecursive(QPaintDevice*, QList<QObject*> const&, int, QRegion const&, QPoint const&, QFlags<QWidgetPrivate::DrawWidgetFlag>, QPainter*, QWidgetRepaintManager*) at :0
  [42] QWidgetPrivate::drawWidget(QPaintDevice*, QRegion const&, QPoint const&, QFlags<QWidgetPrivate::DrawWidgetFlag>, QPainter*, QWidgetRepaintManager*) at :0
  [43] QWidgetPrivate::paintSiblingsRecursive(QPaintDevice*, QList<QObject*> const&, int, QRegion const&, QPoint const&, QFlags<QWidgetPrivate::DrawWidgetFlag>, QPainter*, QWidgetRepaintManager*) at :0
  [44] QWidgetPrivate::drawWidget(QPaintDevice*, QRegion const&, QPoint const&, QFlags<QWidgetPrivate::DrawWidgetFlag>, QPainter*, QWidgetRepaintManager*) at :0
  [45] QWidgetRepaintManager::paintAndFlush() at :0
  [46] QWidget::event(QEvent*) at :0
  [47] QApplicationPrivate::notify_helper(QObject*, QEvent*) at :0
  [48] RiaGuiApplication::notify(QObject*, QEvent*) at ResInsight/ApplicationLibCode/Application/RiaGuiApplication.cpp:1828
  [49] QCoreApplication::notifyInternal2(QObject*, QEvent*) at :0
  [50] QCoreApplicationPrivate::sendPostedEvents(QObject*, int, QThreadData*) at :0
  [51]  at :0
  [52] g_main_context_dispatch at :0
  [53] g_main_context_iterate.isra.20 at :0
  [54] g_main_context_iteration at :0
  [55] QEventDispatcherGlib::processEvents(QFlags<QEventLoop::ProcessEventsFlag>) at :0
  [56] QEventLoop::exec(QFlags<QEventLoop::ProcessEventsFlag>) at :0
  [57] QCoreApplication::exec() at :0
  [58] main at ResInsight/ApplicationExeCode/RiaMain.cpp:267
  [59] __libc_start_main at :0
  [60] _start at :0
  [61]  at :0
"
2026-07-22T12:01:18.416Z,2026.06.1,"  [0] performCrashLogging at ResInsight/ApplicationExeCode/RiaMainTools.cpp:170
  [1] manageSegFailureSA(int, siginfo_t*, void*) at ResInsight/ApplicationExeCode/RiaMainTools.cpp:302
  [2]  at :0
  [3] ecl_grid_alloc_EGRID_all_grids at ResInsight/ThirdParty/Ert/lib/ecl/ecl_grid.cpp:3200
  [4] RifReaderEclipseOutput::loadAllGrids() const at ResInsight/ApplicationLibCode/FileInterface/RifReaderEclipseOutput.cpp:1165
  [5] RifReaderEclipseOutput::open(QString const&, RigEclipseCaseData*) at ResInsight/ApplicationLibCode/FileInterface/RifReaderEclipseOutput.cpp:393
  [6] RimEclipseResultCase::importGridAndResultMetaData(bool) at ResInsight/ApplicationLibCode/ProjectDataModel/RimEclipseResultCase.cpp:259
  [7] RiaImportEclipseCaseTools::openEclipseCaseShowTimeStepFilterImpl(QString const&, bool, bool, RifReaderSettings&) at ResInsight/ApplicationLibCode/Application/Tools/RiaImportEclipseCaseTools.cpp:372
  [8] RiaImportEclipseCaseTools::openEclipseCasesFromFile(QList<QString> const&, bool, std::map<QString, int, std::less<QString>, std::allocator<std::pair<QString const, int> > >*, bool, RifReaderSettings&) at ResInsight/ApplicationLibCode/Application/Tools/RiaImportEclipseCaseTools.cpp:107
  [9] RicImportGeneralDataFeature::openEclipseCaseFromFileNames(QList<QString> const&, bool, std::vector<int, std::allocator<int> >&, RifReaderSettings&) at ResInsight/ApplicationLibCode/Commands/RicImportGeneralDataFeature.cpp:365
  [10] RicImportGeneralDataFeature::openEclipseFilesFromFileNames(QList<QString> const&, bool, bool, RifReaderSettings&) at ResInsight/ApplicationLibCode/Commands/RicImportGeneralDataFeature.cpp:105
  [11] RicImportGeneralDataFeature::openEclipseFilesFromFileNames(QList<QString> const&, bool, bool) at ResInsight/ApplicationLibCode/Commands/RicImportGeneralDataFeature.cpp:56
  [12] RicImportGridModelFeature::onActionTriggered(bool) at ResInsight/ApplicationLibCode/Commands/EclipseCommands/RicImportGridModelFeature.cpp:81
  [13] caf::CmdFeature::actionTriggered(bool) at ResInsight/Fwk/AppFwk/cafCommand/cafCmdFeature.cpp:176
  [14]  at :0
  [15] QAction::triggered(bool) at :0
  [16] QAction::activate(QAction::ActionEvent) at :0
  [17]  at :0
  [18]  at :0
  [19] QWidget::event(QEvent*) at :0
  [20] QApplicationPrivate::notify_helper(QObject*, QEvent*) at :0
  [21] QApplication::notify(QObject*, QEvent*) at :0
  [22] RiaGuiApplication::notify(QObject*, QEvent*) at ResInsight/ApplicationLibCode/Application/RiaGuiApplication.cpp:1828
  [23] QCoreApplication::notifyInternal2(QObject*, QEvent*) at :0
  [24] QApplicationPrivate::sendMouseEvent(QWidget*, QMouseEvent*, QWidget*, QWidget*, QWidget**, QPointer<QWidget>&, bool, bool) at :0
  [25]  at :0
  [26]  at :0
  [27] QApplicationPrivate::notify_helper(QObject*, QEvent*) at :0
  [28] RiaGuiApplication::notify(QObject*, QEvent*) at ResInsight/ApplicationLibCode/Application/RiaGuiApplication.cpp:1828
  [29] QCoreApplication::notifyInternal2(QObject*, QEvent*) at :0
  [30] QGuiApplicationPrivate::processMouseEvent(QWindowSystemInterfacePrivate::MouseEvent*) at :0
  [31] QWindowSystemInterface::sendWindowSystemEvents(QFlags<QEventLoop::ProcessEventsFlag>) at :0
  [32]  at :0
  [33] g_main_context_dispatch at :0
  [34] g_main_context_iterate.isra.20 at :0
  [35] g_main_context_iteration at :0
  [36] QEventDispatcherGlib::processEvents(QFlags<QEventLoop::ProcessEventsFlag>) at :0
  [37] QEventLoop::exec(QFlags<QEventLoop::ProcessEventsFlag>) at :0
  [38] QCoreApplication::exec() at :0
  [39] main at ResInsight/ApplicationExeCode/RiaMain.cpp:267
  [40] __libc_start_main at :0
  [41] _start at :0
  [42]  at :0
"
2026-07-22T11:57:12.005Z,2026.06.1,"  [0] performCrashLogging at ResInsight/ApplicationExeCode/RiaMainTools.cpp:170
  [1] manageSegFailureSA(int, siginfo_t*, void*) at ResInsight/ApplicationExeCode/RiaMainTools.cpp:302
  [2]  at :0
  [3] RifEclipseOutputFileTools::timeSteps(ecl_file_struct const*, std::vector<QDateTime, std::allocator<QDateTime> >*, std::vector<double, std::allocator<double> >*, unsigned long*) at ResInsight/ApplicationLibCode/FileInterface/RifEclipseOutputFileTools.cpp:289
  [4] RifEclipseUnifiedRestartFileAccess::extractTimestepsFromEclipse() at ResInsight/ApplicationLibCode/FileInterface/RifEclipseUnifiedRestartFileAccess.cpp:154
  [5] RifEclipseUnifiedRestartFileAccess::timeSteps(std::vector<QDateTime, std::allocator<QDateTime> >*, std::vector<double, std::allocator<double> >*) at ResInsight/ApplicationLibCode/FileInterface/RifEclipseUnifiedRestartFileAccess.cpp:206
  [6] RimEclipseResultCase::importGridAndResultMetaData(bool) at ResInsight/ApplicationLibCode/ProjectDataModel/RimEclipseResultCase.cpp:216
  [7] RimEclipseCase::openReservoirCase() at ResInsight/ApplicationLibCode/ProjectDataModel/RimEclipseCase.cpp:1125
  [8] RimEclipseView::onLoadDataAndUpdate() at ResInsight/ApplicationLibCode/ProjectDataModel/RimEclipseView.cpp:1248
  [9] RimViewWindow::loadDataAndUpdate() at ResInsight/ApplicationLibCode/ProjectDataModel/RimViewWindow.cpp:90
  [10] RiaApplication::loadProject(QString const&, RiaApplication::ProjectLoadAction, RiaProjectModifier*) at ResInsight/ApplicationLibCode/Application/RiaApplication.cpp:803
  [11] RicOpenProjectFeature::onActionTriggered(bool) at ResInsight/ApplicationLibCode/Commands/ApplicationCommands/RicOpenProjectFeature.cpp:50
  [12] caf::CmdFeature::actionTriggered(bool) at ResInsight/Fwk/AppFwk/cafCommand/cafCmdFeature.cpp:176
  [13]  at :0
  [14] QAction::triggered(bool) at :0
  [15] QAction::activate(QAction::ActionEvent) at :0
  [16]  at :0
  [17]  at :0
  [18] QWidget::event(QEvent*) at :0
  [19] QApplicationPrivate::notify_helper(QObject*, QEvent*) at :0
  [20] QApplication::notify(QObject*, QEvent*) at :0
  [21] RiaGuiApplication::notify(QObject*, QEvent*) at ResInsight/ApplicationLibCode/Application/RiaGuiApplication.cpp:1828
  [22] QCoreApplication::notifyInternal2(QObject*, QEvent*) at :0
  [23] QApplicationPrivate::sendMouseEvent(QWidget*, QMouseEvent*, QWidget*, QWidget*, QWidget**, QPointer<QWidget>&, bool, bool) at :0
  [24]  at :0
  [25]  at :0
  [26] QApplicationPrivate::notify_helper(QObject*, QEvent*) at :0
  [27] RiaGuiApplication::notify(QObject*, QEvent*) at ResInsight/ApplicationLibCode/Application/RiaGuiApplication.cpp:1828
  [28] QCoreApplication::notifyInternal2(QObject*, QEvent*) at :0
  [29] QGuiApplicationPrivate::processMouseEvent(QWindowSystemInterfacePrivate::MouseEvent*) at :0
  [30] QWindowSystemInterface::sendWindowSystemEvents(QFlags<QEventLoop::ProcessEventsFlag>) at :0
  [31]  at :0
  [32] g_main_context_dispatch at :0
  [33] g_main_context_iterate.isra.20 at :0
  [34] g_main_context_iteration at :0
  [35] QEventDispatcherGlib::processEvents(QFlags<QEventLoop::ProcessEventsFlag>) at :0
  [36] QEventLoop::exec(QFlags<QEventLoop::ProcessEventsFlag>) at :0
  [37] QCoreApplication::exec() at :0
  [38] main at ResInsight/ApplicationExeCode/RiaMain.cpp:267
  [39] __libc_start_main at :0
  [40] _start at :0
  [41]  at :0
"
2026-07-21T12:06:09.213Z,2026.06.1,"  [0] performCrashLogging at ResInsight/ApplicationExeCode/RiaMainTools.cpp:170
  [1] manageSegFailureSA(int, siginfo_t*, void*) at ResInsight/ApplicationExeCode/RiaMainTools.cpp:302
  [2]  at :0
  [3] QWidgetPrivate::shouldPaintOnScreen() const at :0
  [4] QWidgetRepaintManager::markNeedsFlush(QWidget*, QRegion const&, QPoint const&) at :0
  [5] QWidgetPrivate::drawWidget(QPaintDevice*, QRegion const&, QPoint const&, QFlags<QWidgetPrivate::DrawWidgetFlag>, QPainter*, QWidgetRepaintManager*) at :0
  [6] QWidgetPrivate::paintSiblingsRecursive(QPaintDevice*, QList<QObject*> const&, int, QRegion const&, QPoint const&, QFlags<QWidgetPrivate::DrawWidgetFlag>, QPainter*, QWidgetRepaintManager*) at :0
  [7] QWidgetPrivate::drawWidget(QPaintDevice*, QRegion const&, QPoint const&, QFlags<QWidgetPrivate::DrawWidgetFlag>, QPainter*, QWidgetRepaintManager*) at :0
  [8] QWidgetPrivate::paintSiblingsRecursive(QPaintDevice*, QList<QObject*> const&, int, QRegion const&, QPoint const&, QFlags<QWidgetPrivate::DrawWidgetFlag>, QPainter*, QWidgetRepaintManager*) at :0
  [9] QWidgetPrivate::drawWidget(QPaintDevice*, QRegion const&, QPoint const&, QFlags<QWidgetPrivate::DrawWidgetFlag>, QPainter*, QWidgetRepaintManager*) at :0
  [10] QWidgetPrivate::paintSiblingsRecursive(QPaintDevice*, QList<QObject*> const&, int, QRegion const&, QPoint const&, QFlags<QWidgetPrivate::DrawWidgetFlag>, QPainter*, QWidgetRepaintManager*) at :0
  [11] QWidgetPrivate::drawWidget(QPaintDevice*, QRegion const&, QPoint const&, QFlags<QWidgetPrivate::DrawWidgetFlag>, QPainter*, QWidgetRepaintManager*) at :0
  [12] QWidgetPrivate::paintSiblingsRecursive(QPaintDevice*, QList<QObject*> const&, int, QRegion const&, QPoint const&, QFlags<QWidgetPrivate::DrawWidgetFlag>, QPainter*, QWidgetRepaintManager*) at :0
  [13] QWidgetPrivate::paintSiblingsRecursive(QPaintDevice*, QList<QObject*> const&, int, QRegion const&, QPoint const&, QFlags<QWidgetPrivate::DrawWidgetFlag>, QPainter*, QWidgetRepaintManager*) at :0
  [14] QWidgetPrivate::paintSiblingsRecursive(QPaintDevice*, QList<QObject*> const&, int, QRegion const&, QPoint const&, QFlags<QWidgetPrivate::DrawWidgetFlag>, QPainter*, QWidgetRepaintManager*) at :0
  [15] QWidgetPrivate::paintSiblingsRecursive(QPaintDevice*, QList<QObject*> const&, int, QRegion const&, QPoint const&, QFlags<QWidgetPrivate::DrawWidgetFlag>, QPainter*, QWidgetRepaintManager*) at :0
  [16] QWidgetPrivate::paintSiblingsRecursive(QPaintDevice*, QList<QObject*> const&, int, QRegion const&, QPoint const&, QFlags<QWidgetPrivate::DrawWidgetFlag>, QPainter*, QWidgetRepaintManager*) at :0
  [17] QWidgetPrivate::paintSiblingsRecursive(QPaintDevice*, QList<QObject*> const&, int, QRegion const&, QPoint const&, QFlags<QWidgetPrivate::DrawWidgetFlag>, QPainter*, QWidgetRepaintManager*) at :0
  [18] QWidgetPrivate::paintSiblingsRecursive(QPaintDevice*, QList<QObject*> const&, int, QRegion const&, QPoint const&, QFlags<QWidgetPrivate::DrawWidgetFlag>, QPainter*, QWidgetRepaintManager*) at :0
  [19] QWidgetPrivate::paintSiblingsRecursive(QPaintDevice*, QList<QObject*> const&, int, QRegion const&, QPoint const&, QFlags<QWidgetPrivate::DrawWidgetFlag>, QPainter*, QWidgetRepaintManager*) at :0
  [20] QWidgetPrivate::paintSiblingsRecursive(QPaintDevice*, QList<QObject*> const&, int, QRegion const&, QPoint const&, QFlags<QWidgetPrivate::DrawWidgetFlag>, QPainter*, QWidgetRepaintManager*) at :0
  [21] QWidgetPrivate::drawWidget(QPaintDevice*, QRegion const&, QPoint const&, QFlags<QWidgetPrivate::DrawWidgetFlag>, QPainter*, QWidgetRepaintManager*) at :0
  [22] QWidgetPrivate::paintSiblingsRecursive(QPaintDevice*, QList<QObject*> const&, int, QRegion const&, QPoint const&, QFlags<QWidgetPrivate::DrawWidgetFlag>, QPainter*, QWidgetRepaintManager*) at :0
  [23] QWidgetPrivate::drawWidget(QPaintDevice*, QRegion const&, QPoint const&, QFlags<QWidgetPrivate::DrawWidgetFlag>, QPainter*, QWidgetRepaintManager*) at :0
  [24] QWidgetPrivate::paintSiblingsRecursive(QPaintDevice*, QList<QObject*> const&, int, QRegion const&, QPoint const&, QFlags<QWidgetPrivate::DrawWidgetFlag>, QPainter*, QWidgetRepaintManager*) at :0
  [25] QWidgetPrivate::drawWidget(QPaintDevice*, QRegion const&, QPoint const&, QFlags<QWidgetPrivate::DrawWidgetFlag>, QPainter*, QWidgetRepaintManager*) at :0
  [26] QWidgetPrivate::paintSiblingsRecursive(QPaintDevice*, QList<QObject*> const&, int, QRegion const&, QPoint const&, QFlags<QWidgetPrivate::DrawWidgetFlag>, QPainter*, QWidgetRepaintManager*) at :0
  [27] QWidgetPrivate::drawWidget(QPaintDevice*, QRegion const&, QPoint const&, QFlags<QWidgetPrivate::DrawWidgetFlag>, QPainter*, QWidgetRepaintManager*) at :0
  [28] QWidgetPrivate::paintSiblingsRecursive(QPaintDevice*, QList<QObject*> const&, int, QRegion const&, QPoint const&, QFlags<QWidgetPrivate::DrawWidgetFlag>, QPainter*, QWidgetRepaintManager*) at :0
  [29] QWidgetPrivate::drawWidget(QPaintDevice*, QRegion const&, QPoint const&, QFlags<QWidgetPrivate::DrawWidgetFlag>, QPainter*, QWidgetRepaintManager*) at :0
  [30] QWidgetPrivate::paintSiblingsRecursive(QPaintDevice*, QList<QObject*> const&, int, QRegion const&, QPoint const&, QFlags<QWidgetPrivate::DrawWidgetFlag>, QPainter*, QWidgetRepaintManager*) at :0
  [31] QWidgetPrivate::drawWidget(QPaintDevice*, QRegion const&, QPoint const&, QFlags<QWidgetPrivate::DrawWidgetFlag>, QPainter*, QWidgetRepaintManager*) at :0
  [32] QWidgetPrivate::paintSiblingsRecursive(QPaintDevice*, QList<QObject*> const&, int, QRegion const&, QPoint const&, QFlags<QWidgetPrivate::DrawWidgetFlag>, QPainter*, QWidgetRepaintManager*) at :0
  [33] QWidgetPrivate::drawWidget(QPaintDevice*, QRegion const&, QPoint const&, QFlags<QWidgetPrivate::DrawWidgetFlag>, QPainter*, QWidgetRepaintManager*) at :0
  [34] QWidgetPrivate::paintSiblingsRecursive(QPaintDevice*, QList<QObject*> const&, int, QRegion const&, QPoint const&, QFlags<QWidgetPrivate::DrawWidgetFlag>, QPainter*, QWidgetRepaintManager*) at :0
  [35] QWidgetPrivate::drawWidget(QPaintDevice*, QRegion const&, QPoint const&, QFlags<QWidgetPrivate::DrawWidgetFlag>, QPainter*, QWidgetRepaintManager*) at :0
  [36] QWidgetPrivate::paintSiblingsRecursive(QPaintDevice*, QList<QObject*> const&, int, QRegion const&, QPoint const&, QFlags<QWidgetPrivate::DrawWidgetFlag>, QPainter*, QWidgetRepaintManager*) at :0
  [37] QWidgetPrivate::drawWidget(QPaintDevice*, QRegion const&, QPoint const&, QFlags<QWidgetPrivate::DrawWidgetFlag>, QPainter*, QWidgetRepaintManager*) at :0
  [38] QWidgetPrivate::paintSiblingsRecursive(QPaintDevice*, QList<QObject*> const&, int, QRegion const&, QPoint const&, QFlags<QWidgetPrivate::DrawWidgetFlag>, QPainter*, QWidgetRepaintManager*) at :0
  [39] QWidgetPrivate::drawWidget(QPaintDevice*, QRegion const&, QPoint const&, QFlags<QWidgetPrivate::DrawWidgetFlag>, QPainter*, QWidgetRepaintManager*) at :0
  [40] QWidgetPrivate::paintSiblingsRecursive(QPaintDevice*, QList<QObject*> const&, int, QRegion const&, QPoint const&, QFlags<QWidgetPrivate::DrawWidgetFlag>, QPainter*, QWidgetRepaintManager*) at :0
  [41] QWidgetPrivate::drawWidget(QPaintDevice*, QRegion const&, QPoint const&, QFlags<QWidgetPrivate::DrawWidgetFlag>, QPainter*, QWidgetRepaintManager*) at :0
  [42] QWidgetPrivate::paintSiblingsRecursive(QPaintDevice*, QList<QObject*> const&, int, QRegion const&, QPoint const&, QFlags<QWidgetPrivate::DrawWidgetFlag>, QPainter*, QWidgetRepaintManager*) at :0
  [43] QWidgetPrivate::paintSiblingsRecursive(QPaintDevice*, QList<QObject*> const&, int, QRegion const&, QPoint const&, QFlags<QWidgetPrivate::DrawWidgetFlag>, QPainter*, QWidgetRepaintManager*) at :0
  [44] QWidgetPrivate::paintSiblingsRecursive(QPaintDevice*, QList<QObject*> const&, int, QRegion const&, QPoint const&, QFlags<QWidgetPrivate::DrawWidgetFlag>, QPainter*, QWidgetRepaintManager*) at :0
  [45] QWidgetPrivate::drawWidget(QPaintDevice*, QRegion const&, QPoint const&, QFlags<QWidgetPrivate::DrawWidgetFlag>, QPainter*, QWidgetRepaintManager*) at :0
  [46] QWidgetPrivate::paintSiblingsRecursive(QPaintDevice*, QList<QObject*> const&, int, QRegion const&, QPoint const&, QFlags<QWidgetPrivate::DrawWidgetFlag>, QPainter*, QWidgetRepaintManager*) at :0
  [47] QWidgetPrivate::drawWidget(QPaintDevice*, QRegion const&, QPoint const&, QFlags<QWidgetPrivate::DrawWidgetFlag>, QPainter*, QWidgetRepaintManager*) at :0
  [48] QWidgetPrivate::paintSiblingsRecursive(QPaintDevice*, QList<QObject*> const&, int, QRegion const&, QPoint const&, QFlags<QWidgetPrivate::DrawWidgetFlag>, QPainter*, QWidgetRepaintManager*) at :0
  [49] QWidgetPrivate::paintSiblingsRecursive(QPaintDevice*, QList<QObject*> const&, int, QRegion const&, QPoint const&, QFlags<QWidgetPrivate::DrawWidgetFlag>, QPainter*, QWidgetRepaintManager*) at :0
  [50] QWidgetPrivate::paintSiblingsRecursive(QPaintDevice*, QList<QObject*> const&, int, QRegion const&, QPoint const&, QFlags<QWidgetPrivate::DrawWidgetFlag>, QPainter*, QWidgetRepaintManager*) at :0
  [51] QWidgetPrivate::paintSiblingsRecursive(QPaintDevice*, QList<QObject*> const&, int, QRegion const&, QPoint const&, QFlags<QWidgetPrivate::DrawWidgetFlag>, QPainter*, QWidgetRepaintManager*) at :0
  [52] QWidgetPrivate::paintSiblingsRecursive(QPaintDevice*, QList<QObject*> const&, int, QRegion const&, QPoint const&, QFlags<QWidgetPrivate::DrawWidgetFlag>, QPainter*, QWidgetRepaintManager*) at :0
  [53] QWidgetPrivate::paintSiblingsRecursive(QPaintDevice*, QList<QObject*> const&, int, QRegion const&, QPoint const&, QFlags<QWidgetPrivate::DrawWidgetFlag>, QPainter*, QWidgetRepaintManager*) at :0
  [54] QWidgetPrivate::paintSiblingsRecursive(QPaintDevice*, QList<QObject*> const&, int, QRegion const&, QPoint const&, QFlags<QWidgetPrivate::DrawWidgetFlag>, QPainter*, QWidgetRepaintManager*) at :0
  [55] QWidgetPrivate::drawWidget(QPaintDevice*, QRegion const&, QPoint const&, QFlags<QWidgetPrivate::DrawWidgetFlag>, QPainter*, QWidgetRepaintManager*) at :0
  [56] QWidgetRepaintManager::paintAndFlush() at :0
  [57] QWidget::event(QEvent*) at :0
  [58] QApplicationPrivate::notify_helper(QObject*, QEvent*) at :0
  [59] RiaGuiApplication::notify(QObject*, QEvent*) at ResInsight/ApplicationLibCode/Application/RiaGuiApplication.cpp:1828
  [60] QCoreApplication::notifyInternal2(QObject*, QEvent*) at :0
  [61] QCoreApplicationPrivate::sendPostedEvents(QObject*, int, QThreadData*) at :0
  [62]  at :0
  [63] g_main_context_dispatch at :0
  [64] g_main_context_iterate.isra.20 at :0
  [65] g_main_context_iteration at :0
  [66] QEventDispatcherGlib::processEvents(QFlags<QEventLoop::ProcessEventsFlag>) at :0
  [67] QEventLoop::exec(QFlags<QEventLoop::ProcessEventsFlag>) at :0
  [68] QCoreApplication::exec() at :0
  [69] main at ResInsight/ApplicationExeCode/RiaMain.cpp:267
  [70] __libc_start_main at :0
  [71] _start at :0
  [72]  at :0
"
2026-07-21T12:02:24.817Z,2026.06.1,"  [0] performCrashLogging at ResInsight/ApplicationExeCode/RiaMainTools.cpp:170
  [1] manageSegFailureSA(int, siginfo_t*, void*) at ResInsight/ApplicationExeCode/RiaMainTools.cpp:302
  [2]  at :0
  [3] std::__atomic_base<int>::fetch_add(int, std::memory_order) at /opt/rh/gcc-toolset-13/root/usr/include/c++/13/bits/atomic_base.h:635
  [4] RigEclipseCaseData::formationNames() const at ResInsight/ApplicationLibCode/ReservoirDataModel/RigEclipseCaseData.cpp:804
  [5] RimEclipseResultDefinition::hasCategoryResult() const at ResInsight/ApplicationLibCode/ProjectDataModel/RimEclipseResultDefinition.cpp:1461
  [6] RiuResultTextBuilder::cellResultTextAndValueText(RimEclipseResultDefinition*) at ResInsight/ApplicationLibCode/UserInterface/RiuResultTextBuilder.cpp:1110
  [7] RiuResultTextBuilder::cellResultText(std::vector<RimEclipseResultDefinition*, std::allocator<RimEclipseResultDefinition*> > const&, bool) at ResInsight/ApplicationLibCode/UserInterface/RiuResultTextBuilder.cpp:998
  [8] RiuResultTextBuilder::gridResultText() at ResInsight/ApplicationLibCode/UserInterface/RiuResultTextBuilder.cpp:490
  [9] RiuResultTextBuilder::resultTextFromLinkedViews() const at ResInsight/ApplicationLibCode/UserInterface/RiuResultTextBuilder.cpp:829
  [10] RiuResultTextBuilder::gridResultDetails() at ResInsight/ApplicationLibCode/UserInterface/RiuResultTextBuilder.cpp:377
  [11] RiuResultTextBuilder::mainResultText() at ResInsight/ApplicationLibCode/UserInterface/RiuResultTextBuilder.cpp:189
  [12] RiuSelectionChangedHandler::updateResultInfo(RiuSelectionItem const*) const at ResInsight/ApplicationLibCode/UserInterface/RiuSelectionChangedHandler.cpp:389
  [13] RiuSelectionChangedHandler::handleItemAppended(RiuSelectionItem const*) const at ResInsight/ApplicationLibCode/UserInterface/RiuSelectionChangedHandler.cpp:132
  [14] Riu3dSelectionManager::updateSelectedItems() at ResInsight/ApplicationLibCode/UserInterface/Riu3dSelectionManager.cpp:114
  [15] RiuTimeStepChangedHandler::handleTimeStepChanged(Rim3dView*) const at ResInsight/ApplicationLibCode/UserInterface/RiuTimeStepChangedHandler.cpp:101
  [16] Rim3dView::setCurrentTimeStep(int) at ResInsight/ApplicationLibCode/ProjectDataModel/Rim3dView.cpp:650
  [17] non-virtual thunk to Rim3dView::setCurrentTimeStepAndUpdate(int) at ResInsight/ApplicationLibCode/ProjectDataModel/Rim3dView.h:156
  [18] RiuViewer::setCurrentFrame(int) at ResInsight/ApplicationLibCode/UserInterface/RiuViewer.cpp:1042
  [19] RiuViewer::slotSetCurrentFrame(int) at ResInsight/ApplicationLibCode/UserInterface/RiuViewer.cpp:357
  [20]  at :0
  [21] caf::FrameAnimationControl::changeFrame(int) at ResInsight/cmakebuild/Fwk/AppFwk/cafAnimControl/cafAnimControl_autogen/EWIEGA46WW/moc_cafFrameAnimationControl.cpp:321
  [22]  at :0
  [23] QTimer::timeout(QTimer::QPrivateSignal) at :0
  [24] QObject::event(QEvent*) at :0
  [25] QApplicationPrivate::notify_helper(QObject*, QEvent*) at :0
  [26] RiaGuiApplication::notify(QObject*, QEvent*) at ResInsight/ApplicationLibCode/Application/RiaGuiApplication.cpp:1828
  [27] QCoreApplication::notifyInternal2(QObject*, QEvent*) at :0
  [28] QTimerInfoList::activateTimers() at :0
  [29]  at :0
  [30] g_main_context_dispatch at :0
  [31] g_main_context_iterate.isra.20 at :0
  [32] g_main_context_iteration at :0
  [33] QEventDispatcherGlib::processEvents(QFlags<QEventLoop::ProcessEventsFlag>) at :0
  [34] QEventLoop::exec(QFlags<QEventLoop::ProcessEventsFlag>) at :0
  [35] QCoreApplication::exec() at :0
  [36] main at ResInsight/ApplicationExeCode/RiaMain.cpp:267
  [37] __libc_start_main at :0
  [38] _start at :0
  [39]  at :0
"
2026-07-21T07:16:36.919Z,2026.06.1,"  [0] performCrashLogging at ResInsight/ApplicationExeCode/RiaMainTools.cpp:170
  [1] manageSegFailureSA(int, siginfo_t*, void*) at ResInsight/ApplicationExeCode/RiaMainTools.cpp:302
  [2]  at :0
  [3] QArrayDataPointer<char16_t>::QArrayDataPointer(QArrayDataPointer<char16_t> const&) at /private/f_resinsight_build/resbuild/qt/6.6.3/gcc_64/include/QtCore/qarraydatapointer.h:38
  [4] RigEclipseCaseData::formationNames() const at ResInsight/ApplicationLibCode/ReservoirDataModel/RigEclipseCaseData.cpp:804
  [5] RimEclipseResultDefinition::hasCategoryResult() const at ResInsight/ApplicationLibCode/ProjectDataModel/RimEclipseResultDefinition.cpp:1461
  [6] RimEclipseResultDefinitionTools::updateCellResultLegend(RimEclipseResultDefinition const*, RimRegularLegendConfig*, int, RimEclipseView*) at ResInsight/ApplicationLibCode/ProjectDataModel/RimEclipseResultDefinitionTools.cpp:540
  [7] RimEclipseResultDefinition::updateRangesForExplicitLegends(RimRegularLegendConfig*, RimTernaryLegendConfig*, int, RimEclipseView*) at ResInsight/ApplicationLibCode/ProjectDataModel/RimEclipseResultDefinition.cpp:1710
  [8] RimEclipseView::updateLegendRangesTextAndVisibility(RimRegularLegendConfig*, RimTernaryLegendConfig*, QString, RimEclipseResultDefinition*, int) at ResInsight/ApplicationLibCode/ProjectDataModel/RimEclipseView.cpp:1699
  [9] RimEclipseView::onUpdateLegends() at ResInsight/ApplicationLibCode/ProjectDataModel/RimEclipseView.cpp:1568
  [10] RimEclipseView::onUpdateDisplayModelForCurrentTimeStep() at ResInsight/ApplicationLibCode/ProjectDataModel/RimEclipseView.cpp:936
  [11] Rim3dView::updateDisplayModelForCurrentTimeStepAndRedraw() at ResInsight/ApplicationLibCode/ProjectDataModel/Rim3dView.cpp:673
  [12] RiuViewer::setCurrentFrame(int) at ResInsight/ApplicationLibCode/UserInterface/RiuViewer.cpp:1042
  [13] RimEclipseView::onCreateDisplayModel() at ResInsight/ApplicationLibCode/ProjectDataModel/RimEclipseView.cpp:849
  [14] Rim3dView::createDisplayModelAndRedraw() at ResInsight/ApplicationLibCode/ProjectDataModel/Rim3dView.cpp:718
  [15] RiaViewRedrawScheduler::updateAndRedrawScheduledViews() at ResInsight/ApplicationLibCode/Application/RiaViewRedrawScheduler.cpp:93
  [16]  at :0
  [17] QTimer::timeout(QTimer::QPrivateSignal) at :0
  [18] QObject::event(QEvent*) at :0
  [19] QApplicationPrivate::notify_helper(QObject*, QEvent*) at :0
  [20] RiaGuiApplication::notify(QObject*, QEvent*) at ResInsight/ApplicationLibCode/Application/RiaGuiApplication.cpp:1828
  [21] QCoreApplication::notifyInternal2(QObject*, QEvent*) at :0
  [22] QTimerInfoList::activateTimers() at :0
  [23]  at :0
  [24] g_main_context_dispatch at :0
  [25] g_main_context_iterate.isra.20 at :0
  [26] g_main_context_iteration at :0
  [27] QEventDispatcherGlib::processEvents(QFlags<QEventLoop::ProcessEventsFlag>) at :0
  [28] QEventLoop::exec(QFlags<QEventLoop::ProcessEventsFlag>) at :0
  [29] QCoreApplication::exec() at :0
  [30] main at ResInsight/ApplicationExeCode/RiaMain.cpp:267
  [31] __libc_start_main at :0
  [32] _start at :0
  [33]  at :0
"
2026-07-21T07:06:23.376Z,2026.06.1,"  [0] performCrashLogging at ResInsight/ApplicationExeCode/RiaMainTools.cpp:170
  [1] manageSegFailureSA(int, siginfo_t*, void*) at ResInsight/ApplicationExeCode/RiaMainTools.cpp:302
  [2]  at :0
  [3] std::__atomic_base<int>::fetch_add(int, std::memory_order) at /opt/rh/gcc-toolset-13/root/usr/include/c++/13/bits/atomic_base.h:635
  [4] RigEclipseCaseData::formationNames() const at ResInsight/ApplicationLibCode/ReservoirDataModel/RigEclipseCaseData.cpp:804
  [5] RimEclipseResultDefinition::hasCategoryResult() const at ResInsight/ApplicationLibCode/ProjectDataModel/RimEclipseResultDefinition.cpp:1461
  [6] RimEclipseResultDefinitionTools::updateCellResultLegend(RimEclipseResultDefinition const*, RimRegularLegendConfig*, int, RimEclipseView*) at ResInsight/ApplicationLibCode/ProjectDataModel/RimEclipseResultDefinitionTools.cpp:540
  [7] RimEclipseResultDefinition::updateRangesForExplicitLegends(RimRegularLegendConfig*, RimTernaryLegendConfig*, int, RimEclipseView*) at ResInsight/ApplicationLibCode/ProjectDataModel/RimEclipseResultDefinition.cpp:1710
  [8] RimEclipseView::updateLegendRangesTextAndVisibility(RimRegularLegendConfig*, RimTernaryLegendConfig*, QString, RimEclipseResultDefinition*, int) at ResInsight/ApplicationLibCode/ProjectDataModel/RimEclipseView.cpp:1699
  [9] RimEclipseView::onUpdateLegends() at ResInsight/ApplicationLibCode/ProjectDataModel/RimEclipseView.cpp:1568
  [10] RimEclipseView::onUpdateDisplayModelForCurrentTimeStep() at ResInsight/ApplicationLibCode/ProjectDataModel/RimEclipseView.cpp:936
  [11] Rim3dView::updateDisplayModelForCurrentTimeStepAndRedraw() at ResInsight/ApplicationLibCode/ProjectDataModel/Rim3dView.cpp:673
  [12] RiuViewer::setCurrentFrame(int) at ResInsight/ApplicationLibCode/UserInterface/RiuViewer.cpp:1042
  [13] RimEclipseView::onCreateDisplayModel() at ResInsight/ApplicationLibCode/ProjectDataModel/RimEclipseView.cpp:849
  [14] Rim3dView::createDisplayModelAndRedraw() at ResInsight/ApplicationLibCode/ProjectDataModel/Rim3dView.cpp:718
  [15] RiaViewRedrawScheduler::updateAndRedrawScheduledViews() at ResInsight/ApplicationLibCode/Application/RiaViewRedrawScheduler.cpp:93
  [16]  at :0
  [17] QTimer::timeout(QTimer::QPrivateSignal) at :0
  [18] QObject::event(QEvent*) at :0
  [19] QApplicationPrivate::notify_helper(QObject*, QEvent*) at :0
  [20] RiaGuiApplication::notify(QObject*, QEvent*) at ResInsight/ApplicationLibCode/Application/RiaGuiApplication.cpp:1828
  [21] QCoreApplication::notifyInternal2(QObject*, QEvent*) at :0
  [22] QTimerInfoList::activateTimers() at :0
  [23]  at :0
  [24] g_main_context_dispatch at :0
  [25] g_main_context_iterate.isra.20 at :0
  [26] g_main_context_iteration at :0
  [27] QEventDispatcherGlib::processEvents(QFlags<QEventLoop::ProcessEventsFlag>) at :0
  [28] QEventLoop::exec(QFlags<QEventLoop::ProcessEventsFlag>) at :0
  [29] QCoreApplication::exec() at :0
  [30] main at ResInsight/ApplicationExeCode/RiaMain.cpp:267
  [31] __libc_start_main at :0
  [32] _start at :0
  [33]  at :0
"
2026-07-20T13:30:56.022Z,2026.06.1,"  [0] performCrashLogging at ResInsight/ApplicationExeCode/RiaMainTools.cpp:170
  [1] manageSegFailureSA(int, siginfo_t*, void*) at ResInsight/ApplicationExeCode/RiaMainTools.cpp:302
  [2]  at :0
  [3] std::__atomic_base<int>::fetch_add(int, std::memory_order) at /opt/rh/gcc-toolset-13/root/usr/include/c++/13/bits/atomic_base.h:635
  [4] RigEclipseCaseData::formationNames() const at ResInsight/ApplicationLibCode/ReservoirDataModel/RigEclipseCaseData.cpp:804
  [5] RimEclipseResultDefinition::hasCategoryResult() const at ResInsight/ApplicationLibCode/ProjectDataModel/RimEclipseResultDefinition.cpp:1461
  [6] RiuResultTextBuilder::cellResultTextAndValueText(RimEclipseResultDefinition*) at ResInsight/ApplicationLibCode/UserInterface/RiuResultTextBuilder.cpp:1110
  [7] RiuResultTextBuilder::cellResultText(std::vector<RimEclipseResultDefinition*, std::allocator<RimEclipseResultDefinition*> > const&, bool) at ResInsight/ApplicationLibCode/UserInterface/RiuResultTextBuilder.cpp:998
  [8] RiuResultTextBuilder::gridResultText() at ResInsight/ApplicationLibCode/UserInterface/RiuResultTextBuilder.cpp:490
  [9] RiuResultTextBuilder::mainResultText() at ResInsight/ApplicationLibCode/UserInterface/RiuResultTextBuilder.cpp:171
  [10] RiuSelectionChangedHandler::updateResultInfo(RiuSelectionItem const*) const at ResInsight/ApplicationLibCode/UserInterface/RiuSelectionChangedHandler.cpp:389
  [11] RiuSelectionChangedHandler::handleItemAppended(RiuSelectionItem const*) const at ResInsight/ApplicationLibCode/UserInterface/RiuSelectionChangedHandler.cpp:132
  [12] RiuCellAndNncPickEventHandler::handle3dPickEvent(Ric3dPickEvent const&) at ResInsight/ApplicationLibCode/UserInterface/RiuCellAndNncPickEventHandler.cpp:459
  [13] RiuViewerCommands::handlePickAction(int, int, QFlags<Qt::KeyboardModifier>) at ResInsight/ApplicationLibCode/UserInterface/RiuViewerCommands.cpp:718
  [14] QWidget::event(QEvent*) at :0
  [15] QApplicationPrivate::notify_helper(QObject*, QEvent*) at :0
  [16] QApplication::notify(QObject*, QEvent*) at :0
  [17] RiaGuiApplication::notify(QObject*, QEvent*) at ResInsight/ApplicationLibCode/Application/RiaGuiApplication.cpp:1828
  [18] QCoreApplication::notifyInternal2(QObject*, QEvent*) at :0
  [19] QApplicationPrivate::sendMouseEvent(QWidget*, QMouseEvent*, QWidget*, QWidget*, QWidget**, QPointer<QWidget>&, bool, bool) at :0
  [20]  at :0
  [21]  at :0
  [22] QApplicationPrivate::notify_helper(QObject*, QEvent*) at :0
  [23] RiaGuiApplication::notify(QObject*, QEvent*) at ResInsight/ApplicationLibCode/Application/RiaGuiApplication.cpp:1828
  [24] QCoreApplication::notifyInternal2(QObject*, QEvent*) at :0
  [25] QGuiApplicationPrivate::processMouseEvent(QWindowSystemInterfacePrivate::MouseEvent*) at :0
  [26] QWindowSystemInterface::sendWindowSystemEvents(QFlags<QEventLoop::ProcessEventsFlag>) at :0
  [27]  at :0
  [28] g_main_context_dispatch at :0
  [29] g_main_context_iterate.isra.20 at :0
  [30] g_main_context_iteration at :0
  [31] QEventDispatcherGlib::processEvents(QFlags<QEventLoop::ProcessEventsFlag>) at :0
  [32] QEventLoop::exec(QFlags<QEventLoop::ProcessEventsFlag>) at :0
  [33] QCoreApplication::exec() at :0
  [34] main at ResInsight/ApplicationExeCode/RiaMain.cpp:267
  [35] __libc_start_main at :0
  [36] _start at :0
  [37]  at :0
"
2026-07-20T13:26:51.925Z,2026.06.1,"  [0] performCrashLogging at ResInsight/ApplicationExeCode/RiaMainTools.cpp:170
  [1] manageSegFailureSA(int, siginfo_t*, void*) at ResInsight/ApplicationExeCode/RiaMainTools.cpp:302
  [2]  at :0
  [3] QWidgetPrivate::shouldPaintOnScreen() const at :0
  [4] QWidgetRepaintManager::markNeedsFlush(QWidget*, QRegion const&, QPoint const&) at :0
  [5] QWidgetPrivate::drawWidget(QPaintDevice*, QRegion const&, QPoint const&, QFlags<QWidgetPrivate::DrawWidgetFlag>, QPainter*, QWidgetRepaintManager*) at :0
  [6] QWidgetPrivate::paintSiblingsRecursive(QPaintDevice*, QList<QObject*> const&, int, QRegion const&, QPoint const&, QFlags<QWidgetPrivate::DrawWidgetFlag>, QPainter*, QWidgetRepaintManager*) at :0
  [7] QWidgetPrivate::drawWidget(QPaintDevice*, QRegion const&, QPoint const&, QFlags<QWidgetPrivate::DrawWidgetFlag>, QPainter*, QWidgetRepaintManager*) at :0
  [8] QWidgetPrivate::paintSiblingsRecursive(QPaintDevice*, QList<QObject*> const&, int, QRegion const&, QPoint const&, QFlags<QWidgetPrivate::DrawWidgetFlag>, QPainter*, QWidgetRepaintManager*) at :0
  [9] QWidgetPrivate::drawWidget(QPaintDevice*, QRegion const&, QPoint const&, QFlags<QWidgetPrivate::DrawWidgetFlag>, QPainter*, QWidgetRepaintManager*) at :0
  [10] QWidgetPrivate::paintSiblingsRecursive(QPaintDevice*, QList<QObject*> const&, int, QRegion const&, QPoint const&, QFlags<QWidgetPrivate::DrawWidgetFlag>, QPainter*, QWidgetRepaintManager*) at :0
  [11] QWidgetPrivate::drawWidget(QPaintDevice*, QRegion const&, QPoint const&, QFlags<QWidgetPrivate::DrawWidgetFlag>, QPainter*, QWidgetRepaintManager*) at :0
  [12] QWidgetPrivate::paintSiblingsRecursive(QPaintDevice*, QList<QObject*> const&, int, QRegion const&, QPoint const&, QFlags<QWidgetPrivate::DrawWidgetFlag>, QPainter*, QWidgetRepaintManager*) at :0
  [13] QWidgetPrivate::paintSiblingsRecursive(QPaintDevice*, QList<QObject*> const&, int, QRegion const&, QPoint const&, QFlags<QWidgetPrivate::DrawWidgetFlag>, QPainter*, QWidgetRepaintManager*) at :0
  [14] QWidgetPrivate::paintSiblingsRecursive(QPaintDevice*, QList<QObject*> const&, int, QRegion const&, QPoint const&, QFlags<QWidgetPrivate::DrawWidgetFlag>, QPainter*, QWidgetRepaintManager*) at :0
  [15] QWidgetPrivate::paintSiblingsRecursive(QPaintDevice*, QList<QObject*> const&, int, QRegion const&, QPoint const&, QFlags<QWidgetPrivate::DrawWidgetFlag>, QPainter*, QWidgetRepaintManager*) at :0
  [16] QWidgetPrivate::drawWidget(QPaintDevice*, QRegion const&, QPoint const&, QFlags<QWidgetPrivate::DrawWidgetFlag>, QPainter*, QWidgetRepaintManager*) at :0
  [17] QWidgetPrivate::paintSiblingsRecursive(QPaintDevice*, QList<QObject*> const&, int, QRegion const&, QPoint const&, QFlags<QWidgetPrivate::DrawWidgetFlag>, QPainter*, QWidgetRepaintManager*) at :0
  [18] QWidgetPrivate::drawWidget(QPaintDevice*, QRegion const&, QPoint const&, QFlags<QWidgetPrivate::DrawWidgetFlag>, QPainter*, QWidgetRepaintManager*) at :0
  [19] QWidgetPrivate::paintSiblingsRecursive(QPaintDevice*, QList<QObject*> const&, int, QRegion const&, QPoint const&, QFlags<QWidgetPrivate::DrawWidgetFlag>, QPainter*, QWidgetRepaintManager*) at :0
  [20] QWidgetPrivate::drawWidget(QPaintDevice*, QRegion const&, QPoint const&, QFlags<QWidgetPrivate::DrawWidgetFlag>, QPainter*, QWidgetRepaintManager*) at :0
  [21] QWidgetPrivate::paintSiblingsRecursive(QPaintDevice*, QList<QObject*> const&, int, QRegion const&, QPoint const&, QFlags<QWidgetPrivate::DrawWidgetFlag>, QPainter*, QWidgetRepaintManager*) at :0
  [22] QWidgetPrivate::drawWidget(QPaintDevice*, QRegion const&, QPoint const&, QFlags<QWidgetPrivate::DrawWidgetFlag>, QPainter*, QWidgetRepaintManager*) at :0
  [23] QWidgetPrivate::paintSiblingsRecursive(QPaintDevice*, QList<QObject*> const&, int, QRegion const&, QPoint const&, QFlags<QWidgetPrivate::DrawWidgetFlag>, QPainter*, QWidgetRepaintManager*) at :0
  [24] QWidgetPrivate::drawWidget(QPaintDevice*, QRegion const&, QPoint const&, QFlags<QWidgetPrivate::DrawWidgetFlag>, QPainter*, QWidgetRepaintManager*) at :0
  [25] QWidgetPrivate::paintSiblingsRecursive(QPaintDevice*, QList<QObject*> const&, int, QRegion const&, QPoint const&, QFlags<QWidgetPrivate::DrawWidgetFlag>, QPainter*, QWidgetRepaintManager*) at :0
  [26] QWidgetPrivate::drawWidget(QPaintDevice*, QRegion const&, QPoint const&, QFlags<QWidgetPrivate::DrawWidgetFlag>, QPainter*, QWidgetRepaintManager*) at :0
  [27] QWidgetPrivate::paintSiblingsRecursive(QPaintDevice*, QList<QObject*> const&, int, QRegion const&, QPoint const&, QFlags<QWidgetPrivate::DrawWidgetFlag>, QPainter*, QWidgetRepaintManager*) at :0
  [28] QWidgetPrivate::drawWidget(QPaintDevice*, QRegion const&, QPoint const&, QFlags<QWidgetPrivate::DrawWidgetFlag>, QPainter*, QWidgetRepaintManager*) at :0
  [29] QWidgetPrivate::paintSiblingsRecursive(QPaintDevice*, QList<QObject*> const&, int, QRegion const&, QPoint const&, QFlags<QWidgetPrivate::DrawWidgetFlag>, QPainter*, QWidgetRepaintManager*) at :0
  [30] QWidgetPrivate::drawWidget(QPaintDevice*, QRegion const&, QPoint const&, QFlags<QWidgetPrivate::DrawWidgetFlag>, QPainter*, QWidgetRepaintManager*) at :0
  [31] QWidgetPrivate::paintSiblingsRecursive(QPaintDevice*, QList<QObject*> const&, int, QRegion const&, QPoint const&, QFlags<QWidgetPrivate::DrawWidgetFlag>, QPainter*, QWidgetRepaintManager*) at :0
  [32] QWidgetPrivate::drawWidget(QPaintDevice*, QRegion const&, QPoint const&, QFlags<QWidgetPrivate::DrawWidgetFlag>, QPainter*, QWidgetRepaintManager*) at :0
  [33] QWidgetPrivate::paintSiblingsRecursive(QPaintDevice*, QList<QObject*> const&, int, QRegion const&, QPoint const&, QFlags<QWidgetPrivate::DrawWidgetFlag>, QPainter*, QWidgetRepaintManager*) at :0
  [34] QWidgetPrivate::drawWidget(QPaintDevice*, QRegion const&, QPoint const&, QFlags<QWidgetPrivate::DrawWidgetFlag>, QPainter*, QWidgetRepaintManager*) at :0
  [35] QWidgetPrivate::paintSiblingsRecursive(QPaintDevice*, QList<QObject*> const&, int, QRegion const&, QPoint const&, QFlags<QWidgetPrivate::DrawWidgetFlag>, QPainter*, QWidgetRepaintManager*) at :0
  [36] QWidgetPrivate::drawWidget(QPaintDevice*, QRegion const&, QPoint const&, QFlags<QWidgetPrivate::DrawWidgetFlag>, QPainter*, QWidgetRepaintManager*) at :0
  [37] QWidgetPrivate::paintSiblingsRecursive(QPaintDevice*, QList<QObject*> const&, int, QRegion const&, QPoint const&, QFlags<QWidgetPrivate::DrawWidgetFlag>, QPainter*, QWidgetRepaintManager*) at :0
  [38] QWidgetPrivate::paintSiblingsRecursive(QPaintDevice*, QList<QObject*> const&, int, QRegion const&, QPoint const&, QFlags<QWidgetPrivate::DrawWidgetFlag>, QPainter*, QWidgetRepaintManager*) at :0
  [39] QWidgetPrivate::paintSiblingsRecursive(QPaintDevice*, QList<QObject*> const&, int, QRegion const&, QPoint const&, QFlags<QWidgetPrivate::DrawWidgetFlag>, QPainter*, QWidgetRepaintManager*) at :0
  [40] QWidgetPrivate::paintSiblingsRecursive(QPaintDevice*, QList<QObject*> const&, int, QRegion const&, QPoint const&, QFlags<QWidgetPrivate::DrawWidgetFlag>, QPainter*, QWidgetRepaintManager*) at :0
  [41] QWidgetPrivate::drawWidget(QPaintDevice*, QRegion const&, QPoint const&, QFlags<QWidgetPrivate::DrawWidgetFlag>, QPainter*, QWidgetRepaintManager*) at :0
  [42] QWidgetPrivate::paintSiblingsRecursive(QPaintDevice*, QList<QObject*> const&, int, QRegion const&, QPoint const&, QFlags<QWidgetPrivate::DrawWidgetFlag>, QPainter*, QWidgetRepaintManager*) at :0
  [43] QWidgetPrivate::drawWidget(QPaintDevice*, QRegion const&, QPoint const&, QFlags<QWidgetPrivate::DrawWidgetFlag>, QPainter*, QWidgetRepaintManager*) at :0
  [44] QWidgetPrivate::paintSiblingsRecursive(QPaintDevice*, QList<QObject*> const&, int, QRegion const&, QPoint const&, QFlags<QWidgetPrivate::DrawWidgetFlag>, QPainter*, QWidgetRepaintManager*) at :0
  [45] QWidgetPrivate::paintSiblingsRecursive(QPaintDevice*, QList<QObject*> const&, int, QRegion const&, QPoint const&, QFlags<QWidgetPrivate::DrawWidgetFlag>, QPainter*, QWidgetRepaintManager*) at :0
  [46] QWidgetPrivate::paintSiblingsRecursive(QPaintDevice*, QList<QObject*> const&, int, QRegion const&, QPoint const&, QFlags<QWidgetPrivate::DrawWidgetFlag>, QPainter*, QWidgetRepaintManager*) at :0
  [47] QWidgetPrivate::paintSiblingsRecursive(QPaintDevice*, QList<QObject*> const&, int, QRegion const&, QPoint const&, QFlags<QWidgetPrivate::DrawWidgetFlag>, QPainter*, QWidgetRepaintManager*) at :0
  [48] QWidgetPrivate::paintSiblingsRecursive(QPaintDevice*, QList<QObject*> const&, int, QRegion const&, QPoint const&, QFlags<QWidgetPrivate::DrawWidgetFlag>, QPainter*, QWidgetRepaintManager*) at :0
  [49] QWidgetPrivate::paintSiblingsRecursive(QPaintDevice*, QList<QObject*> const&, int, QRegion const&, QPoint const&, QFlags<QWidgetPrivate::DrawWidgetFlag>, QPainter*, QWidgetRepaintManager*) at :0
  [50] QWidgetPrivate::paintSiblingsRecursive(QPaintDevice*, QList<QObject*> const&, int, QRegion const&, QPoint const&, QFlags<QWidgetPrivate::DrawWidgetFlag>, QPainter*, QWidgetRepaintManager*) at :0
  [51] QWidgetPrivate::drawWidget(QPaintDevice*, QRegion const&, QPoint const&, QFlags<QWidgetPrivate::DrawWidgetFlag>, QPainter*, QWidgetRepaintManager*) at :0
  [52] QWidgetRepaintManager::paintAndFlush() at :0
  [53] QWidget::event(QEvent*) at :0
  [54] QApplicationPrivate::notify_helper(QObject*, QEvent*) at :0
  [55] RiaGuiApplication::notify(QObject*, QEvent*) at ResInsight/ApplicationLibCode/Application/RiaGuiApplication.cpp:1828
  [56] QCoreApplication::notifyInternal2(QObject*, QEvent*) at :0
  [57] QCoreApplicationPrivate::sendPostedEvents(QObject*, int, QThreadData*) at :0
  [58]  at :0
  [59] g_main_context_dispatch at :0
  [60] g_main_context_iterate.isra.20 at :0
  [61] g_main_context_iteration at :0
  [62] QEventDispatcherGlib::processEvents(QFlags<QEventLoop::ProcessEventsFlag>) at :0
  [63] QEventLoop::exec(QFlags<QEventLoop::ProcessEventsFlag>) at :0
  [64] QCoreApplication::exec() at :0
  [65] main at ResInsight/ApplicationExeCode/RiaMain.cpp:267
  [66] __libc_start_main at :0
  [67] _start at :0
  [68]  at :0
"
2026-07-17T12:58:57.171Z,2026.06.1,"  [0] performCrashLogging at ResInsight/ApplicationExeCode/RiaMainTools.cpp:170
  [1] manageSegFailureSA(int, siginfo_t*, void*) at ResInsight/ApplicationExeCode/RiaMainTools.cpp:302
  [2]  at :0
  [3] RimEclipseCase::eclipseCaseData() at ResInsight/ApplicationLibCode/ProjectDataModel/RimEclipseCase.cpp:196
  [4] RimSimWellInView::pipeRadius() at ResInsight/ApplicationLibCode/ProjectDataModel/RimSimWellInView.cpp:276
  [5] RivSimWellPipesPartMgr::buildWellPipeParts(caf::DisplayCoordTransform const*, bool, double, int, unsigned long) at ResInsight/ApplicationLibCode/ModelVisualization/RivSimWellPipesPartMgr.cpp:175
  [6] RivSimWellPipesPartMgr::appendDynamicGeometryPartsToModel(cvf::ModelBasicList*, unsigned long, caf::DisplayCoordTransform const*) at ResInsight/ApplicationLibCode/ModelVisualization/RivSimWellPipesPartMgr.cpp:98
  [7] RivReservoirSimWellsPartMgr::appendDynamicGeometryPartsToModel(cvf::ModelBasicList*, unsigned long) at ResInsight/ApplicationLibCode/ModelVisualization/RivReservoirSimWellsPartMgr.cpp:110
  [8] RimEclipseView::appendWellsAndFracturesToModel() at ResInsight/ApplicationLibCode/ProjectDataModel/RimEclipseView.cpp:1153
  [9] RimEclipseView::onUpdateDisplayModelForCurrentTimeStep() at ResInsight/ApplicationLibCode/ProjectDataModel/RimEclipseView.cpp:957
  [10] Rim3dView::updateDisplayModelForCurrentTimeStepAndRedraw() at ResInsight/ApplicationLibCode/ProjectDataModel/Rim3dView.cpp:673
  [11] RiuViewer::setCurrentFrame(int) at ResInsight/ApplicationLibCode/UserInterface/RiuViewer.cpp:1042
  [12] RiuViewer::slotSetCurrentFrame(int) at ResInsight/ApplicationLibCode/UserInterface/RiuViewer.cpp:357
  [13]  at :0
  [14] caf::FrameAnimationControl::changeFrame(int) at ResInsight/cmakebuild/Fwk/AppFwk/cafAnimControl/cafAnimControl_autogen/EWIEGA46WW/moc_cafFrameAnimationControl.cpp:321
  [15]  at :0
  [16] QAction::triggered(bool) at :0
  [17] QAction::activate(QAction::ActionEvent) at :0
  [18]  at :0
  [19] QAbstractButton::mouseReleaseEvent(QMouseEvent*) at :0
  [20] QToolButton::mouseReleaseEvent(QMouseEvent*) at :0
  [21] QWidget::event(QEvent*) at :0
  [22] QApplicationPrivate::notify_helper(QObject*, QEvent*) at :0
  [23] QApplication::notify(QObject*, QEvent*) at :0
  [24] RiaGuiApplication::notify(QObject*, QEvent*) at ResInsight/ApplicationLibCode/Application/RiaGuiApplication.cpp:1828
  [25] QCoreApplication::notifyInternal2(QObject*, QEvent*) at :0
  [26] QApplicationPrivate::sendMouseEvent(QWidget*, QMouseEvent*, QWidget*, QWidget*, QWidget**, QPointer<QWidget>&, bool, bool) at :0
  [27]  at :0
  [28]  at :0
  [29] QApplicationPrivate::notify_helper(QObject*, QEvent*) at :0
  [30] RiaGuiApplication::notify(QObject*, QEvent*) at ResInsight/ApplicationLibCode/Application/RiaGuiApplication.cpp:1828
  [31] QCoreApplication::notifyInternal2(QObject*, QEvent*) at :0
  [32] QGuiApplicationPrivate::processMouseEvent(QWindowSystemInterfacePrivate::MouseEvent*) at :0
  [33] QWindowSystemInterface::sendWindowSystemEvents(QFlags<QEventLoop::ProcessEventsFlag>) at :0
  [34]  at :0
  [35] g_main_context_dispatch at :0
  [36] g_main_context_iterate.isra.20 at :0
  [37] g_main_context_iteration at :0
  [38] QEventDispatcherGlib::processEvents(QFlags<QEventLoop::ProcessEventsFlag>) at :0
  [39] QEventLoop::exec(QFlags<QEventLoop::ProcessEventsFlag>) at :0
  [40] QCoreApplication::exec() at :0
  [41] main at ResInsight/ApplicationExeCode/RiaMain.cpp:267
  [42] __libc_start_main at :0
  [43] _start at :0
  [44]  at :0
"
2026-07-17T12:05:32.299Z,2026.06.1,"  [0] performCrashLogging at ResInsight/ApplicationExeCode/RiaMainTools.cpp:170
  [1] manageSegFailureSA(int, siginfo_t*, void*) at ResInsight/ApplicationExeCode/RiaMainTools.cpp:302
  [2]  at :0
  [3] RicCreateRftPlotsFeature::onActionTriggered(bool) at ResInsight/ApplicationLibCode/Commands/WellLogCommands/RicCreateRftPlotsFeature.cpp:65
  [4] caf::CmdFeature::actionTriggered(bool) at ResInsight/Fwk/AppFwk/cafCommand/cafCmdFeature.cpp:176
  [5]  at :0
  [6] QAction::triggered(bool) at :0
  [7] QAction::activate(QAction::ActionEvent) at :0
  [8]  at :0
  [9]  at :0
  [10] QWidget::event(QEvent*) at :0
  [11] QApplicationPrivate::notify_helper(QObject*, QEvent*) at :0
  [12] QApplication::notify(QObject*, QEvent*) at :0
  [13] RiaGuiApplication::notify(QObject*, QEvent*) at ResInsight/ApplicationLibCode/Application/RiaGuiApplication.cpp:1828
  [14] QCoreApplication::notifyInternal2(QObject*, QEvent*) at :0
  [15] QApplicationPrivate::sendMouseEvent(QWidget*, QMouseEvent*, QWidget*, QWidget*, QWidget**, QPointer<QWidget>&, bool, bool) at :0
  [16]  at :0
  [17]  at :0
  [18] QApplicationPrivate::notify_helper(QObject*, QEvent*) at :0
  [19] RiaGuiApplication::notify(QObject*, QEvent*) at ResInsight/ApplicationLibCode/Application/RiaGuiApplication.cpp:1828
  [20] QCoreApplication::notifyInternal2(QObject*, QEvent*) at :0
  [21] QGuiApplicationPrivate::processMouseEvent(QWindowSystemInterfacePrivate::MouseEvent*) at :0
  [22] QWindowSystemInterface::sendWindowSystemEvents(QFlags<QEventLoop::ProcessEventsFlag>) at :0
  [23]  at :0
  [24] g_main_context_dispatch at :0
  [25] g_main_context_iterate.isra.20 at :0
  [26] g_main_context_iteration at :0
  [27] QEventDispatcherGlib::processEvents(QFlags<QEventLoop::ProcessEventsFlag>) at :0
  [28] QEventLoop::exec(QFlags<QEventLoop::ProcessEventsFlag>) at :0
  [29]  at :0
  [30] QMenu::exec(QPoint const&, QAction*) at :0
  [31] RiuMainWindow::customMenuRequested(QPoint const&) at ResInsight/ApplicationLibCode/UserInterface/RiuMainWindow.cpp:2092
  [32]  at :0
  [33] QWidget::customContextMenuRequested(QPoint const&) at :0
  [34] QWidget::event(QEvent*) at :0
  [35] QFrame::event(QEvent*) at :0
  [36] QCoreApplicationPrivate::sendThroughObjectEventFilters(QObject*, QEvent*) at :0
  [37] QApplicationPrivate::notify_helper(QObject*, QEvent*) at :0
  [38] QApplication::notify(QObject*, QEvent*) at :0
  [39] RiaGuiApplication::notify(QObject*, QEvent*) at ResInsight/ApplicationLibCode/Application/RiaGuiApplication.cpp:1828
  [40] QCoreApplication::notifyInternal2(QObject*, QEvent*) at :0
  [41]  at :0
  [42]  at :0
  [43] QApplicationPrivate::notify_helper(QObject*, QEvent*) at :0
  [44] RiaGuiApplication::notify(QObject*, QEvent*) at ResInsight/ApplicationLibCode/Application/RiaGuiApplication.cpp:1828
  [45] QCoreApplication::notifyInternal2(QObject*, QEvent*) at :0
  [46] QGuiApplicationPrivate::processMouseEvent(QWindowSystemInterfacePrivate::MouseEvent*) at :0
  [47] QWindowSystemInterface::sendWindowSystemEvents(QFlags<QEventLoop::ProcessEventsFlag>) at :0
  [48]  at :0
  [49] g_main_context_dispatch at :0
  [50] g_main_context_iterate.isra.20 at :0
  [51] g_main_context_iteration at :0
  [52] QEventDispatcherGlib::processEvents(QFlags<QEventLoop::ProcessEventsFlag>) at :0
  [53] QEventLoop::exec(QFlags<QEventLoop::ProcessEventsFlag>) at :0
  [54] QCoreApplication::exec() at :0
  [55] main at ResInsight/ApplicationExeCode/RiaMain.cpp:267
  [56] __libc_start_main at :0
  [57] _start at :0
  [58]  at :0
"
2026-07-17T11:48:46.194Z,2026.06.1,"  [0] performCrashLogging at ResInsight/ApplicationExeCode/RiaMainTools.cpp:170
  [1] manageSegFailureSA(int, siginfo_t*, void*) at ResInsight/ApplicationExeCode/RiaMainTools.cpp:302
  [2]  at :0
  [3] RicCreateRftPlotsFeature::onActionTriggered(bool) at ResInsight/ApplicationLibCode/Commands/WellLogCommands/RicCreateRftPlotsFeature.cpp:65
  [4] caf::CmdFeature::actionTriggered(bool) at ResInsight/Fwk/AppFwk/cafCommand/cafCmdFeature.cpp:176
  [5]  at :0
  [6] QAction::triggered(bool) at :0
  [7] QAction::activate(QAction::ActionEvent) at :0
  [8]  at :0
  [9]  at :0
  [10] QWidget::event(QEvent*) at :0
  [11] QApplicationPrivate::notify_helper(QObject*, QEvent*) at :0
  [12] QApplication::notify(QObject*, QEvent*) at :0
  [13] RiaGuiApplication::notify(QObject*, QEvent*) at ResInsight/ApplicationLibCode/Application/RiaGuiApplication.cpp:1828
  [14] QCoreApplication::notifyInternal2(QObject*, QEvent*) at :0
  [15] QApplicationPrivate::sendMouseEvent(QWidget*, QMouseEvent*, QWidget*, QWidget*, QWidget**, QPointer<QWidget>&, bool, bool) at :0
  [16]  at :0
  [17]  at :0
  [18] QApplicationPrivate::notify_helper(QObject*, QEvent*) at :0
  [19] RiaGuiApplication::notify(QObject*, QEvent*) at ResInsight/ApplicationLibCode/Application/RiaGuiApplication.cpp:1828
  [20] QCoreApplication::notifyInternal2(QObject*, QEvent*) at :0
  [21] QGuiApplicationPrivate::processMouseEvent(QWindowSystemInterfacePrivate::MouseEvent*) at :0
  [22] QWindowSystemInterface::sendWindowSystemEvents(QFlags<QEventLoop::ProcessEventsFlag>) at :0
  [23]  at :0
  [24] g_main_context_dispatch at :0
  [25] g_main_context_iterate.isra.20 at :0
  [26] g_main_context_iteration at :0
  [27] QEventDispatcherGlib::processEvents(QFlags<QEventLoop::ProcessEventsFlag>) at :0
  [28] QEventLoop::exec(QFlags<QEventLoop::ProcessEventsFlag>) at :0
  [29]  at :0
  [30] QMenu::exec(QPoint const&, QAction*) at :0
  [31] RiuMainWindow::customMenuRequested(QPoint const&) at ResInsight/ApplicationLibCode/UserInterface/RiuMainWindow.cpp:2092
  [32]  at :0
  [33] QWidget::customContextMenuRequested(QPoint const&) at :0
  [34] QWidget::event(QEvent*) at :0
  [35] QFrame::event(QEvent*) at :0
  [36] QCoreApplicationPrivate::sendThroughObjectEventFilters(QObject*, QEvent*) at :0
  [37] QApplicationPrivate::notify_helper(QObject*, QEvent*) at :0
  [38] QApplication::notify(QObject*, QEvent*) at :0
  [39] RiaGuiApplication::notify(QObject*, QEvent*) at ResInsight/ApplicationLibCode/Application/RiaGuiApplication.cpp:1828
  [40] QCoreApplication::notifyInternal2(QObject*, QEvent*) at :0
  [41]  at :0
  [42]  at :0
  [43] QApplicationPrivate::notify_helper(QObject*, QEvent*) at :0
  [44] RiaGuiApplication::notify(QObject*, QEvent*) at ResInsight/ApplicationLibCode/Application/RiaGuiApplication.cpp:1828
  [45] QCoreApplication::notifyInternal2(QObject*, QEvent*) at :0
  [46] QGuiApplicationPrivate::processMouseEvent(QWindowSystemInterfacePrivate::MouseEvent*) at :0
  [47] QWindowSystemInterface::sendWindowSystemEvents(QFlags<QEventLoop::ProcessEventsFlag>) at :0
  [48]  at :0
  [49] g_main_context_dispatch at :0
  [50] g_main_context_iterate.isra.20 at :0
  [51] g_main_context_iteration at :0
  [52] QEventDispatcherGlib::processEvents(QFlags<QEventLoop::ProcessEventsFlag>) at :0
  [53] QEventLoop::exec(QFlags<QEventLoop::ProcessEventsFlag>) at :0
  [54] QCoreApplication::exec() at :0
  [55] main at ResInsight/ApplicationExeCode/RiaMain.cpp:267
  [56] __libc_start_main at :0
  [57] _start at :0
  [58]  at :0
"
2026-07-17T09:54:43.159Z,2026.06.1,"  [0] performCrashLogging at ResInsight/ApplicationExeCode/RiaMainTools.cpp:170
  [1] manageSegFailureSA(int, siginfo_t*, void*) at ResInsight/ApplicationExeCode/RiaMainTools.cpp:302
  [2]  at :0
  [3] QWidgetPrivate::shouldPaintOnScreen() const at :0
  [4] QWidgetRepaintManager::markNeedsFlush(QWidget*, QRegion const&, QPoint const&) at :0
  [5] QWidgetPrivate::drawWidget(QPaintDevice*, QRegion const&, QPoint const&, QFlags<QWidgetPrivate::DrawWidgetFlag>, QPainter*, QWidgetRepaintManager*) at :0
  [6] QWidgetPrivate::paintSiblingsRecursive(QPaintDevice*, QList<QObject*> const&, int, QRegion const&, QPoint const&, QFlags<QWidgetPrivate::DrawWidgetFlag>, QPainter*, QWidgetRepaintManager*) at :0
  [7] QWidgetPrivate::drawWidget(QPaintDevice*, QRegion const&, QPoint const&, QFlags<QWidgetPrivate::DrawWidgetFlag>, QPainter*, QWidgetRepaintManager*) at :0
  [8] QWidgetPrivate::paintSiblingsRecursive(QPaintDevice*, QList<QObject*> const&, int, QRegion const&, QPoint const&, QFlags<QWidgetPrivate::DrawWidgetFlag>, QPainter*, QWidgetRepaintManager*) at :0
  [9] QWidgetPrivate::drawWidget(QPaintDevice*, QRegion const&, QPoint const&, QFlags<QWidgetPrivate::DrawWidgetFlag>, QPainter*, QWidgetRepaintManager*) at :0
  [10] QWidgetPrivate::paintSiblingsRecursive(QPaintDevice*, QList<QObject*> const&, int, QRegion const&, QPoint const&, QFlags<QWidgetPrivate::DrawWidgetFlag>, QPainter*, QWidgetRepaintManager*) at :0
  [11] QWidgetPrivate::drawWidget(QPaintDevice*, QRegion const&, QPoint const&, QFlags<QWidgetPrivate::DrawWidgetFlag>, QPainter*, QWidgetRepaintManager*) at :0
  [12] QWidgetPrivate::paintSiblingsRecursive(QPaintDevice*, QList<QObject*> const&, int, QRegion const&, QPoint const&, QFlags<QWidgetPrivate::DrawWidgetFlag>, QPainter*, QWidgetRepaintManager*) at :0
  [13] QWidgetPrivate::paintSiblingsRecursive(QPaintDevice*, QList<QObject*> const&, int, QRegion const&, QPoint const&, QFlags<QWidgetPrivate::DrawWidgetFlag>, QPainter*, QWidgetRepaintManager*) at :0
  [14] QWidgetPrivate::paintSiblingsRecursive(QPaintDevice*, QList<QObject*> const&, int, QRegion const&, QPoint const&, QFlags<QWidgetPrivate::DrawWidgetFlag>, QPainter*, QWidgetRepaintManager*) at :0
  [15] QWidgetPrivate::paintSiblingsRecursive(QPaintDevice*, QList<QObject*> const&, int, QRegion const&, QPoint const&, QFlags<QWidgetPrivate::DrawWidgetFlag>, QPainter*, QWidgetRepaintManager*) at :0
  [16] QWidgetPrivate::paintSiblingsRecursive(QPaintDevice*, QList<QObject*> const&, int, QRegion const&, QPoint const&, QFlags<QWidgetPrivate::DrawWidgetFlag>, QPainter*, QWidgetRepaintManager*) at :0
  [17] QWidgetPrivate::paintSiblingsRecursive(QPaintDevice*, QList<QObject*> const&, int, QRegion const&, QPoint const&, QFlags<QWidgetPrivate::DrawWidgetFlag>, QPainter*, QWidgetRepaintManager*) at :0
  [18] QWidgetPrivate::paintSiblingsRecursive(QPaintDevice*, QList<QObject*> const&, int, QRegion const&, QPoint const&, QFlags<QWidgetPrivate::DrawWidgetFlag>, QPainter*, QWidgetRepaintManager*) at :0
  [19] QWidgetPrivate::paintSiblingsRecursive(QPaintDevice*, QList<QObject*> const&, int, QRegion const&, QPoint const&, QFlags<QWidgetPrivate::DrawWidgetFlag>, QPainter*, QWidgetRepaintManager*) at :0
  [20] QWidgetPrivate::paintSiblingsRecursive(QPaintDevice*, QList<QObject*> const&, int, QRegion const&, QPoint const&, QFlags<QWidgetPrivate::DrawWidgetFlag>, QPainter*, QWidgetRepaintManager*) at :0
  [21] QWidgetPrivate::drawWidget(QPaintDevice*, QRegion const&, QPoint const&, QFlags<QWidgetPrivate::DrawWidgetFlag>, QPainter*, QWidgetRepaintManager*) at :0
  [22] QWidgetPrivate::paintSiblingsRecursive(QPaintDevice*, QList<QObject*> const&, int, QRegion const&, QPoint const&, QFlags<QWidgetPrivate::DrawWidgetFlag>, QPainter*, QWidgetRepaintManager*) at :0
  [23] QWidgetPrivate::drawWidget(QPaintDevice*, QRegion const&, QPoint const&, QFlags<QWidgetPrivate::DrawWidgetFlag>, QPainter*, QWidgetRepaintManager*) at :0
  [24] QWidgetPrivate::paintSiblingsRecursive(QPaintDevice*, QList<QObject*> const&, int, QRegion const&, QPoint const&, QFlags<QWidgetPrivate::DrawWidgetFlag>, QPainter*, QWidgetRepaintManager*) at :0
  [25] QWidgetPrivate::drawWidget(QPaintDevice*, QRegion const&, QPoint const&, QFlags<QWidgetPrivate::DrawWidgetFlag>, QPainter*, QWidgetRepaintManager*) at :0
  [26] QWidgetPrivate::paintSiblingsRecursive(QPaintDevice*, QList<QObject*> const&, int, QRegion const&, QPoint const&, QFlags<QWidgetPrivate::DrawWidgetFlag>, QPainter*, QWidgetRepaintManager*) at :0
  [27] QWidgetPrivate::drawWidget(QPaintDevice*, QRegion const&, QPoint const&, QFlags<QWidgetPrivate::DrawWidgetFlag>, QPainter*, QWidgetRepaintManager*) at :0
  [28] QWidgetPrivate::paintSiblingsRecursive(QPaintDevice*, QList<QObject*> const&, int, QRegion const&, QPoint const&, QFlags<QWidgetPrivate::DrawWidgetFlag>, QPainter*, QWidgetRepaintManager*) at :0
  [29] QWidgetPrivate::drawWidget(QPaintDevice*, QRegion const&, QPoint const&, QFlags<QWidgetPrivate::DrawWidgetFlag>, QPainter*, QWidgetRepaintManager*) at :0
  [30] QWidgetPrivate::paintSiblingsRecursive(QPaintDevice*, QList<QObject*> const&, int, QRegion const&, QPoint const&, QFlags<QWidgetPrivate::DrawWidgetFlag>, QPainter*, QWidgetRepaintManager*) at :0
  [31] QWidgetPrivate::drawWidget(QPaintDevice*, QRegion const&, QPoint const&, QFlags<QWidgetPrivate::DrawWidgetFlag>, QPainter*, QWidgetRepaintManager*) at :0
  [32] QWidgetPrivate::paintSiblingsRecursive(QPaintDevice*, QList<QObject*> const&, int, QRegion const&, QPoint const&, QFlags<QWidgetPrivate::DrawWidgetFlag>, QPainter*, QWidgetRepaintManager*) at :0
  [33] QWidgetPrivate::drawWidget(QPaintDevice*, QRegion const&, QPoint const&, QFlags<QWidgetPrivate::DrawWidgetFlag>, QPainter*, QWidgetRepaintManager*) at :0
  [34] QWidgetPrivate::paintSiblingsRecursive(QPaintDevice*, QList<QObject*> const&, int, QRegion const&, QPoint const&, QFlags<QWidgetPrivate::DrawWidgetFlag>, QPainter*, QWidgetRepaintManager*) at :0
  [35] QWidgetPrivate::drawWidget(QPaintDevice*, QRegion const&, QPoint const&, QFlags<QWidgetPrivate::DrawWidgetFlag>, QPainter*, QWidgetRepaintManager*) at :0
  [36] QWidgetPrivate::paintSiblingsRecursive(QPaintDevice*, QList<QObject*> const&, int, QRegion const&, QPoint const&, QFlags<QWidgetPrivate::DrawWidgetFlag>, QPainter*, QWidgetRepaintManager*) at :0
  [37] QWidgetPrivate::drawWidget(QPaintDevice*, QRegion const&, QPoint const&, QFlags<QWidgetPrivate::DrawWidgetFlag>, QPainter*, QWidgetRepaintManager*) at :0
  [38] QWidgetPrivate::paintSiblingsRecursive(QPaintDevice*, QList<QObject*> const&, int, QRegion const&, QPoint const&, QFlags<QWidgetPrivate::DrawWidgetFlag>, QPainter*, QWidgetRepaintManager*) at :0
  [39] QWidgetPrivate::drawWidget(QPaintDevice*, QRegion const&, QPoint const&, QFlags<QWidgetPrivate::DrawWidgetFlag>, QPainter*, QWidgetRepaintManager*) at :0
  [40] QWidgetPrivate::paintSiblingsRecursive(QPaintDevice*, QList<QObject*> const&, int, QRegion const&, QPoint const&, QFlags<QWidgetPrivate::DrawWidgetFlag>, QPainter*, QWidgetRepaintManager*) at :0
  [41] QWidgetPrivate::drawWidget(QPaintDevice*, QRegion const&, QPoint const&, QFlags<QWidgetPrivate::DrawWidgetFlag>, QPainter*, QWidgetRepaintManager*) at :0
  [42] QWidgetPrivate::paintSiblingsRecursive(QPaintDevice*, QList<QObject*> const&, int, QRegion const&, QPoint const&, QFlags<QWidgetPrivate::DrawWidgetFlag>, QPainter*, QWidgetRepaintManager*) at :0
  [43] QWidgetPrivate::paintSiblingsRecursive(QPaintDevice*, QList<QObject*> const&, int, QRegion const&, QPoint const&, QFlags<QWidgetPrivate::DrawWidgetFlag>, QPainter*, QWidgetRepaintManager*) at :0
  [44] QWidgetPrivate::paintSiblingsRecursive(QPaintDevice*, QList<QObject*> const&, int, QRegion const&, QPoint const&, QFlags<QWidgetPrivate::DrawWidgetFlag>, QPainter*, QWidgetRepaintManager*) at :0
  [45] QWidgetPrivate::drawWidget(QPaintDevice*, QRegion const&, QPoint const&, QFlags<QWidgetPrivate::DrawWidgetFlag>, QPainter*, QWidgetRepaintManager*) at :0
  [46] QWidgetPrivate::paintSiblingsRecursive(QPaintDevice*, QList<QObject*> const&, int, QRegion const&, QPoint const&, QFlags<QWidgetPrivate::DrawWidgetFlag>, QPainter*, QWidgetRepaintManager*) at :0
  [47] QWidgetPrivate::drawWidget(QPaintDevice*, QRegion const&, QPoint const&, QFlags<QWidgetPrivate::DrawWidgetFlag>, QPainter*, QWidgetRepaintManager*) at :0
  [48] QWidgetPrivate::paintSiblingsRecursive(QPaintDevice*, QList<QObject*> const&, int, QRegion const&, QPoint const&, QFlags<QWidgetPrivate::DrawWidgetFlag>, QPainter*, QWidgetRepaintManager*) at :0
  [49] QWidgetPrivate::paintSiblingsRecursive(QPaintDevice*, QList<QObject*> const&, int, QRegion const&, QPoint const&, QFlags<QWidgetPrivate::DrawWidgetFlag>, QPainter*, QWidgetRepaintManager*) at :0
  [50] QWidgetPrivate::paintSiblingsRecursive(QPaintDevice*, QList<QObject*> const&, int, QRegion const&, QPoint const&, QFlags<QWidgetPrivate::DrawWidgetFlag>, QPainter*, QWidgetRepaintManager*) at :0
  [51] QWidgetPrivate::paintSiblingsRecursive(QPaintDevice*, QList<QObject*> const&, int, QRegion const&, QPoint const&, QFlags<QWidgetPrivate::DrawWidgetFlag>, QPainter*, QWidgetRepaintManager*) at :0
  [52] QWidgetPrivate::paintSiblingsRecursive(QPaintDevice*, QList<QObject*> const&, int, QRegion const&, QPoint const&, QFlags<QWidgetPrivate::DrawWidgetFlag>, QPainter*, QWidgetRepaintManager*) at :0
  [53] QWidgetPrivate::paintSiblingsRecursive(QPaintDevice*, QList<QObject*> const&, int, QRegion const&, QPoint const&, QFlags<QWidgetPrivate::DrawWidgetFlag>, QPainter*, QWidgetRepaintManager*) at :0
  [54] QWidgetPrivate::paintSiblingsRecursive(QPaintDevice*, QList<QObject*> const&, int, QRegion const&, QPoint const&, QFlags<QWidgetPrivate::DrawWidgetFlag>, QPainter*, QWidgetRepaintManager*) at :0
  [55] QWidgetPrivate::drawWidget(QPaintDevice*, QRegion const&, QPoint const&, QFlags<QWidgetPrivate::DrawWidgetFlag>, QPainter*, QWidgetRepaintManager*) at :0
  [56] QWidgetRepaintManager::paintAndFlush() at :0
  [57] QWidget::event(QEvent*) at :0
  [58] QApplicationPrivate::notify_helper(QObject*, QEvent*) at :0
  [59] RiaGuiApplication::notify(QObject*, QEvent*) at ResInsight/ApplicationLibCode/Application/RiaGuiApplication.cpp:1828
  [60] QCoreApplication::notifyInternal2(QObject*, QEvent*) at :0
  [61] QCoreApplicationPrivate::sendPostedEvents(QObject*, int, QThreadData*) at :0
  [62]  at :0
  [63] g_main_context_dispatch at :0
  [64] g_main_context_iterate.isra.20 at :0
  [65] g_main_context_iteration at :0
  [66] QEventDispatcherGlib::processEvents(QFlags<QEventLoop::ProcessEventsFlag>) at :0
  [67] QEventLoop::exec(QFlags<QEventLoop::ProcessEventsFlag>) at :0
  [68] QCoreApplication::exec() at :0
  [69] main at ResInsight/ApplicationExeCode/RiaMain.cpp:267
  [70] __libc_start_main at :0
  [71] _start at :0
  [72]  at :0
"
2026-07-16T11:46:57.431Z,2026.06.1,"  [0] performCrashLogging at ResInsight/ApplicationExeCode/RiaMainTools.cpp:170
  [1] manageSegFailureSA(int, siginfo_t*, void*) at ResInsight/ApplicationExeCode/RiaMainTools.cpp:302
  [2]  at :0
  [3] RifEclipseOutputFileTools::validKeywordsForPorosityModel(std::vector<RifEclipseKeywordValueCount, std::allocator<RifEclipseKeywordValueCount> > const&, RigActiveCellInfo const*, RigActiveCellInfo const*, RiaDefines::PorosityModelType, unsigned long) at ResInsight/ApplicationLibCode/FileInterface/RifEclipseOutputFileTools.cpp:851
  [4] RifEclipseOutputFileTools::createResultEntries(std::vector<RifEclipseKeywordValueCount, std::allocator<RifEclipseKeywordValueCount> > const&, std::vector<RigEclipseTimeStepInfo, std::allocator<RigEclipseTimeStepInfo> > const&, RiaDefines::ResultCatType, RigEclipseCaseData*, unsigned long) at ResInsight/ApplicationLibCode/FileInterface/RifEclipseOutputFileTools.cpp:97
  [5] RifReaderEclipseOutput::buildMetaData(ecl_grid_struct*) at ResInsight/ApplicationLibCode/FileInterface/RifReaderEclipseOutput.cpp:889
  [6] RifReaderEclipseOutput::open(QString const&, RigEclipseCaseData*) at ResInsight/ApplicationLibCode/FileInterface/RifReaderEclipseOutput.cpp:432
  [7] RimEclipseResultCase::importGridAndResultMetaData(bool) at ResInsight/ApplicationLibCode/ProjectDataModel/RimEclipseResultCase.cpp:259
  [8] RiaImportEclipseCaseTools::openEclipseCaseShowTimeStepFilterImpl(QString const&, bool, bool, RifReaderSettings&) at ResInsight/ApplicationLibCode/Application/Tools/RiaImportEclipseCaseTools.cpp:372
  [9] RiaImportEclipseCaseTools::openEclipseCasesFromFile(QList<QString> const&, bool, std::map<QString, int, std::less<QString>, std::allocator<std::pair<QString const, int> > >*, bool, RifReaderSettings&) at ResInsight/ApplicationLibCode/Application/Tools/RiaImportEclipseCaseTools.cpp:107
  [10] RicImportGeneralDataFeature::openEclipseCaseFromFileNames(QList<QString> const&, bool, std::vector<int, std::allocator<int> >&, RifReaderSettings&) at ResInsight/ApplicationLibCode/Commands/RicImportGeneralDataFeature.cpp:365
  [11] RicImportGeneralDataFeature::openEclipseFilesFromFileNames(QList<QString> const&, bool, bool, RifReaderSettings&) at ResInsight/ApplicationLibCode/Commands/RicImportGeneralDataFeature.cpp:105
  [12] RicImportGeneralDataFeature::openEclipseFilesFromFileNames(QList<QString> const&, bool, bool) at ResInsight/ApplicationLibCode/Commands/RicImportGeneralDataFeature.cpp:56
  [13] RicImportGridModelFeature::onActionTriggered(bool) at ResInsight/ApplicationLibCode/Commands/EclipseCommands/RicImportGridModelFeature.cpp:81
  [14] caf::CmdFeature::actionTriggered(bool) at ResInsight/Fwk/AppFwk/cafCommand/cafCmdFeature.cpp:176
  [15]  at :0
  [16] QAction::triggered(bool) at :0
  [17] QAction::activate(QAction::ActionEvent) at :0
  [18]  at :0
  [19] QAbstractButton::mouseReleaseEvent(QMouseEvent*) at :0
  [20] QToolButton::mouseReleaseEvent(QMouseEvent*) at :0
  [21] QWidget::event(QEvent*) at :0
  [22] QApplicationPrivate::notify_helper(QObject*, QEvent*) at :0
  [23] QApplication::notify(QObject*, QEvent*) at :0
  [24] RiaGuiApplication::notify(QObject*, QEvent*) at ResInsight/ApplicationLibCode/Application/RiaGuiApplication.cpp:1828
  [25] QCoreApplication::notifyInternal2(QObject*, QEvent*) at :0
  [26] QApplicationPrivate::sendMouseEvent(QWidget*, QMouseEvent*, QWidget*, QWidget*, QWidget**, QPointer<QWidget>&, bool, bool) at :0
  [27]  at :0
  [28]  at :0
  [29] QApplicationPrivate::notify_helper(QObject*, QEvent*) at :0
  [30] RiaGuiApplication::notify(QObject*, QEvent*) at ResInsight/ApplicationLibCode/Application/RiaGuiApplication.cpp:1828
  [31] QCoreApplication::notifyInternal2(QObject*, QEvent*) at :0
  [32] QGuiApplicationPrivate::processMouseEvent(QWindowSystemInterfacePrivate::MouseEvent*) at :0
  [33] QWindowSystemInterface::sendWindowSystemEvents(QFlags<QEventLoop::ProcessEventsFlag>) at :0
  [34]  at :0
  [35] g_main_context_dispatch at :0
  [36] g_main_context_iterate.isra.20 at :0
  [37] g_main_context_iteration at :0
  [38] QEventDispatcherGlib::processEvents(QFlags<QEventLoop::ProcessEventsFlag>) at :0
  [39] QEventLoop::exec(QFlags<QEventLoop::ProcessEventsFlag>) at :0
  [40] QCoreApplication::exec() at :0
  [41] main at ResInsight/ApplicationExeCode/RiaMain.cpp:267
  [42] __libc_start_main at :0
  [43] _start at :0
  [44]  at :0
"
2026-07-16T11:46:38.951Z,2026.06.1,"  [0] performCrashLogging at ResInsight/ApplicationExeCode/RiaMainTools.cpp:170
  [1] manageSegFailureSA(int, siginfo_t*, void*) at ResInsight/ApplicationExeCode/RiaMainTools.cpp:302
  [2]  at :0
  [3] RifEclipseOutputFileTools::validKeywordsForPorosityModel(std::vector<RifEclipseKeywordValueCount, std::allocator<RifEclipseKeywordValueCount> > const&, RigActiveCellInfo const*, RigActiveCellInfo const*, RiaDefines::PorosityModelType, unsigned long) at ResInsight/ApplicationLibCode/FileInterface/RifEclipseOutputFileTools.cpp:851
  [4] RifEclipseOutputFileTools::createResultEntries(std::vector<RifEclipseKeywordValueCount, std::allocator<RifEclipseKeywordValueCount> > const&, std::vector<RigEclipseTimeStepInfo, std::allocator<RigEclipseTimeStepInfo> > const&, RiaDefines::ResultCatType, RigEclipseCaseData*, unsigned long) at ResInsight/ApplicationLibCode/FileInterface/RifEclipseOutputFileTools.cpp:97
  [5] RifReaderEclipseOutput::buildMetaData(ecl_grid_struct*) at ResInsight/ApplicationLibCode/FileInterface/RifReaderEclipseOutput.cpp:889
  [6] RifReaderEclipseOutput::open(QString const&, RigEclipseCaseData*) at ResInsight/ApplicationLibCode/FileInterface/RifReaderEclipseOutput.cpp:432
  [7] RimEclipseResultCase::importGridAndResultMetaData(bool) at ResInsight/ApplicationLibCode/ProjectDataModel/RimEclipseResultCase.cpp:259
  [8] RiaImportEclipseCaseTools::openEclipseCaseShowTimeStepFilterImpl(QString const&, bool, bool, RifReaderSettings&) at ResInsight/ApplicationLibCode/Application/Tools/RiaImportEclipseCaseTools.cpp:372
  [9] RiaImportEclipseCaseTools::openEclipseCasesFromFile(QList<QString> const&, bool, std::map<QString, int, std::less<QString>, std::allocator<std::pair<QString const, int> > >*, bool, RifReaderSettings&) at ResInsight/ApplicationLibCode/Application/Tools/RiaImportEclipseCaseTools.cpp:107
  [10] RicImportGeneralDataFeature::openEclipseCaseFromFileNames(QList<QString> const&, bool, std::vector<int, std::allocator<int> >&, RifReaderSettings&) at ResInsight/ApplicationLibCode/Commands/RicImportGeneralDataFeature.cpp:365
  [11] RicImportGeneralDataFeature::openEclipseFilesFromFileNames(QList<QString> const&, bool, bool, RifReaderSettings&) at ResInsight/ApplicationLibCode/Commands/RicImportGeneralDataFeature.cpp:105
  [12] RicImportGeneralDataFeature::openEclipseFilesFromFileNames(QList<QString> const&, bool, bool) at ResInsight/ApplicationLibCode/Commands/RicImportGeneralDataFeature.cpp:56
  [13] RicImportGridModelFeature::onActionTriggered(bool) at ResInsight/ApplicationLibCode/Commands/EclipseCommands/RicImportGridModelFeature.cpp:81
  [14] caf::CmdFeature::actionTriggered(bool) at ResInsight/Fwk/AppFwk/cafCommand/cafCmdFeature.cpp:176
  [15]  at :0
  [16] QAction::triggered(bool) at :0
  [17] QAction::activate(QAction::ActionEvent) at :0
  [18]  at :0
  [19] QAbstractButton::mouseReleaseEvent(QMouseEvent*) at :0
  [20] QToolButton::mouseReleaseEvent(QMouseEvent*) at :0
  [21] QWidget::event(QEvent*) at :0
  [22] QApplicationPrivate::notify_helper(QObject*, QEvent*) at :0
  [23] QApplication::notify(QObject*, QEvent*) at :0
  [24] RiaGuiApplication::notify(QObject*, QEvent*) at ResInsight/ApplicationLibCode/Application/RiaGuiApplication.cpp:1828
  [25] QCoreApplication::notifyInternal2(QObject*, QEvent*) at :0
  [26] QApplicationPrivate::sendMouseEvent(QWidget*, QMouseEvent*, QWidget*, QWidget*, QWidget**, QPointer<QWidget>&, bool, bool) at :0
  [27]  at :0
  [28]  at :0
  [29] QApplicationPrivate::notify_helper(QObject*, QEvent*) at :0
  [30] RiaGuiApplication::notify(QObject*, QEvent*) at ResInsight/ApplicationLibCode/Application/RiaGuiApplication.cpp:1828
  [31] QCoreApplication::notifyInternal2(QObject*, QEvent*) at :0
  [32] QGuiApplicationPrivate::processMouseEvent(QWindowSystemInterfacePrivate::MouseEvent*) at :0
  [33] QWindowSystemInterface::sendWindowSystemEvents(QFlags<QEventLoop::ProcessEventsFlag>) at :0
  [34]  at :0
  [35] g_main_context_dispatch at :0
  [36] g_main_context_iterate.isra.20 at :0
  [37] g_main_context_iteration at :0
  [38] QEventDispatcherGlib::processEvents(QFlags<QEventLoop::ProcessEventsFlag>) at :0
  [39] QEventLoop::exec(QFlags<QEventLoop::ProcessEventsFlag>) at :0
  [40] QCoreApplication::exec() at :0
  [41] main at ResInsight/ApplicationExeCode/RiaMain.cpp:267
  [42] __libc_start_main at :0
  [43] _start at :0
  [44]  at :0
"
2026-07-16T08:41:39.886Z,2026.06.1,"  [0] performCrashLogging at ResInsight/ApplicationExeCode/RiaMainTools.cpp:170
  [1] manageSegFailureSA(int, siginfo_t*, void*) at ResInsight/ApplicationExeCode/RiaMainTools.cpp:302
  [2]  at :0
  [3] RifEclipseOutputFileTools::timeSteps(ecl_file_struct const*, std::vector<QDateTime, std::allocator<QDateTime> >*, std::vector<double, std::allocator<double> >*, unsigned long*) at ResInsight/ApplicationLibCode/FileInterface/RifEclipseOutputFileTools.cpp:289
  [4] RifEclipseUnifiedRestartFileAccess::extractTimestepsFromEclipse() at ResInsight/ApplicationLibCode/FileInterface/RifEclipseUnifiedRestartFileAccess.cpp:154
  [5] RifEclipseUnifiedRestartFileAccess::timeSteps(std::vector<QDateTime, std::allocator<QDateTime> >*, std::vector<double, std::allocator<double> >*) at ResInsight/ApplicationLibCode/FileInterface/RifEclipseUnifiedRestartFileAccess.cpp:206
  [6] RimEclipseResultCase::importGridAndResultMetaData(bool) at ResInsight/ApplicationLibCode/ProjectDataModel/RimEclipseResultCase.cpp:216
  [7] RiaImportEclipseCaseTools::openEclipseCaseShowTimeStepFilterImpl(QString const&, bool, bool, RifReaderSettings&) at ResInsight/ApplicationLibCode/Application/Tools/RiaImportEclipseCaseTools.cpp:372
  [8] RiaImportEclipseCaseTools::openEclipseCasesFromFile(QList<QString> const&, bool, std::map<QString, int, std::less<QString>, std::allocator<std::pair<QString const, int> > >*, bool, RifReaderSettings&) at ResInsight/ApplicationLibCode/Application/Tools/RiaImportEclipseCaseTools.cpp:107
  [9] RicImportGeneralDataFeature::openEclipseCaseFromFileNames(QList<QString> const&, bool, std::vector<int, std::allocator<int> >&, RifReaderSettings&) at ResInsight/ApplicationLibCode/Commands/RicImportGeneralDataFeature.cpp:365
  [10] RicImportGeneralDataFeature::openEclipseFilesFromFileNames(QList<QString> const&, bool, bool, RifReaderSettings&) at ResInsight/ApplicationLibCode/Commands/RicImportGeneralDataFeature.cpp:105
  [11] RicImportGeneralDataFeature::openEclipseFilesFromFileNames(QList<QString> const&, bool, bool) at ResInsight/ApplicationLibCode/Commands/RicImportGeneralDataFeature.cpp:56
  [12] RicImportGridModelFeature::onActionTriggered(bool) at ResInsight/ApplicationLibCode/Commands/EclipseCommands/RicImportGridModelFeature.cpp:81
  [13] caf::CmdFeature::actionTriggered(bool) at ResInsight/Fwk/AppFwk/cafCommand/cafCmdFeature.cpp:176
  [14]  at :0
  [15] QAction::triggered(bool) at :0
  [16] QAction::activate(QAction::ActionEvent) at :0
  [17]  at :0
  [18] QAbstractButton::mouseReleaseEvent(QMouseEvent*) at :0
  [19] QToolButton::mouseReleaseEvent(QMouseEvent*) at :0
  [20] QWidget::event(QEvent*) at :0
  [21] QApplicationPrivate::notify_helper(QObject*, QEvent*) at :0
  [22] QApplication::notify(QObject*, QEvent*) at :0
  [23] RiaGuiApplication::notify(QObject*, QEvent*) at ResInsight/ApplicationLibCode/Application/RiaGuiApplication.cpp:1828
  [24] QCoreApplication::notifyInternal2(QObject*, QEvent*) at :0
  [25] QApplicationPrivate::sendMouseEvent(QWidget*, QMouseEvent*, QWidget*, QWidget*, QWidget**, QPointer<QWidget>&, bool, bool) at :0
  [26]  at :0
  [27]  at :0
  [28] QApplicationPrivate::notify_helper(QObject*, QEvent*) at :0
  [29] RiaGuiApplication::notify(QObject*, QEvent*) at ResInsight/ApplicationLibCode/Application/RiaGuiApplication.cpp:1828
  [30] QCoreApplication::notifyInternal2(QObject*, QEvent*) at :0
  [31] QGuiApplicationPrivate::processMouseEvent(QWindowSystemInterfacePrivate::MouseEvent*) at :0
  [32] QWindowSystemInterface::sendWindowSystemEvents(QFlags<QEventLoop::ProcessEventsFlag>) at :0
  [33]  at :0
  [34] g_main_context_dispatch at :0
  [35] g_main_context_iterate.isra.20 at :0
  [36] g_main_context_iteration at :0
  [37] QEventDispatcherGlib::processEvents(QFlags<QEventLoop::ProcessEventsFlag>) at :0
  [38] QEventLoop::exec(QFlags<QEventLoop::ProcessEventsFlag>) at :0
  [39] QCoreApplication::exec() at :0
  [40] main at ResInsight/ApplicationExeCode/RiaMain.cpp:267
  [41] __libc_start_main at :0
  [42] _start at :0
  [43]  at :0
"
2026-07-16T08:39:56.569Z,2026.06.1,"  [0] performCrashLogging at ResInsight/ApplicationExeCode/RiaMainTools.cpp:170
  [1] manageSegFailureSA(int, siginfo_t*, void*) at ResInsight/ApplicationExeCode/RiaMainTools.cpp:302
  [2]  at :0
  [3] RifEclipseOutputFileTools::timeSteps(ecl_file_struct const*, std::vector<QDateTime, std::allocator<QDateTime> >*, std::vector<double, std::allocator<double> >*, unsigned long*) at ResInsight/ApplicationLibCode/FileInterface/RifEclipseOutputFileTools.cpp:289
  [4] RifEclipseUnifiedRestartFileAccess::extractTimestepsFromEclipse() at ResInsight/ApplicationLibCode/FileInterface/RifEclipseUnifiedRestartFileAccess.cpp:154
  [5] RifEclipseUnifiedRestartFileAccess::timeSteps(std::vector<QDateTime, std::allocator<QDateTime> >*, std::vector<double, std::allocator<double> >*) at ResInsight/ApplicationLibCode/FileInterface/RifEclipseUnifiedRestartFileAccess.cpp:206
  [6] RimEclipseResultCase::importGridAndResultMetaData(bool) at ResInsight/ApplicationLibCode/ProjectDataModel/RimEclipseResultCase.cpp:216
  [7] RiaImportEclipseCaseTools::openEclipseCaseShowTimeStepFilterImpl(QString const&, bool, bool, RifReaderSettings&) at ResInsight/ApplicationLibCode/Application/Tools/RiaImportEclipseCaseTools.cpp:372
  [8] RiaImportEclipseCaseTools::openEclipseCasesFromFile(QList<QString> const&, bool, std::map<QString, int, std::less<QString>, std::allocator<std::pair<QString const, int> > >*, bool, RifReaderSettings&) at ResInsight/ApplicationLibCode/Application/Tools/RiaImportEclipseCaseTools.cpp:107
  [9] RicImportGeneralDataFeature::openEclipseCaseFromFileNames(QList<QString> const&, bool, std::vector<int, std::allocator<int> >&, RifReaderSettings&) at ResInsight/ApplicationLibCode/Commands/RicImportGeneralDataFeature.cpp:365
  [10] RicImportGeneralDataFeature::openEclipseFilesFromFileNames(QList<QString> const&, bool, bool, RifReaderSettings&) at ResInsight/ApplicationLibCode/Commands/RicImportGeneralDataFeature.cpp:105
  [11] RicImportGeneralDataFeature::openEclipseFilesFromFileNames(QList<QString> const&, bool, bool) at ResInsight/ApplicationLibCode/Commands/RicImportGeneralDataFeature.cpp:56
  [12] RicImportGridModelFeature::onActionTriggered(bool) at ResInsight/ApplicationLibCode/Commands/EclipseCommands/RicImportGridModelFeature.cpp:81
  [13] caf::CmdFeature::actionTriggered(bool) at ResInsight/Fwk/AppFwk/cafCommand/cafCmdFeature.cpp:176
  [14]  at :0
  [15] QAction::triggered(bool) at :0
  [16] QAction::activate(QAction::ActionEvent) at :0
  [17]  at :0
  [18] QAbstractButton::mouseReleaseEvent(QMouseEvent*) at :0
  [19] QToolButton::mouseReleaseEvent(QMouseEvent*) at :0
  [20] QWidget::event(QEvent*) at :0
  [21] QApplicationPrivate::notify_helper(QObject*, QEvent*) at :0
  [22] QApplication::notify(QObject*, QEvent*) at :0
  [23] RiaGuiApplication::notify(QObject*, QEvent*) at ResInsight/ApplicationLibCode/Application/RiaGuiApplication.cpp:1828
  [24] QCoreApplication::notifyInternal2(QObject*, QEvent*) at :0
  [25] QApplicationPrivate::sendMouseEvent(QWidget*, QMouseEvent*, QWidget*, QWidget*, QWidget**, QPointer<QWidget>&, bool, bool) at :0
  [26]  at :0
  [27]  at :0
  [28] QApplicationPrivate::notify_helper(QObject*, QEvent*) at :0
  [29] RiaGuiApplication::notify(QObject*, QEvent*) at ResInsight/ApplicationLibCode/Application/RiaGuiApplication.cpp:1828
  [30] QCoreApplication::notifyInternal2(QObject*, QEvent*) at :0
  [31] QGuiApplicationPrivate::processMouseEvent(QWindowSystemInterfacePrivate::MouseEvent*) at :0
  [32] QWindowSystemInterface::sendWindowSystemEvents(QFlags<QEventLoop::ProcessEventsFlag>) at :0
  [33]  at :0
  [34] g_main_context_dispatch at :0
  [35] g_main_context_iterate.isra.20 at :0
  [36] g_main_context_iteration at :0
  [37] QEventDispatcherGlib::processEvents(QFlags<QEventLoop::ProcessEventsFlag>) at :0
  [38] QEventLoop::exec(QFlags<QEventLoop::ProcessEventsFlag>) at :0
  [39] QCoreApplication::exec() at :0
  [40] main at ResInsight/ApplicationExeCode/RiaMain.cpp:267
  [41] __libc_start_main at :0
  [42] _start at :0
  [43]  at :0
"
2026-07-16T08:26:42.723Z,2026.06.1,"  [0] performCrashLogging at ResInsight/ApplicationExeCode/RiaMainTools.cpp:170
  [1] manageSegFailureSA(int, siginfo_t*, void*) at ResInsight/ApplicationExeCode/RiaMainTools.cpp:302
  [2]  at :0
  [3] __gnu_cxx::__normal_iterator<caf::PdmPointer<RimFlowDiagSolution> const*, std::vector<caf::PdmPointer<RimFlowDiagSolution>, std::allocator<caf::PdmPointer<RimFlowDiagSolution> > > >::__normal_iterator(caf::PdmPointer<RimFlowDiagSolution> const* const&) at /opt/rh/gcc-toolset-13/root/usr/include/c++/13/bits/stl_iterator.h:1077
  [4] RimFlowCharacteristicsPlot::fieldChangedByUi(caf::PdmFieldHandle const*, QVariant const&, QVariant const&) at ResInsight/ApplicationLibCode/ProjectDataModel/Flow/RimFlowCharacteristicsPlot.cpp:566
  [5] caf::PdmUiFieldHandle::notifyFieldChanged(QVariant const&, QVariant const&) at ResInsight/Fwk/AppFwk/cafProjectDataModel/cafPdmUiCore/cafPdmUiFieldHandle.cpp:75
  [6] caf::PdmFieldUiCap<caf::PdmPtrField<RimEclipseResultCase*> >::setValueFromUiEditor(QVariant const&, bool) at ResInsight/Fwk/AppFwk/cafProjectDataModel/cafPdmUiCore/cafInternalPdmUiFieldCapability.inl:116
  [7] caf::CmdFieldChangeExec::redo() at ResInsight/Fwk/AppFwk/cafCommand/cafCmdFieldChangeExec.cpp:139
  [8] QUndoStack::push(QUndoCommand*) at :0
  [9] caf::CmdUiCommandSystemImpl::fieldChangedCommand(std::vector<caf::PdmFieldHandle*, std::allocator<caf::PdmFieldHandle*> > const&, QVariant const&) at ResInsight/Fwk/AppFwk/cafCommand/cafCmdUiCommandSystemImpl.cpp:146
  [10] caf::PdmUiCommandSystemProxy::setUiValueToField(caf::PdmUiFieldHandle*, QVariant const&) at ResInsight/Fwk/AppFwk/cafProjectDataModel/cafPdmUiCore/cafPdmUiCommandSystemProxy.cpp:113
  [11] caf::PdmUiComboBoxEditor::slotIndexActivated(int) at ResInsight/Fwk/AppFwk/cafUserInterface/cafPdmUiComboBoxEditor.cpp:455
  [12]  at :0
  [13] QComboBox::activated(int) at :0
  [14]  at :0
  [15]  at :0
  [16]  at :0
  [17] QComboBoxPrivateContainer::itemSelected(QModelIndex const&) at :0
  [18] QComboBoxPrivateContainer::eventFilter(QObject*, QEvent*) at :0
  [19] QCoreApplicationPrivate::sendThroughObjectEventFilters(QObject*, QEvent*) at :0
  [20] QApplicationPrivate::notify_helper(QObject*, QEvent*) at :0
  [21] QApplication::notify(QObject*, QEvent*) at :0
  [22] RiaGuiApplication::notify(QObject*, QEvent*) at ResInsight/ApplicationLibCode/Application/RiaGuiApplication.cpp:1828
  [23] QCoreApplication::notifyInternal2(QObject*, QEvent*) at :0
  [24] QApplicationPrivate::sendMouseEvent(QWidget*, QMouseEvent*, QWidget*, QWidget*, QWidget**, QPointer<QWidget>&, bool, bool) at :0
  [25]  at :0
  [26]  at :0
  [27] QApplicationPrivate::notify_helper(QObject*, QEvent*) at :0
  [28] RiaGuiApplication::notify(QObject*, QEvent*) at ResInsight/ApplicationLibCode/Application/RiaGuiApplication.cpp:1828
  [29] QCoreApplication::notifyInternal2(QObject*, QEvent*) at :0
  [30] QGuiApplicationPrivate::processMouseEvent(QWindowSystemInterfacePrivate::MouseEvent*) at :0
  [31] QWindowSystemInterface::sendWindowSystemEvents(QFlags<QEventLoop::ProcessEventsFlag>) at :0
  [32]  at :0
  [33] g_main_context_dispatch at :0
  [34] g_main_context_iterate.isra.20 at :0
  [35] g_main_context_iteration at :0
  [36] QEventDispatcherGlib::processEvents(QFlags<QEventLoop::ProcessEventsFlag>) at :0
  [37] QEventLoop::exec(QFlags<QEventLoop::ProcessEventsFlag>) at :0
  [38] QCoreApplication::exec() at :0
  [39] main at ResInsight/ApplicationExeCode/RiaMain.cpp:267
  [40] __libc_start_main at :0
  [41] _start at :0
  [42]  at :0
"
2026-07-15T13:08:09.796Z,2026.06.1,"  [0] performCrashLogging at ResInsight/ApplicationExeCode/RiaMainTools.cpp:170
  [1] manageSegFailureSA(int, siginfo_t*, void*) at ResInsight/ApplicationExeCode/RiaMainTools.cpp:302
  [2]  at :0
  [3] ecl_kw_get_type at ResInsight/ThirdParty/Ert/lib/ecl/ecl_kw.cpp:1772
  [4] ecl_kw_iget_int at ResInsight/ThirdParty/Ert/lib/ecl/ecl_kw.cpp:864
  [5] ecl_smspec_fread_header at ResInsight/ThirdParty/Ert/lib/ecl/ecl_smspec.cpp:1120
  [6] ecl_sum_fread at ResInsight/ThirdParty/Ert/lib/ecl/ecl_sum.cpp:213
  [7] ecl_sum_fread_alloc at ResInsight/ThirdParty/Ert/lib/ecl/ecl_sum.cpp:271
  [8] RifEclipseSummaryTools::openEclSum(QString const&, bool) at ResInsight/ApplicationLibCode/FileInterface/RifEclipseSummaryTools.cpp:531
  [9] RifEclEclipseSummary::open(QString const&, RiaThreadSafeLogger*) at ResInsight/ApplicationLibCode/FileInterface/RifEclEclipseSummary.cpp:69
  [10] RifReaderEclipseSummary::open(QString const&, RiaThreadSafeLogger*) at ResInsight/ApplicationLibCode/FileInterface/RifReaderEclipseSummary.cpp:177
  [11] RifSummaryReaderAggregator::createReadersAndImportMetaData(RifEnsembleImportConfig, RiaThreadSafeLogger*) at ResInsight/ApplicationLibCode/FileInterface/RifSummaryReaderAggregator.cpp:156
  [12] RimFileSummaryCase::findRelatedFilesAndCreateReader(QString const&, bool, RifEnsembleImportConfig, RiaThreadSafeLogger*) at ResInsight/ApplicationLibCode/ProjectDataModel/Summary/RimFileSummaryCase.cpp:221
  [13] RimFileSummaryCase::createSummaryReaderInterfaceThreadSafe(RifEnsembleImportConfig, RiaThreadSafeLogger*) at ResInsight/ApplicationLibCode/ProjectDataModel/Summary/RimFileSummaryCase.cpp:110
  [14] RimSummaryCaseMainCollection::loadFileSummaryCaseData(std::vector<RimFileSummaryCase*, std::allocator<RimFileSummaryCase*> > const&, bool) [clone ._omp_fn.0] at ResInsight/ApplicationLibCode/ProjectDataModel/Summary/RimSummaryCaseMainCollection.cpp:596
  [15] gomp_thread_start at :0
  [16] start_thread at :0
  [17] __GI___clone at :0
  [18]  at :0
"
2026-07-15T12:14:13.634Z,2026.06.1,"  [0] performCrashLogging at ResInsight/ApplicationExeCode/RiaMainTools.cpp:170
  [1] manageSegFailureSA(int, siginfo_t*, void*) at ResInsight/ApplicationExeCode/RiaMainTools.cpp:302
  [2]  at :0
  [3] QWidgetPrivate::shouldPaintOnScreen() const at :0
  [4] QWidgetRepaintManager::markNeedsFlush(QWidget*, QRegion const&, QPoint const&) at :0
  [5] QWidgetPrivate::drawWidget(QPaintDevice*, QRegion const&, QPoint const&, QFlags<QWidgetPrivate::DrawWidgetFlag>, QPainter*, QWidgetRepaintManager*) at :0
  [6] QWidgetPrivate::paintSiblingsRecursive(QPaintDevice*, QList<QObject*> const&, int, QRegion const&, QPoint const&, QFlags<QWidgetPrivate::DrawWidgetFlag>, QPainter*, QWidgetRepaintManager*) at :0
  [7] QWidgetPrivate::drawWidget(QPaintDevice*, QRegion const&, QPoint const&, QFlags<QWidgetPrivate::DrawWidgetFlag>, QPainter*, QWidgetRepaintManager*) at :0
  [8] QWidgetPrivate::paintSiblingsRecursive(QPaintDevice*, QList<QObject*> const&, int, QRegion const&, QPoint const&, QFlags<QWidgetPrivate::DrawWidgetFlag>, QPainter*, QWidgetRepaintManager*) at :0
  [9] QWidgetPrivate::drawWidget(QPaintDevice*, QRegion const&, QPoint const&, QFlags<QWidgetPrivate::DrawWidgetFlag>, QPainter*, QWidgetRepaintManager*) at :0
  [10] QWidgetPrivate::paintSiblingsRecursive(QPaintDevice*, QList<QObject*> const&, int, QRegion const&, QPoint const&, QFlags<QWidgetPrivate::DrawWidgetFlag>, QPainter*, QWidgetRepaintManager*) at :0
  [11] QWidgetPrivate::drawWidget(QPaintDevice*, QRegion const&, QPoint const&, QFlags<QWidgetPrivate::DrawWidgetFlag>, QPainter*, QWidgetRepaintManager*) at :0
  [12] QWidgetPrivate::paintSiblingsRecursive(QPaintDevice*, QList<QObject*> const&, int, QRegion const&, QPoint const&, QFlags<QWidgetPrivate::DrawWidgetFlag>, QPainter*, QWidgetRepaintManager*) at :0
  [13] QWidgetPrivate::drawWidget(QPaintDevice*, QRegion const&, QPoint const&, QFlags<QWidgetPrivate::DrawWidgetFlag>, QPainter*, QWidgetRepaintManager*) at :0
  [14] QWidgetPrivate::paintSiblingsRecursive(QPaintDevice*, QList<QObject*> const&, int, QRegion const&, QPoint const&, QFlags<QWidgetPrivate::DrawWidgetFlag>, QPainter*, QWidgetRepaintManager*) at :0
  [15] QWidgetPrivate::drawWidget(QPaintDevice*, QRegion const&, QPoint const&, QFlags<QWidgetPrivate::DrawWidgetFlag>, QPainter*, QWidgetRepaintManager*) at :0
  [16] QWidgetPrivate::paintSiblingsRecursive(QPaintDevice*, QList<QObject*> const&, int, QRegion const&, QPoint const&, QFlags<QWidgetPrivate::DrawWidgetFlag>, QPainter*, QWidgetRepaintManager*) at :0
  [17] QWidgetPrivate::drawWidget(QPaintDevice*, QRegion const&, QPoint const&, QFlags<QWidgetPrivate::DrawWidgetFlag>, QPainter*, QWidgetRepaintManager*) at :0
  [18] QWidgetPrivate::paintSiblingsRecursive(QPaintDevice*, QList<QObject*> const&, int, QRegion const&, QPoint const&, QFlags<QWidgetPrivate::DrawWidgetFlag>, QPainter*, QWidgetRepaintManager*) at :0
  [19] QWidgetPrivate::drawWidget(QPaintDevice*, QRegion const&, QPoint const&, QFlags<QWidgetPrivate::DrawWidgetFlag>, QPainter*, QWidgetRepaintManager*) at :0
  [20] QWidgetPrivate::paintSiblingsRecursive(QPaintDevice*, QList<QObject*> const&, int, QRegion const&, QPoint const&, QFlags<QWidgetPrivate::DrawWidgetFlag>, QPainter*, QWidgetRepaintManager*) at :0
  [21] QWidgetPrivate::drawWidget(QPaintDevice*, QRegion const&, QPoint const&, QFlags<QWidgetPrivate::DrawWidgetFlag>, QPainter*, QWidgetRepaintManager*) at :0
  [22] QWidgetPrivate::paintSiblingsRecursive(QPaintDevice*, QList<QObject*> const&, int, QRegion const&, QPoint const&, QFlags<QWidgetPrivate::DrawWidgetFlag>, QPainter*, QWidgetRepaintManager*) at :0
  [23] QWidgetPrivate::drawWidget(QPaintDevice*, QRegion const&, QPoint const&, QFlags<QWidgetPrivate::DrawWidgetFlag>, QPainter*, QWidgetRepaintManager*) at :0
  [24] QWidgetPrivate::paintSiblingsRecursive(QPaintDevice*, QList<QObject*> const&, int, QRegion const&, QPoint const&, QFlags<QWidgetPrivate::DrawWidgetFlag>, QPainter*, QWidgetRepaintManager*) at :0
  [25] QWidgetPrivate::drawWidget(QPaintDevice*, QRegion const&, QPoint const&, QFlags<QWidgetPrivate::DrawWidgetFlag>, QPainter*, QWidgetRepaintManager*) at :0
  [26] QWidgetPrivate::paintSiblingsRecursive(QPaintDevice*, QList<QObject*> const&, int, QRegion const&, QPoint const&, QFlags<QWidgetPrivate::DrawWidgetFlag>, QPainter*, QWidgetRepaintManager*) at :0
  [27] QWidgetPrivate::drawWidget(QPaintDevice*, QRegion const&, QPoint const&, QFlags<QWidgetPrivate::DrawWidgetFlag>, QPainter*, QWidgetRepaintManager*) at :0
  [28] QWidgetPrivate::paintSiblingsRecursive(QPaintDevice*, QList<QObject*> const&, int, QRegion const&, QPoint const&, QFlags<QWidgetPrivate::DrawWidgetFlag>, QPainter*, QWidgetRepaintManager*) at :0
  [29] QWidgetPrivate::drawWidget(QPaintDevice*, QRegion const&, QPoint const&, QFlags<QWidgetPrivate::DrawWidgetFlag>, QPainter*, QWidgetRepaintManager*) at :0
  [30] QWidgetPrivate::paintSiblingsRecursive(QPaintDevice*, QList<QObject*> const&, int, QRegion const&, QPoint const&, QFlags<QWidgetPrivate::DrawWidgetFlag>, QPainter*, QWidgetRepaintManager*) at :0
  [31] QWidgetPrivate::drawWidget(QPaintDevice*, QRegion const&, QPoint const&, QFlags<QWidgetPrivate::DrawWidgetFlag>, QPainter*, QWidgetRepaintManager*) at :0
  [32] QWidgetPrivate::paintSiblingsRecursive(QPaintDevice*, QList<QObject*> const&, int, QRegion const&, QPoint const&, QFlags<QWidgetPrivate::DrawWidgetFlag>, QPainter*, QWidgetRepaintManager*) at :0
  [33] QWidgetPrivate::drawWidget(QPaintDevice*, QRegion const&, QPoint const&, QFlags<QWidgetPrivate::DrawWidgetFlag>, QPainter*, QWidgetRepaintManager*) at :0
  [34] QWidgetPrivate::paintSiblingsRecursive(QPaintDevice*, QList<QObject*> const&, int, QRegion const&, QPoint const&, QFlags<QWidgetPrivate::DrawWidgetFlag>, QPainter*, QWidgetRepaintManager*) at :0
  [35] QWidgetPrivate::drawWidget(QPaintDevice*, QRegion const&, QPoint const&, QFlags<QWidgetPrivate::DrawWidgetFlag>, QPainter*, QWidgetRepaintManager*) at :0
  [36] QWidgetPrivate::paintSiblingsRecursive(QPaintDevice*, QList<QObject*> const&, int, QRegion const&, QPoint const&, QFlags<QWidgetPrivate::DrawWidgetFlag>, QPainter*, QWidgetRepaintManager*) at :0
  [37] QWidgetPrivate::drawWidget(QPaintDevice*, QRegion const&, QPoint const&, QFlags<QWidgetPrivate::DrawWidgetFlag>, QPainter*, QWidgetRepaintManager*) at :0
  [38] QWidgetPrivate::paintSiblingsRecursive(QPaintDevice*, QList<QObject*> const&, int, QRegion const&, QPoint const&, QFlags<QWidgetPrivate::DrawWidgetFlag>, QPainter*, QWidgetRepaintManager*) at :0
  [39] QWidgetPrivate::drawWidget(QPaintDevice*, QRegion const&, QPoint const&, QFlags<QWidgetPrivate::DrawWidgetFlag>, QPainter*, QWidgetRepaintManager*) at :0
  [40] QWidgetRepaintManager::paintAndFlush() at :0
  [41] QWidget::event(QEvent*) at :0
  [42] QApplicationPrivate::notify_helper(QObject*, QEvent*) at :0
  [43] RiaGuiApplication::notify(QObject*, QEvent*) at ResInsight/ApplicationLibCode/Application/RiaGuiApplication.cpp:1828
  [44] QCoreApplication::notifyInternal2(QObject*, QEvent*) at :0
  [45] QCoreApplicationPrivate::sendPostedEvents(QObject*, int, QThreadData*) at :0
  [46]  at :0
  [47] g_main_context_dispatch at :0
  [48] g_main_context_iterate.isra.20 at :0
  [49] g_main_context_iteration at :0
  [50] QEventDispatcherGlib::processEvents(QFlags<QEventLoop::ProcessEventsFlag>) at :0
  [51] QEventLoop::exec(QFlags<QEventLoop::ProcessEventsFlag>) at :0
  [52] QCoreApplication::exec() at :0
  [53] main at ResInsight/ApplicationExeCode/RiaMain.cpp:267
  [54] __libc_start_main at :0
  [55] _start at :0
  [56]  at :0
"
2026-07-15T05:57:35.314Z,2026.06.1,"  [0] performCrashLogging at ResInsight/ApplicationExeCode/RiaMainTools.cpp:170
  [1] manageSegFailureSA(int, siginfo_t*, void*) at ResInsight/ApplicationExeCode/RiaMainTools.cpp:302
  [2]  at :0
  [3] __GI_raise at :0
  [4] __GI_abort at :0
  [5] cvf::AssertHandlerConsole::handleAssert(char const*, int, char const*, char const*) at ResInsight/Fwk/VizFwk/LibCore/cvfAssert.cpp:125
  [6] RifEclipseOutputFileTools::timeSteps(ecl_file_struct const*, std::vector<QDateTime, std::allocator<QDateTime> >*, std::vector<double, std::allocator<double> >*, unsigned long*) at ResInsight/ApplicationLibCode/FileInterface/RifEclipseOutputFileTools.cpp:194
  [7] RifEclipseUnifiedRestartFileAccess::extractTimestepsFromEclipse() at ResInsight/ApplicationLibCode/FileInterface/RifEclipseUnifiedRestartFileAccess.cpp:154
  [8] RifEclipseUnifiedRestartFileAccess::timeSteps(std::vector<QDateTime, std::allocator<QDateTime> >*, std::vector<double, std::allocator<double> >*) at ResInsight/ApplicationLibCode/FileInterface/RifEclipseUnifiedRestartFileAccess.cpp:206
  [9] RimEclipseResultCase::importGridAndResultMetaData(bool) at ResInsight/ApplicationLibCode/ProjectDataModel/RimEclipseResultCase.cpp:216
  [10] RimEclipseCase::openReservoirCase() at ResInsight/ApplicationLibCode/ProjectDataModel/RimEclipseCase.cpp:1125
  [11] RimReloadCaseTools::reloadEclipseData(RimEclipseCase*, bool) at ResInsight/ApplicationLibCode/ProjectDataModel/RimReloadCaseTools.cpp:82
  [12] RicReloadCaseFeature::onActionTriggered(bool) at ResInsight/ApplicationLibCode/Commands/RicReloadCaseFeature.cpp:62
  [13] caf::CmdFeature::actionTriggered(bool) at ResInsight/Fwk/AppFwk/cafCommand/cafCmdFeature.cpp:176
  [14]  at :0
  [15] QAction::triggered(bool) at :0
  [16] QAction::activate(QAction::ActionEvent) at :0
  [17]  at :0
  [18]  at :0
  [19] QWidget::event(QEvent*) at :0
  [20] QApplicationPrivate::notify_helper(QObject*, QEvent*) at :0
  [21] QApplication::notify(QObject*, QEvent*) at :0
  [22] RiaGuiApplication::notify(QObject*, QEvent*) at ResInsight/ApplicationLibCode/Application/RiaGuiApplication.cpp:1828
  [23] QCoreApplication::notifyInternal2(QObject*, QEvent*) at :0
  [24] QApplicationPrivate::sendMouseEvent(QWidget*, QMouseEvent*, QWidget*, QWidget*, QWidget**, QPointer<QWidget>&, bool, bool) at :0
  [25]  at :0
  [26]  at :0
  [27] QApplicationPrivate::notify_helper(QObject*, QEvent*) at :0
  [28] RiaGuiApplication::notify(QObject*, QEvent*) at ResInsight/ApplicationLibCode/Application/RiaGuiApplication.cpp:1828
  [29] QCoreApplication::notifyInternal2(QObject*, QEvent*) at :0
  [30] QGuiApplicationPrivate::processMouseEvent(QWindowSystemInterfacePrivate::MouseEvent*) at :0
  [31] QWindowSystemInterface::sendWindowSystemEvents(QFlags<QEventLoop::ProcessEventsFlag>) at :0
  [32]  at :0
  [33] g_main_context_dispatch at :0
  [34] g_main_context_iterate.isra.20 at :0
  [35] g_main_context_iteration at :0
  [36] QEventDispatcherGlib::processEvents(QFlags<QEventLoop::ProcessEventsFlag>) at :0
  [37] QEventLoop::exec(QFlags<QEventLoop::ProcessEventsFlag>) at :0
  [38]  at :0
  [39] QMenu::exec(QPoint const&, QAction*) at :0
  [40] RiuMainWindow::customMenuRequested(QPoint const&) at ResInsight/ApplicationLibCode/UserInterface/RiuMainWindow.cpp:2092
  [41]  at :0
  [42] QWidget::customContextMenuRequested(QPoint const&) at :0
  [43] QWidget::event(QEvent*) at :0
  [44] QFrame::event(QEvent*) at :0
  [45] QCoreApplicationPrivate::sendThroughObjectEventFilters(QObject*, QEvent*) at :0
  [46] QApplicationPrivate::notify_helper(QObject*, QEvent*) at :0
  [47] QApplication::notify(QObject*, QEvent*) at :0
  [48] RiaGuiApplication::notify(QObject*, QEvent*) at ResInsight/ApplicationLibCode/Application/RiaGuiApplication.cpp:1828
  [49] QCoreApplication::notifyInternal2(QObject*, QEvent*) at :0
  [50]  at :0
  [51]  at :0
  [52] QApplicationPrivate::notify_helper(QObject*, QEvent*) at :0
  [53] RiaGuiApplication::notify(QObject*, QEvent*) at ResInsight/ApplicationLibCode/Application/RiaGuiApplication.cpp:1828
  [54] QCoreApplication::notifyInternal2(QObject*, QEvent*) at :0
  [55] QGuiApplicationPrivate::processMouseEvent(QWindowSystemInterfacePrivate::MouseEvent*) at :0
  [56] QWindowSystemInterface::sendWindowSystemEvents(QFlags<QEventLoop::ProcessEventsFlag>) at :0
  [57]  at :0
  [58] g_main_context_dispatch at :0
  [59] g_main_context_iterate.isra.20 at :0
  [60] g_main_context_iteration at :0
  [61] QEventDispatcherGlib::processEvents(QFlags<QEventLoop::ProcessEventsFlag>) at :0
  [62] QEventLoop::exec(QFlags<QEventLoop::ProcessEventsFlag>) at :0
  [63] QCoreApplication::exec() at :0
  [64] main at ResInsight/ApplicationExeCode/RiaMain.cpp:267
  [65] __libc_start_main at :0
  [66] _start at :0
  [67]  at :0
"
2026-07-14T16:55:13.245Z,2026.06.1,"  [0] performCrashLogging at ResInsight/ApplicationExeCode/RiaMainTools.cpp:170
  [1] manageSegFailureSA(int, siginfo_t*, void*) at ResInsight/ApplicationExeCode/RiaMainTools.cpp:302
  [2]  at :0
  [3] __GI_raise at :0
  [4] __GI_abort at :0
  [5] manageTerminate() at ResInsight/ApplicationExeCode/RiaMainTools.cpp:241
  [6] __cxxabiv1::__terminate(void (*)()) at :0
  [7] std::terminate() at :0
  [8] __cxa_throw at :0
  [9] std::__throw_out_of_range(char const*) [clone .cold.4] at :0
  [10] std::map<std::__cxx11::basic_string<char, std::char_traits<char>, std::allocator<char> >, std::vector<int, std::allocator<int> >, std::less<std::__cxx11::basic_string<char, std::char_traits<char>, std::allocator<char> > >, std::allocator<std::pair<std::__cxx11::basic_string<char, std::char_traits<char>, std::allocator<char> > const, std::vector<int, std::allocator<int> > > > >::at(std::__cxx11::basic_string<char, std::char_traits<char>, std::allocator<char> > const&) const at /opt/rh/gcc-toolset-13/root/usr/include/c++/13/bits/stl_map.h:562
  [11] ecl_file_view_iget_named_file_kw at ResInsight/ThirdParty/Ert/lib/ecl/ecl_file_view.cpp:127
  [12] ecl_file_view_iget_named_kw at ResInsight/ThirdParty/Ert/lib/ecl/ecl_file_view.cpp:224
  [13] ecl_grid_dual_porosity_GRID_check at ResInsight/ThirdParty/Ert/lib/ecl/ecl_grid.cpp:3290
  [14] RifReaderEclipseOutput::loadAllGrids() const at ResInsight/ApplicationLibCode/FileInterface/RifReaderEclipseOutput.cpp:1165
  [15] RifReaderEclipseOutput::open(QString const&, RigEclipseCaseData*) at ResInsight/ApplicationLibCode/FileInterface/RifReaderEclipseOutput.cpp:393
  [16] RimEclipseResultCase::importGridAndResultMetaData(bool) at ResInsight/ApplicationLibCode/ProjectDataModel/RimEclipseResultCase.cpp:259
  [17] RiaImportEclipseCaseTools::openEclipseCaseShowTimeStepFilterImpl(QString const&, bool, bool, RifReaderSettings&) at ResInsight/ApplicationLibCode/Application/Tools/RiaImportEclipseCaseTools.cpp:372
  [18] RiaImportEclipseCaseTools::openEclipseCasesFromFile(QList<QString> const&, bool, std::map<QString, int, std::less<QString>, std::allocator<std::pair<QString const, int> > >*, bool, RifReaderSettings&) at ResInsight/ApplicationLibCode/Application/Tools/RiaImportEclipseCaseTools.cpp:107
  [19] RicImportGeneralDataFeature::openEclipseCaseFromFileNames(QList<QString> const&, bool, std::vector<int, std::allocator<int> >&, RifReaderSettings&) at ResInsight/ApplicationLibCode/Commands/RicImportGeneralDataFeature.cpp:365
  [20] RicImportGeneralDataFeature::openEclipseFilesFromFileNames(QList<QString> const&, bool, bool, RifReaderSettings&) at ResInsight/ApplicationLibCode/Commands/RicImportGeneralDataFeature.cpp:105
  [21] RicImportGeneralDataFeature::openEclipseFilesFromFileNames(QList<QString> const&, bool, bool) at ResInsight/ApplicationLibCode/Commands/RicImportGeneralDataFeature.cpp:56
  [22] RicImportGridModelFeature::onActionTriggered(bool) at ResInsight/ApplicationLibCode/Commands/EclipseCommands/RicImportGridModelFeature.cpp:81
  [23] caf::CmdFeature::actionTriggered(bool) at ResInsight/Fwk/AppFwk/cafCommand/cafCmdFeature.cpp:176
  [24]  at :0
  [25] QAction::triggered(bool) at :0
  [26] QAction::activate(QAction::ActionEvent) at :0
  [27]  at :0
  [28] QAbstractButton::mouseReleaseEvent(QMouseEvent*) at :0
  [29] QToolButton::mouseReleaseEvent(QMouseEvent*) at :0
  [30] QWidget::event(QEvent*) at :0
  [31] QApplicationPrivate::notify_helper(QObject*, QEvent*) at :0
  [32] QApplication::notify(QObject*, QEvent*) at :0
  [33] RiaGuiApplication::notify(QObject*, QEvent*) at ResInsight/ApplicationLibCode/Application/RiaGuiApplication.cpp:1828
  [34] QCoreApplication::notifyInternal2(QObject*, QEvent*) at :0
  [35] QApplicationPrivate::sendMouseEvent(QWidget*, QMouseEvent*, QWidget*, QWidget*, QWidget**, QPointer<QWidget>&, bool, bool) at :0
  [36]  at :0
  [37]  at :0
  [38] QApplicationPrivate::notify_helper(QObject*, QEvent*) at :0
  [39] RiaGuiApplication::notify(QObject*, QEvent*) at ResInsight/ApplicationLibCode/Application/RiaGuiApplication.cpp:1828
  [40] QCoreApplication::notifyInternal2(QObject*, QEvent*) at :0
  [41] QGuiApplicationPrivate::processMouseEvent(QWindowSystemInterfacePrivate::MouseEvent*) at :0
  [42] QWindowSystemInterface::sendWindowSystemEvents(QFlags<QEventLoop::ProcessEventsFlag>) at :0
  [43]  at :0
  [44] g_main_context_dispatch at :0
  [45] g_main_context_iterate.isra.20 at :0
  [46] g_main_context_iteration at :0
  [47] QEventDispatcherGlib::processEvents(QFlags<QEventLoop::ProcessEventsFlag>) at :0
  [48] QEventLoop::exec(QFlags<QEventLoop::ProcessEventsFlag>) at :0
  [49] QCoreApplication::exec() at :0
  [50] main at ResInsight/ApplicationExeCode/RiaMain.cpp:267
  [51] __libc_start_main at :0
  [52] _start at :0
  [53]  at :0
"
2026-07-14T16:55:12.937Z,2026.06.1,"  [0] performCrashLogging at ResInsight/ApplicationExeCode/RiaMainTools.cpp:170
  [1] manageTerminate() at ResInsight/ApplicationExeCode/RiaMainTools.cpp:239
  [2] __cxxabiv1::__terminate(void (*)()) at :0
  [3] std::terminate() at :0
  [4] __cxa_throw at :0
  [5] std::__throw_out_of_range(char const*) [clone .cold.4] at :0
  [6] std::map<std::__cxx11::basic_string<char, std::char_traits<char>, std::allocator<char> >, std::vector<int, std::allocator<int> >, std::less<std::__cxx11::basic_string<char, std::char_traits<char>, std::allocator<char> > >, std::allocator<std::pair<std::__cxx11::basic_string<char, std::char_traits<char>, std::allocator<char> > const, std::vector<int, std::allocator<int> > > > >::at(std::__cxx11::basic_string<char, std::char_traits<char>, std::allocator<char> > const&) const at /opt/rh/gcc-toolset-13/root/usr/include/c++/13/bits/stl_map.h:562
  [7] ecl_file_view_iget_named_file_kw at ResInsight/ThirdParty/Ert/lib/ecl/ecl_file_view.cpp:127
  [8] ecl_file_view_iget_named_kw at ResInsight/ThirdParty/Ert/lib/ecl/ecl_file_view.cpp:224
  [9] ecl_grid_dual_porosity_GRID_check at ResInsight/ThirdParty/Ert/lib/ecl/ecl_grid.cpp:3290
  [10] RifReaderEclipseOutput::loadAllGrids() const at ResInsight/ApplicationLibCode/FileInterface/RifReaderEclipseOutput.cpp:1165
  [11] RifReaderEclipseOutput::open(QString const&, RigEclipseCaseData*) at ResInsight/ApplicationLibCode/FileInterface/RifReaderEclipseOutput.cpp:393
  [12] RimEclipseResultCase::importGridAndResultMetaData(bool) at ResInsight/ApplicationLibCode/ProjectDataModel/RimEclipseResultCase.cpp:259
  [13] RiaImportEclipseCaseTools::openEclipseCaseShowTimeStepFilterImpl(QString const&, bool, bool, RifReaderSettings&) at ResInsight/ApplicationLibCode/Application/Tools/RiaImportEclipseCaseTools.cpp:372
  [14] RiaImportEclipseCaseTools::openEclipseCasesFromFile(QList<QString> const&, bool, std::map<QString, int, std::less<QString>, std::allocator<std::pair<QString const, int> > >*, bool, RifReaderSettings&) at ResInsight/ApplicationLibCode/Application/Tools/RiaImportEclipseCaseTools.cpp:107
  [15] RicImportGeneralDataFeature::openEclipseCaseFromFileNames(QList<QString> const&, bool, std::vector<int, std::allocator<int> >&, RifReaderSettings&) at ResInsight/ApplicationLibCode/Commands/RicImportGeneralDataFeature.cpp:365
  [16] RicImportGeneralDataFeature::openEclipseFilesFromFileNames(QList<QString> const&, bool, bool, RifReaderSettings&) at ResInsight/ApplicationLibCode/Commands/RicImportGeneralDataFeature.cpp:105
  [17] RicImportGeneralDataFeature::openEclipseFilesFromFileNames(QList<QString> const&, bool, bool) at ResInsight/ApplicationLibCode/Commands/RicImportGeneralDataFeature.cpp:56
  [18] RicImportGridModelFeature::onActionTriggered(bool) at ResInsight/ApplicationLibCode/Commands/EclipseCommands/RicImportGridModelFeature.cpp:81
  [19] caf::CmdFeature::actionTriggered(bool) at ResInsight/Fwk/AppFwk/cafCommand/cafCmdFeature.cpp:176
  [20]  at :0
  [21] QAction::triggered(bool) at :0
  [22] QAction::activate(QAction::ActionEvent) at :0
  [23]  at :0
  [24] QAbstractButton::mouseReleaseEvent(QMouseEvent*) at :0
  [25] QToolButton::mouseReleaseEvent(QMouseEvent*) at :0
  [26] QWidget::event(QEvent*) at :0
  [27] QApplicationPrivate::notify_helper(QObject*, QEvent*) at :0
  [28] QApplication::notify(QObject*, QEvent*) at :0
  [29] RiaGuiApplication::notify(QObject*, QEvent*) at ResInsight/ApplicationLibCode/Application/RiaGuiApplication.cpp:1828
  [30] QCoreApplication::notifyInternal2(QObject*, QEvent*) at :0
  [31] QApplicationPrivate::sendMouseEvent(QWidget*, QMouseEvent*, QWidget*, QWidget*, QWidget**, QPointer<QWidget>&, bool, bool) at :0
  [32]  at :0
  [33]  at :0
  [34] QApplicationPrivate::notify_helper(QObject*, QEvent*) at :0
  [35] RiaGuiApplication::notify(QObject*, QEvent*) at ResInsight/ApplicationLibCode/Application/RiaGuiApplication.cpp:1828
  [36] QCoreApplication::notifyInternal2(QObject*, QEvent*) at :0
  [37] QGuiApplicationPrivate::processMouseEvent(QWindowSystemInterfacePrivate::MouseEvent*) at :0
  [38] QWindowSystemInterface::sendWindowSystemEvents(QFlags<QEventLoop::ProcessEventsFlag>) at :0
  [39]  at :0
  [40] g_main_context_dispatch at :0
  [41] g_main_context_iterate.isra.20 at :0
  [42] g_main_context_iteration at :0
  [43] QEventDispatcherGlib::processEvents(QFlags<QEventLoop::ProcessEventsFlag>) at :0
  [44] QEventLoop::exec(QFlags<QEventLoop::ProcessEventsFlag>) at :0
  [45] QCoreApplication::exec() at :0
  [46] main at ResInsight/ApplicationExeCode/RiaMain.cpp:267
  [47] __libc_start_main at :0
  [48] _start at :0
  [49]  at :0
"
2026-07-14T11:18:53.405Z,2026.06.1,"  [0] performCrashLogging at ResInsight/ApplicationExeCode/RiaMainTools.cpp:170
  [1] manageSegFailureSA(int, siginfo_t*, void*) at ResInsight/ApplicationExeCode/RiaMainTools.cpp:302
  [2]  at :0
  [3] RifEclipseOutputFileTools::timeSteps(ecl_file_struct const*, std::vector<QDateTime, std::allocator<QDateTime> >*, std::vector<double, std::allocator<double> >*, unsigned long*) at ResInsight/ApplicationLibCode/FileInterface/RifEclipseOutputFileTools.cpp:289
  [4] RifEclipseUnifiedRestartFileAccess::extractTimestepsFromEclipse() at ResInsight/ApplicationLibCode/FileInterface/RifEclipseUnifiedRestartFileAccess.cpp:154
  [5] RifEclipseUnifiedRestartFileAccess::timeSteps(std::vector<QDateTime, std::allocator<QDateTime> >*, std::vector<double, std::allocator<double> >*) at ResInsight/ApplicationLibCode/FileInterface/RifEclipseUnifiedRestartFileAccess.cpp:206
  [6] RimEclipseResultCase::importGridAndResultMetaData(bool) at ResInsight/ApplicationLibCode/ProjectDataModel/RimEclipseResultCase.cpp:216
  [7] RimEclipseCase::openReservoirCase() at ResInsight/ApplicationLibCode/ProjectDataModel/RimEclipseCase.cpp:1125
  [8] RimReloadCaseTools::reloadEclipseData(RimEclipseCase*, bool) at ResInsight/ApplicationLibCode/ProjectDataModel/RimReloadCaseTools.cpp:82
  [9] RicReloadCaseFeature::onActionTriggered(bool) at ResInsight/ApplicationLibCode/Commands/RicReloadCaseFeature.cpp:62
  [10] caf::CmdFeature::actionTriggered(bool) at ResInsight/Fwk/AppFwk/cafCommand/cafCmdFeature.cpp:176
  [11]  at :0
  [12] QAction::triggered(bool) at :0
  [13] QAction::activate(QAction::ActionEvent) at :0
  [14]  at :0
  [15]  at :0
  [16] QWidget::event(QEvent*) at :0
  [17] QApplicationPrivate::notify_helper(QObject*, QEvent*) at :0
  [18] QApplication::notify(QObject*, QEvent*) at :0
  [19] RiaGuiApplication::notify(QObject*, QEvent*) at ResInsight/ApplicationLibCode/Application/RiaGuiApplication.cpp:1828
  [20] QCoreApplication::notifyInternal2(QObject*, QEvent*) at :0
  [21] QApplicationPrivate::sendMouseEvent(QWidget*, QMouseEvent*, QWidget*, QWidget*, QWidget**, QPointer<QWidget>&, bool, bool) at :0
  [22]  at :0
  [23]  at :0
  [24] QApplicationPrivate::notify_helper(QObject*, QEvent*) at :0
  [25] RiaGuiApplication::notify(QObject*, QEvent*) at ResInsight/ApplicationLibCode/Application/RiaGuiApplication.cpp:1828
  [26] QCoreApplication::notifyInternal2(QObject*, QEvent*) at :0
  [27] QGuiApplicationPrivate::processMouseEvent(QWindowSystemInterfacePrivate::MouseEvent*) at :0
  [28] QWindowSystemInterface::sendWindowSystemEvents(QFlags<QEventLoop::ProcessEventsFlag>) at :0
  [29]  at :0
  [30] g_main_context_dispatch at :0
  [31] g_main_context_iterate.isra.20 at :0
  [32] g_main_context_iteration at :0
  [33] QEventDispatcherGlib::processEvents(QFlags<QEventLoop::ProcessEventsFlag>) at :0
  [34] QEventLoop::exec(QFlags<QEventLoop::ProcessEventsFlag>) at :0
  [35]  at :0
  [36] QMenu::exec(QPoint const&, QAction*) at :0
  [37] RiuMainWindow::customMenuRequested(QPoint const&) at ResInsight/ApplicationLibCode/UserInterface/RiuMainWindow.cpp:2092
  [38]  at :0
  [39] QWidget::customContextMenuRequested(QPoint const&) at :0
  [40] QWidget::event(QEvent*) at :0
  [41] QFrame::event(QEvent*) at :0
  [42] QCoreApplicationPrivate::sendThroughObjectEventFilters(QObject*, QEvent*) at :0
  [43] QApplicationPrivate::notify_helper(QObject*, QEvent*) at :0
  [44] QApplication::notify(QObject*, QEvent*) at :0
  [45] RiaGuiApplication::notify(QObject*, QEvent*) at ResInsight/ApplicationLibCode/Application/RiaGuiApplication.cpp:1828
  [46] QCoreApplication::notifyInternal2(QObject*, QEvent*) at :0
  [47]  at :0
  [48]  at :0
  [49] QApplicationPrivate::notify_helper(QObject*, QEvent*) at :0
  [50] RiaGuiApplication::notify(QObject*, QEvent*) at ResInsight/ApplicationLibCode/Application/RiaGuiApplication.cpp:1828
  [51] QCoreApplication::notifyInternal2(QObject*, QEvent*) at :0
  [52] QGuiApplicationPrivate::processMouseEvent(QWindowSystemInterfacePrivate::MouseEvent*) at :0
  [53] QWindowSystemInterface::sendWindowSystemEvents(QFlags<QEventLoop::ProcessEventsFlag>) at :0
  [54]  at :0
  [55] g_main_context_dispatch at :0
  [56] g_main_context_iterate.isra.20 at :0
  [57] g_main_context_iteration at :0
  [58] QEventDispatcherGlib::processEvents(QFlags<QEventLoop::ProcessEventsFlag>) at :0
  [59] QEventLoop::exec(QFlags<QEventLoop::ProcessEventsFlag>) at :0
  [60] QCoreApplication::exec() at :0
  [61] main at ResInsight/ApplicationExeCode/RiaMain.cpp:267
  [62] __libc_start_main at :0
  [63] _start at :0
  [64]  at :0
"
2026-07-14T11:00:51.938Z,2026.06.1,"  [0] performCrashLogging at ResInsight/ApplicationExeCode/RiaMainTools.cpp:170
  [1] manageSegFailureSA(int, siginfo_t*, void*) at ResInsight/ApplicationExeCode/RiaMainTools.cpp:302
  [2]  at :0
  [3] __GI_raise at :0
  [4] __GI_abort at :0
  [5] caf::PdmUiEditorHandle::updateUi(QString const&) at ResInsight/Fwk/AppFwk/cafProjectDataModel/cafPdmUiCore/cafPdmUiEditorHandle.cpp:65
  [6] caf::PdmUiPropertyView::showProperties(caf::PdmObjectHandle*) at ResInsight/Fwk/AppFwk/cafUserInterface/cafPdmUiPropertyView.cpp:213
  [7] RiuMainWindow::selectedObjectsChanged() at ResInsight/ApplicationLibCode/UserInterface/RiuMainWindow.cpp:1539
  [8]  at :0
  [9] caf::PdmUiTreeView::slotOnSelectionChanged() at ResInsight/Fwk/AppFwk/cafUserInterface/cafPdmUiTreeView.cpp:154
  [10]  at :0
  [11]  at :0
  [12] QItemSelectionModel::selectionChanged(QItemSelection const&, QItemSelection const&) at :0
  [13] QItemSelectionModel::emitSelectionChanged(QItemSelection const&, QItemSelection const&) at :0
  [14] QItemSelectionModel::select(QItemSelection const&, QFlags<QItemSelectionModel::SelectionFlag>) at :0
  [15] QTreeViewPrivate::select(QModelIndex const&, QModelIndex const&, QFlags<QItemSelectionModel::SelectionFlag>) at :0
  [16] QTreeView::setSelection(QRect const&, QFlags<QItemSelectionModel::SelectionFlag>) at :0
  [17] QAbstractItemView::mousePressEvent(QMouseEvent*) at :0
  [18] QWidget::event(QEvent*) at :0
  [19] QFrame::event(QEvent*) at :0
  [20] QCoreApplicationPrivate::sendThroughObjectEventFilters(QObject*, QEvent*) at :0
  [21] QApplicationPrivate::notify_helper(QObject*, QEvent*) at :0
  [22] QApplication::notify(QObject*, QEvent*) at :0
  [23] RiaGuiApplication::notify(QObject*, QEvent*) at ResInsight/ApplicationLibCode/Application/RiaGuiApplication.cpp:1828
  [24] QCoreApplication::notifyInternal2(QObject*, QEvent*) at :0
  [25] QApplicationPrivate::sendMouseEvent(QWidget*, QMouseEvent*, QWidget*, QWidget*, QWidget**, QPointer<QWidget>&, bool, bool) at :0
  [26]  at :0
  [27]  at :0
  [28] QApplicationPrivate::notify_helper(QObject*, QEvent*) at :0
  [29] RiaGuiApplication::notify(QObject*, QEvent*) at ResInsight/ApplicationLibCode/Application/RiaGuiApplication.cpp:1828
  [30] QCoreApplication::notifyInternal2(QObject*, QEvent*) at :0
  [31] QGuiApplicationPrivate::processMouseEvent(QWindowSystemInterfacePrivate::MouseEvent*) at :0
  [32] QWindowSystemInterface::sendWindowSystemEvents(QFlags<QEventLoop::ProcessEventsFlag>) at :0
  [33]  at :0
  [34] g_main_context_dispatch at :0
  [35] g_main_context_iterate.isra.20 at :0
  [36] g_main_context_iteration at :0
  [37] QEventDispatcherGlib::processEvents(QFlags<QEventLoop::ProcessEventsFlag>) at :0
  [38] QEventLoop::exec(QFlags<QEventLoop::ProcessEventsFlag>) at :0
  [39] QCoreApplication::exec() at :0
  [40] main at ResInsight/ApplicationExeCode/RiaMain.cpp:267
  [41] __libc_start_main at :0
  [42] _start at :0
  [43]  at :0
"
2026-07-14T10:54:15.25Z,2026.06.1,"  [0] performCrashLogging at ResInsight/ApplicationExeCode/RiaMainTools.cpp:170
  [1] manageSegFailureSA(int, siginfo_t*, void*) at ResInsight/ApplicationExeCode/RiaMainTools.cpp:302
  [2]  at :0
  [3] __GI_raise at :0
  [4] __GI_abort at :0
  [5] caf::PdmUiEditorHandle::updateUi() at ResInsight/Fwk/AppFwk/cafProjectDataModel/cafPdmUiCore/cafPdmUiEditorHandle.cpp:82
  [6] caf::PdmUiObjectEditorHandle::updateUiAllObjectEditors() at ResInsight/Fwk/AppFwk/cafProjectDataModel/cafPdmUiCore/cafPdmUiObjectEditorHandle.cpp:116
  [7] RicUserDefinedCalculatorUi::calculate() const at ResInsight/ApplicationLibCode/Commands/RicUserDefinedCalculatorUi.cpp:179
  [8] RicCalculatorWidgetCreator::slotCalculate() at ResInsight/ApplicationLibCode/Commands/RicCalculatorWidgetCreator.cpp:205
  [9]  at :0
  [10] QAbstractButton::clicked(bool) at :0
  [11]  at :0
  [12]  at :0
  [13] QAbstractButton::mouseReleaseEvent(QMouseEvent*) at :0
  [14] QWidget::event(QEvent*) at :0
  [15] QApplicationPrivate::notify_helper(QObject*, QEvent*) at :0
  [16] QApplication::notify(QObject*, QEvent*) at :0
  [17] RiaGuiApplication::notify(QObject*, QEvent*) at ResInsight/ApplicationLibCode/Application/RiaGuiApplication.cpp:1828
  [18] QCoreApplication::notifyInternal2(QObject*, QEvent*) at :0
  [19] QApplicationPrivate::sendMouseEvent(QWidget*, QMouseEvent*, QWidget*, QWidget*, QWidget**, QPointer<QWidget>&, bool, bool) at :0
  [20]  at :0
  [21]  at :0
  [22] QApplicationPrivate::notify_helper(QObject*, QEvent*) at :0
  [23] RiaGuiApplication::notify(QObject*, QEvent*) at ResInsight/ApplicationLibCode/Application/RiaGuiApplication.cpp:1828
  [24] QCoreApplication::notifyInternal2(QObject*, QEvent*) at :0
  [25] QGuiApplicationPrivate::processMouseEvent(QWindowSystemInterfacePrivate::MouseEvent*) at :0
  [26] QWindowSystemInterface::sendWindowSystemEvents(QFlags<QEventLoop::ProcessEventsFlag>) at :0
  [27]  at :0
  [28] g_main_context_dispatch at :0
  [29] g_main_context_iterate.isra.20 at :0
  [30] g_main_context_iteration at :0
  [31] QEventDispatcherGlib::processEvents(QFlags<QEventLoop::ProcessEventsFlag>) at :0
  [32] QEventLoop::exec(QFlags<QEventLoop::ProcessEventsFlag>) at :0
  [33] QCoreApplication::exec() at :0
  [34] main at ResInsight/ApplicationExeCode/RiaMain.cpp:267
  [35] __libc_start_main at :0
  [36] _start at :0
  [37]  at :0
"
2026-07-14T10:47:00.123Z,2026.06.1,"  [0] performCrashLogging at ResInsight/ApplicationExeCode/RiaMainTools.cpp:170
  [1] manageSegFailureSA(int, siginfo_t*, void*) at ResInsight/ApplicationExeCode/RiaMainTools.cpp:302
  [2]  at :0
  [3] RifEclipseOutputFileTools::timeSteps(ecl_file_struct const*, std::vector<QDateTime, std::allocator<QDateTime> >*, std::vector<double, std::allocator<double> >*, unsigned long*) at ResInsight/ApplicationLibCode/FileInterface/RifEclipseOutputFileTools.cpp:289
  [4] RifEclipseUnifiedRestartFileAccess::extractTimestepsFromEclipse() at ResInsight/ApplicationLibCode/FileInterface/RifEclipseUnifiedRestartFileAccess.cpp:154
  [5] RifEclipseUnifiedRestartFileAccess::timeSteps(std::vector<QDateTime, std::allocator<QDateTime> >*, std::vector<double, std::allocator<double> >*) at ResInsight/ApplicationLibCode/FileInterface/RifEclipseUnifiedRestartFileAccess.cpp:206
  [6] RimEclipseResultCase::importGridAndResultMetaData(bool) at ResInsight/ApplicationLibCode/ProjectDataModel/RimEclipseResultCase.cpp:216
  [7] RimEclipseCase::openReservoirCase() at ResInsight/ApplicationLibCode/ProjectDataModel/RimEclipseCase.cpp:1125
  [8] RimReloadCaseTools::reloadEclipseData(RimEclipseCase*, bool) at ResInsight/ApplicationLibCode/ProjectDataModel/RimReloadCaseTools.cpp:82
  [9] RicReloadCaseFeature::onActionTriggered(bool) at ResInsight/ApplicationLibCode/Commands/RicReloadCaseFeature.cpp:62
  [10] caf::CmdFeature::actionTriggered(bool) at ResInsight/Fwk/AppFwk/cafCommand/cafCmdFeature.cpp:176
  [11]  at :0
  [12] QAction::triggered(bool) at :0
  [13] QAction::activate(QAction::ActionEvent) at :0
  [14]  at :0
  [15]  at :0
  [16] QWidget::event(QEvent*) at :0
  [17] QApplicationPrivate::notify_helper(QObject*, QEvent*) at :0
  [18] QApplication::notify(QObject*, QEvent*) at :0
  [19] RiaGuiApplication::notify(QObject*, QEvent*) at ResInsight/ApplicationLibCode/Application/RiaGuiApplication.cpp:1828
  [20] QCoreApplication::notifyInternal2(QObject*, QEvent*) at :0
  [21] QApplicationPrivate::sendMouseEvent(QWidget*, QMouseEvent*, QWidget*, QWidget*, QWidget**, QPointer<QWidget>&, bool, bool) at :0
  [22]  at :0
  [23]  at :0
  [24] QApplicationPrivate::notify_helper(QObject*, QEvent*) at :0
  [25] RiaGuiApplication::notify(QObject*, QEvent*) at ResInsight/ApplicationLibCode/Application/RiaGuiApplication.cpp:1828
  [26] QCoreApplication::notifyInternal2(QObject*, QEvent*) at :0
  [27] QGuiApplicationPrivate::processMouseEvent(QWindowSystemInterfacePrivate::MouseEvent*) at :0
  [28] QWindowSystemInterface::sendWindowSystemEvents(QFlags<QEventLoop::ProcessEventsFlag>) at :0
  [29]  at :0
  [30] g_main_context_dispatch at :0
  [31] g_main_context_iterate.isra.20 at :0
  [32] g_main_context_iteration at :0
  [33] QEventDispatcherGlib::processEvents(QFlags<QEventLoop::ProcessEventsFlag>) at :0
  [34] QEventLoop::exec(QFlags<QEventLoop::ProcessEventsFlag>) at :0
  [35]  at :0
  [36] QMenu::exec(QPoint const&, QAction*) at :0
  [37] RiuMainWindow::customMenuRequested(QPoint const&) at ResInsight/ApplicationLibCode/UserInterface/RiuMainWindow.cpp:2092
  [38]  at :0
  [39] QWidget::customContextMenuRequested(QPoint const&) at :0
  [40] QWidget::event(QEvent*) at :0
  [41] QFrame::event(QEvent*) at :0
  [42] QCoreApplicationPrivate::sendThroughObjectEventFilters(QObject*, QEvent*) at :0
  [43] QApplicationPrivate::notify_helper(QObject*, QEvent*) at :0
  [44] QApplication::notify(QObject*, QEvent*) at :0
  [45] RiaGuiApplication::notify(QObject*, QEvent*) at ResInsight/ApplicationLibCode/Application/RiaGuiApplication.cpp:1828
  [46] QCoreApplication::notifyInternal2(QObject*, QEvent*) at :0
  [47]  at :0
  [48]  at :0
  [49] QApplicationPrivate::notify_helper(QObject*, QEvent*) at :0
  [50] RiaGuiApplication::notify(QObject*, QEvent*) at ResInsight/ApplicationLibCode/Application/RiaGuiApplication.cpp:1828
  [51] QCoreApplication::notifyInternal2(QObject*, QEvent*) at :0
  [52] QGuiApplicationPrivate::processMouseEvent(QWindowSystemInterfacePrivate::MouseEvent*) at :0
  [53] QWindowSystemInterface::sendWindowSystemEvents(QFlags<QEventLoop::ProcessEventsFlag>) at :0
  [54]  at :0
  [55] g_main_context_dispatch at :0
  [56] g_main_context_iterate.isra.20 at :0
  [57] g_main_context_iteration at :0
  [58] QEventDispatcherGlib::processEvents(QFlags<QEventLoop::ProcessEventsFlag>) at :0
  [59] QEventLoop::exec(QFlags<QEventLoop::ProcessEventsFlag>) at :0
  [60] QCoreApplication::exec() at :0
  [61] main at ResInsight/ApplicationExeCode/RiaMain.cpp:267
  [62] __libc_start_main at :0
  [63] _start at :0
  [64]  at :0
"
2026-07-14T10:25:27.899Z,2026.06.1,"  [0] performCrashLogging at ResInsight/ApplicationExeCode/RiaMainTools.cpp:170
  [1] manageSegFailureSA(int, siginfo_t*, void*) at ResInsight/ApplicationExeCode/RiaMainTools.cpp:302
  [2]  at :0
  [3] __GI_raise at :0
  [4] __GI_abort at :0
  [5] caf::PdmUiEditorHandle::updateUi(QString const&) at ResInsight/Fwk/AppFwk/cafProjectDataModel/cafPdmUiCore/cafPdmUiEditorHandle.cpp:65
  [6] caf::PdmUiPropertyView::showProperties(caf::PdmObjectHandle*) at ResInsight/Fwk/AppFwk/cafUserInterface/cafPdmUiPropertyView.cpp:213
  [7] RiuMainWindow::cleanupGuiCaseClose() at ResInsight/ApplicationLibCode/UserInterface/RiuMainWindow.cpp:312
  [8] RiaGuiApplication::onProjectBeingClosed() at ResInsight/ApplicationLibCode/Application/RiaGuiApplication.cpp:1409
  [9] RiaApplication::closeProject() at ResInsight/ApplicationLibCode/Application/RiaApplication.cpp:1040
  [10] caf::CmdFeature::actionTriggered(bool) at ResInsight/Fwk/AppFwk/cafCommand/cafCmdFeature.cpp:176
  [11]  at :0
  [12] QAction::triggered(bool) at :0
  [13] QAction::activate(QAction::ActionEvent) at :0
  [14]  at :0
  [15]  at :0
  [16] QWidget::event(QEvent*) at :0
  [17] QApplicationPrivate::notify_helper(QObject*, QEvent*) at :0
  [18] QApplication::notify(QObject*, QEvent*) at :0
  [19] RiaGuiApplication::notify(QObject*, QEvent*) at ResInsight/ApplicationLibCode/Application/RiaGuiApplication.cpp:1828
  [20] QCoreApplication::notifyInternal2(QObject*, QEvent*) at :0
  [21] QApplicationPrivate::sendMouseEvent(QWidget*, QMouseEvent*, QWidget*, QWidget*, QWidget**, QPointer<QWidget>&, bool, bool) at :0
  [22]  at :0
  [23]  at :0
  [24] QApplicationPrivate::notify_helper(QObject*, QEvent*) at :0
  [25] RiaGuiApplication::notify(QObject*, QEvent*) at ResInsight/ApplicationLibCode/Application/RiaGuiApplication.cpp:1828
  [26] QCoreApplication::notifyInternal2(QObject*, QEvent*) at :0
  [27] QGuiApplicationPrivate::processMouseEvent(QWindowSystemInterfacePrivate::MouseEvent*) at :0
  [28] QWindowSystemInterface::sendWindowSystemEvents(QFlags<QEventLoop::ProcessEventsFlag>) at :0
  [29]  at :0
  [30] g_main_context_dispatch at :0
  [31] g_main_context_iterate.isra.20 at :0
  [32] g_main_context_iteration at :0
  [33] QEventDispatcherGlib::processEvents(QFlags<QEventLoop::ProcessEventsFlag>) at :0
  [34] QEventLoop::exec(QFlags<QEventLoop::ProcessEventsFlag>) at :0
  [35] QCoreApplication::exec() at :0
  [36] main at ResInsight/ApplicationExeCode/RiaMain.cpp:267
  [37] __libc_start_main at :0
  [38] _start at :0
  [39]  at :0
"
2026-07-14T10:13:04.199Z,2026.06.1,"  [0] performCrashLogging at ResInsight/ApplicationExeCode/RiaMainTools.cpp:170
  [1] manageSegFailureSA(int, siginfo_t*, void*) at ResInsight/ApplicationExeCode/RiaMainTools.cpp:302
  [2]  at :0
  [3] std::__atomic_base<int>::fetch_add(int, std::memory_order) at /opt/rh/gcc-toolset-13/root/usr/include/c++/13/bits/atomic_base.h:635
  [4] RigEclipseCaseData::formationNames() const at ResInsight/ApplicationLibCode/ReservoirDataModel/RigEclipseCaseData.cpp:804
  [5] RimEclipseResultDefinition::hasCategoryResult() const at ResInsight/ApplicationLibCode/ProjectDataModel/RimEclipseResultDefinition.cpp:1461
  [6] RimEclipsePropertyFilter::computeResultValueRange() at ResInsight/ApplicationLibCode/ProjectDataModel/CellFilters/RimEclipsePropertyFilter.cpp:538
  [7] RimEclipsePropertyFilterCollection::loadAndInitializePropertyFilters() at ResInsight/ApplicationLibCode/ProjectDataModel/CellFilters/RimEclipsePropertyFilterCollection.cpp:111
  [8] RimEclipseView::onLoadDataAndUpdate() at ResInsight/ApplicationLibCode/ProjectDataModel/RimEclipseView.cpp:1273
  [9] RimViewWindow::loadDataAndUpdate() at ResInsight/ApplicationLibCode/ProjectDataModel/RimViewWindow.cpp:90
  [10] RimReloadCaseTools::updateAll3dViews(RimEclipseCase*) at ResInsight/ApplicationLibCode/ProjectDataModel/RimReloadCaseTools.cpp:142
  [11] RimGridCalculation::updateDependentObjects() at ResInsight/ApplicationLibCode/ProjectDataModel/RimGridCalculation.cpp:762
  [12] RicUserDefinedCalculatorUi::calculate() const at ResInsight/ApplicationLibCode/Commands/RicUserDefinedCalculatorUi.cpp:178
  [13] RicCalculatorWidgetCreator::slotCalculate() at ResInsight/ApplicationLibCode/Commands/RicCalculatorWidgetCreator.cpp:205
  [14]  at :0
  [15] QAbstractButton::clicked(bool) at :0
  [16]  at :0
  [17]  at :0
  [18] QAbstractButton::mouseReleaseEvent(QMouseEvent*) at :0
  [19] QWidget::event(QEvent*) at :0
  [20] QApplicationPrivate::notify_helper(QObject*, QEvent*) at :0
  [21] QApplication::notify(QObject*, QEvent*) at :0
  [22] RiaGuiApplication::notify(QObject*, QEvent*) at ResInsight/ApplicationLibCode/Application/RiaGuiApplication.cpp:1828
  [23] QCoreApplication::notifyInternal2(QObject*, QEvent*) at :0
  [24] QApplicationPrivate::sendMouseEvent(QWidget*, QMouseEvent*, QWidget*, QWidget*, QWidget**, QPointer<QWidget>&, bool, bool) at :0
  [25]  at :0
  [26]  at :0
  [27] QApplicationPrivate::notify_helper(QObject*, QEvent*) at :0
  [28] RiaGuiApplication::notify(QObject*, QEvent*) at ResInsight/ApplicationLibCode/Application/RiaGuiApplication.cpp:1828
  [29] QCoreApplication::notifyInternal2(QObject*, QEvent*) at :0
  [30] QGuiApplicationPrivate::processMouseEvent(QWindowSystemInterfacePrivate::MouseEvent*) at :0
  [31] QWindowSystemInterface::sendWindowSystemEvents(QFlags<QEventLoop::ProcessEventsFlag>) at :0
  [32]  at :0
  [33] g_main_context_dispatch at :0
  [34] g_main_context_iterate.isra.20 at :0
  [35] g_main_context_iteration at :0
  [36] QEventDispatcherGlib::processEvents(QFlags<QEventLoop::ProcessEventsFlag>) at :0
  [37] QEventLoop::exec(QFlags<QEventLoop::ProcessEventsFlag>) at :0
  [38] QCoreApplication::exec() at :0
  [39] main at ResInsight/ApplicationExeCode/RiaMain.cpp:267
  [40] __libc_start_main at :0
  [41] _start at :0
  [42]  at :0
"
2026-07-14T06:36:14.718Z,2026.06.1,"  [0] performCrashLogging at ResInsight/ApplicationExeCode/RiaMainTools.cpp:170
  [1] manageSegFailureSA(int, siginfo_t*, void*) at ResInsight/ApplicationExeCode/RiaMainTools.cpp:302
  [2]  at :0
  [3] QWidgetPrivate::shouldPaintOnScreen() const at :0
  [4] QWidgetRepaintManager::markNeedsFlush(QWidget*, QRegion const&, QPoint const&) at :0
  [5] QWidgetPrivate::drawWidget(QPaintDevice*, QRegion const&, QPoint const&, QFlags<QWidgetPrivate::DrawWidgetFlag>, QPainter*, QWidgetRepaintManager*) at :0
  [6] QWidgetPrivate::paintSiblingsRecursive(QPaintDevice*, QList<QObject*> const&, int, QRegion const&, QPoint const&, QFlags<QWidgetPrivate::DrawWidgetFlag>, QPainter*, QWidgetRepaintManager*) at :0
  [7] QWidgetPrivate::drawWidget(QPaintDevice*, QRegion const&, QPoint const&, QFlags<QWidgetPrivate::DrawWidgetFlag>, QPainter*, QWidgetRepaintManager*) at :0
  [8] QWidgetPrivate::paintSiblingsRecursive(QPaintDevice*, QList<QObject*> const&, int, QRegion const&, QPoint const&, QFlags<QWidgetPrivate::DrawWidgetFlag>, QPainter*, QWidgetRepaintManager*) at :0
  [9] QWidgetPrivate::drawWidget(QPaintDevice*, QRegion const&, QPoint const&, QFlags<QWidgetPrivate::DrawWidgetFlag>, QPainter*, QWidgetRepaintManager*) at :0
  [10] QWidgetPrivate::paintSiblingsRecursive(QPaintDevice*, QList<QObject*> const&, int, QRegion const&, QPoint const&, QFlags<QWidgetPrivate::DrawWidgetFlag>, QPainter*, QWidgetRepaintManager*) at :0
  [11] QWidgetPrivate::drawWidget(QPaintDevice*, QRegion const&, QPoint const&, QFlags<QWidgetPrivate::DrawWidgetFlag>, QPainter*, QWidgetRepaintManager*) at :0
  [12] QWidgetPrivate::paintSiblingsRecursive(QPaintDevice*, QList<QObject*> const&, int, QRegion const&, QPoint const&, QFlags<QWidgetPrivate::DrawWidgetFlag>, QPainter*, QWidgetRepaintManager*) at :0
  [13] QWidgetPrivate::drawWidget(QPaintDevice*, QRegion const&, QPoint const&, QFlags<QWidgetPrivate::DrawWidgetFlag>, QPainter*, QWidgetRepaintManager*) at :0
  [14] QWidgetPrivate::paintSiblingsRecursive(QPaintDevice*, QList<QObject*> const&, int, QRegion const&, QPoint const&, QFlags<QWidgetPrivate::DrawWidgetFlag>, QPainter*, QWidgetRepaintManager*) at :0
  [15] QWidgetPrivate::drawWidget(QPaintDevice*, QRegion const&, QPoint const&, QFlags<QWidgetPrivate::DrawWidgetFlag>, QPainter*, QWidgetRepaintManager*) at :0
  [16] QWidgetPrivate::paintSiblingsRecursive(QPaintDevice*, QList<QObject*> const&, int, QRegion const&, QPoint const&, QFlags<QWidgetPrivate::DrawWidgetFlag>, QPainter*, QWidgetRepaintManager*) at :0
  [17] QWidgetPrivate::drawWidget(QPaintDevice*, QRegion const&, QPoint const&, QFlags<QWidgetPrivate::DrawWidgetFlag>, QPainter*, QWidgetRepaintManager*) at :0
  [18] QWidgetPrivate::paintSiblingsRecursive(QPaintDevice*, QList<QObject*> const&, int, QRegion const&, QPoint const&, QFlags<QWidgetPrivate::DrawWidgetFlag>, QPainter*, QWidgetRepaintManager*) at :0
  [19] QWidgetPrivate::drawWidget(QPaintDevice*, QRegion const&, QPoint const&, QFlags<QWidgetPrivate::DrawWidgetFlag>, QPainter*, QWidgetRepaintManager*) at :0
  [20] QWidgetPrivate::paintSiblingsRecursive(QPaintDevice*, QList<QObject*> const&, int, QRegion const&, QPoint const&, QFlags<QWidgetPrivate::DrawWidgetFlag>, QPainter*, QWidgetRepaintManager*) at :0
  [21] QWidgetPrivate::paintSiblingsRecursive(QPaintDevice*, QList<QObject*> const&, int, QRegion const&, QPoint const&, QFlags<QWidgetPrivate::DrawWidgetFlag>, QPainter*, QWidgetRepaintManager*) at :0
  [22] QWidgetPrivate::drawWidget(QPaintDevice*, QRegion const&, QPoint const&, QFlags<QWidgetPrivate::DrawWidgetFlag>, QPainter*, QWidgetRepaintManager*) at :0
  [23] QWidgetPrivate::paintSiblingsRecursive(QPaintDevice*, QList<QObject*> const&, int, QRegion const&, QPoint const&, QFlags<QWidgetPrivate::DrawWidgetFlag>, QPainter*, QWidgetRepaintManager*) at :0
  [24] QWidgetPrivate::drawWidget(QPaintDevice*, QRegion const&, QPoint const&, QFlags<QWidgetPrivate::DrawWidgetFlag>, QPainter*, QWidgetRepaintManager*) at :0
  [25] QWidgetPrivate::paintSiblingsRecursive(QPaintDevice*, QList<QObject*> const&, int, QRegion const&, QPoint const&, QFlags<QWidgetPrivate::DrawWidgetFlag>, QPainter*, QWidgetRepaintManager*) at :0
  [26] QWidgetPrivate::drawWidget(QPaintDevice*, QRegion const&, QPoint const&, QFlags<QWidgetPrivate::DrawWidgetFlag>, QPainter*, QWidgetRepaintManager*) at :0
  [27] QWidgetPrivate::paintSiblingsRecursive(QPaintDevice*, QList<QObject*> const&, int, QRegion const&, QPoint const&, QFlags<QWidgetPrivate::DrawWidgetFlag>, QPainter*, QWidgetRepaintManager*) at :0
  [28] QWidgetPrivate::drawWidget(QPaintDevice*, QRegion const&, QPoint const&, QFlags<QWidgetPrivate::DrawWidgetFlag>, QPainter*, QWidgetRepaintManager*) at :0
  [29] QWidgetPrivate::paintSiblingsRecursive(QPaintDevice*, QList<QObject*> const&, int, QRegion const&, QPoint const&, QFlags<QWidgetPrivate::DrawWidgetFlag>, QPainter*, QWidgetRepaintManager*) at :0
  [30] QWidgetPrivate::drawWidget(QPaintDevice*, QRegion const&, QPoint const&, QFlags<QWidgetPrivate::DrawWidgetFlag>, QPainter*, QWidgetRepaintManager*) at :0
  [31] QWidgetPrivate::paintSiblingsRecursive(QPaintDevice*, QList<QObject*> const&, int, QRegion const&, QPoint const&, QFlags<QWidgetPrivate::DrawWidgetFlag>, QPainter*, QWidgetRepaintManager*) at :0
  [32] QWidgetPrivate::drawWidget(QPaintDevice*, QRegion const&, QPoint const&, QFlags<QWidgetPrivate::DrawWidgetFlag>, QPainter*, QWidgetRepaintManager*) at :0
  [33] QWidgetPrivate::paintSiblingsRecursive(QPaintDevice*, QList<QObject*> const&, int, QRegion const&, QPoint const&, QFlags<QWidgetPrivate::DrawWidgetFlag>, QPainter*, QWidgetRepaintManager*) at :0
  [34] QWidgetPrivate::drawWidget(QPaintDevice*, QRegion const&, QPoint const&, QFlags<QWidgetPrivate::DrawWidgetFlag>, QPainter*, QWidgetRepaintManager*) at :0
  [35] QWidgetPrivate::paintSiblingsRecursive(QPaintDevice*, QList<QObject*> const&, int, QRegion const&, QPoint const&, QFlags<QWidgetPrivate::DrawWidgetFlag>, QPainter*, QWidgetRepaintManager*) at :0
  [36] QWidgetPrivate::paintSiblingsRecursive(QPaintDevice*, QList<QObject*> const&, int, QRegion const&, QPoint const&, QFlags<QWidgetPrivate::DrawWidgetFlag>, QPainter*, QWidgetRepaintManager*) at :0
  [37] QWidgetPrivate::drawWidget(QPaintDevice*, QRegion const&, QPoint const&, QFlags<QWidgetPrivate::DrawWidgetFlag>, QPainter*, QWidgetRepaintManager*) at :0
  [38] QWidgetPrivate::paintSiblingsRecursive(QPaintDevice*, QList<QObject*> const&, int, QRegion const&, QPoint const&, QFlags<QWidgetPrivate::DrawWidgetFlag>, QPainter*, QWidgetRepaintManager*) at :0
  [39] QWidgetPrivate::drawWidget(QPaintDevice*, QRegion const&, QPoint const&, QFlags<QWidgetPrivate::DrawWidgetFlag>, QPainter*, QWidgetRepaintManager*) at :0
  [40] QWidgetPrivate::paintSiblingsRecursive(QPaintDevice*, QList<QObject*> const&, int, QRegion const&, QPoint const&, QFlags<QWidgetPrivate::DrawWidgetFlag>, QPainter*, QWidgetRepaintManager*) at :0
  [41] QWidgetPrivate::drawWidget(QPaintDevice*, QRegion const&, QPoint const&, QFlags<QWidgetPrivate::DrawWidgetFlag>, QPainter*, QWidgetRepaintManager*) at :0
  [42] QWidgetRepaintManager::paintAndFlush() at :0
  [43] QWidget::event(QEvent*) at :0
  [44] QApplicationPrivate::notify_helper(QObject*, QEvent*) at :0
  [45] RiaGuiApplication::notify(QObject*, QEvent*) at ResInsight/ApplicationLibCode/Application/RiaGuiApplication.cpp:1828
  [46] QCoreApplication::notifyInternal2(QObject*, QEvent*) at :0
  [47] QCoreApplicationPrivate::sendPostedEvents(QObject*, int, QThreadData*) at :0
  [48]  at :0
  [49] g_main_context_dispatch at :0
  [50] g_main_context_iterate.isra.20 at :0
  [51] g_main_context_iteration at :0
  [52] QEventDispatcherGlib::processEvents(QFlags<QEventLoop::ProcessEventsFlag>) at :0
  [53] QEventLoop::exec(QFlags<QEventLoop::ProcessEventsFlag>) at :0
  [54] QCoreApplication::exec() at :0
  [55] main at ResInsight/ApplicationExeCode/RiaMain.cpp:267
  [56] __libc_start_main at :0
  [57] _start at :0
  [58]  at :0
"
2026-07-14T06:07:18.203Z,2026.06.1,"  [0] performCrashLogging at ResInsight/ApplicationExeCode/RiaMainTools.cpp:170
  [1] manageSegFailureSA(int, siginfo_t*, void*) at ResInsight/ApplicationExeCode/RiaMainTools.cpp:302
  [2]  at :0
  [3] QWidgetPrivate::shouldPaintOnScreen() const at :0
  [4] QWidgetRepaintManager::markNeedsFlush(QWidget*, QRegion const&, QPoint const&) at :0
  [5] QWidgetPrivate::drawWidget(QPaintDevice*, QRegion const&, QPoint const&, QFlags<QWidgetPrivate::DrawWidgetFlag>, QPainter*, QWidgetRepaintManager*) at :0
  [6] QWidgetPrivate::paintSiblingsRecursive(QPaintDevice*, QList<QObject*> const&, int, QRegion const&, QPoint const&, QFlags<QWidgetPrivate::DrawWidgetFlag>, QPainter*, QWidgetRepaintManager*) at :0
  [7] QWidgetPrivate::drawWidget(QPaintDevice*, QRegion const&, QPoint const&, QFlags<QWidgetPrivate::DrawWidgetFlag>, QPainter*, QWidgetRepaintManager*) at :0
  [8] QWidgetPrivate::paintSiblingsRecursive(QPaintDevice*, QList<QObject*> const&, int, QRegion const&, QPoint const&, QFlags<QWidgetPrivate::DrawWidgetFlag>, QPainter*, QWidgetRepaintManager*) at :0
  [9] QWidgetPrivate::drawWidget(QPaintDevice*, QRegion const&, QPoint const&, QFlags<QWidgetPrivate::DrawWidgetFlag>, QPainter*, QWidgetRepaintManager*) at :0
  [10] QWidgetPrivate::paintSiblingsRecursive(QPaintDevice*, QList<QObject*> const&, int, QRegion const&, QPoint const&, QFlags<QWidgetPrivate::DrawWidgetFlag>, QPainter*, QWidgetRepaintManager*) at :0
  [11] QWidgetPrivate::drawWidget(QPaintDevice*, QRegion const&, QPoint const&, QFlags<QWidgetPrivate::DrawWidgetFlag>, QPainter*, QWidgetRepaintManager*) at :0
  [12] QWidgetPrivate::paintSiblingsRecursive(QPaintDevice*, QList<QObject*> const&, int, QRegion const&, QPoint const&, QFlags<QWidgetPrivate::DrawWidgetFlag>, QPainter*, QWidgetRepaintManager*) at :0
  [13] QWidgetPrivate::drawWidget(QPaintDevice*, QRegion const&, QPoint const&, QFlags<QWidgetPrivate::DrawWidgetFlag>, QPainter*, QWidgetRepaintManager*) at :0
  [14] QWidgetPrivate::paintSiblingsRecursive(QPaintDevice*, QList<QObject*> const&, int, QRegion const&, QPoint const&, QFlags<QWidgetPrivate::DrawWidgetFlag>, QPainter*, QWidgetRepaintManager*) at :0
  [15] QWidgetPrivate::drawWidget(QPaintDevice*, QRegion const&, QPoint const&, QFlags<QWidgetPrivate::DrawWidgetFlag>, QPainter*, QWidgetRepaintManager*) at :0
  [16] QWidgetPrivate::paintSiblingsRecursive(QPaintDevice*, QList<QObject*> const&, int, QRegion const&, QPoint const&, QFlags<QWidgetPrivate::DrawWidgetFlag>, QPainter*, QWidgetRepaintManager*) at :0
  [17] QWidgetPrivate::drawWidget(QPaintDevice*, QRegion const&, QPoint const&, QFlags<QWidgetPrivate::DrawWidgetFlag>, QPainter*, QWidgetRepaintManager*) at :0
  [18] QWidgetPrivate::paintSiblingsRecursive(QPaintDevice*, QList<QObject*> const&, int, QRegion const&, QPoint const&, QFlags<QWidgetPrivate::DrawWidgetFlag>, QPainter*, QWidgetRepaintManager*) at :0
  [19] QWidgetPrivate::drawWidget(QPaintDevice*, QRegion const&, QPoint const&, QFlags<QWidgetPrivate::DrawWidgetFlag>, QPainter*, QWidgetRepaintManager*) at :0
  [20] QWidgetPrivate::paintSiblingsRecursive(QPaintDevice*, QList<QObject*> const&, int, QRegion const&, QPoint const&, QFlags<QWidgetPrivate::DrawWidgetFlag>, QPainter*, QWidgetRepaintManager*) at :0
  [21] QWidgetPrivate::drawWidget(QPaintDevice*, QRegion const&, QPoint const&, QFlags<QWidgetPrivate::DrawWidgetFlag>, QPainter*, QWidgetRepaintManager*) at :0
  [22] QWidgetPrivate::paintSiblingsRecursive(QPaintDevice*, QList<QObject*> const&, int, QRegion const&, QPoint const&, QFlags<QWidgetPrivate::DrawWidgetFlag>, QPainter*, QWidgetRepaintManager*) at :0
  [23] QWidgetPrivate::drawWidget(QPaintDevice*, QRegion const&, QPoint const&, QFlags<QWidgetPrivate::DrawWidgetFlag>, QPainter*, QWidgetRepaintManager*) at :0
  [24] QWidgetPrivate::paintSiblingsRecursive(QPaintDevice*, QList<QObject*> const&, int, QRegion const&, QPoint const&, QFlags<QWidgetPrivate::DrawWidgetFlag>, QPainter*, QWidgetRepaintManager*) at :0
  [25] QWidgetPrivate::drawWidget(QPaintDevice*, QRegion const&, QPoint const&, QFlags<QWidgetPrivate::DrawWidgetFlag>, QPainter*, QWidgetRepaintManager*) at :0
  [26] QWidgetPrivate::paintSiblingsRecursive(QPaintDevice*, QList<QObject*> const&, int, QRegion const&, QPoint const&, QFlags<QWidgetPrivate::DrawWidgetFlag>, QPainter*, QWidgetRepaintManager*) at :0
  [27] QWidgetPrivate::drawWidget(QPaintDevice*, QRegion const&, QPoint const&, QFlags<QWidgetPrivate::DrawWidgetFlag>, QPainter*, QWidgetRepaintManager*) at :0
  [28] QWidgetPrivate::paintSiblingsRecursive(QPaintDevice*, QList<QObject*> const&, int, QRegion const&, QPoint const&, QFlags<QWidgetPrivate::DrawWidgetFlag>, QPainter*, QWidgetRepaintManager*) at :0
  [29] QWidgetPrivate::drawWidget(QPaintDevice*, QRegion const&, QPoint const&, QFlags<QWidgetPrivate::DrawWidgetFlag>, QPainter*, QWidgetRepaintManager*) at :0
  [30] QWidgetPrivate::paintSiblingsRecursive(QPaintDevice*, QList<QObject*> const&, int, QRegion const&, QPoint const&, QFlags<QWidgetPrivate::DrawWidgetFlag>, QPainter*, QWidgetRepaintManager*) at :0
  [31] QWidgetPrivate::drawWidget(QPaintDevice*, QRegion const&, QPoint const&, QFlags<QWidgetPrivate::DrawWidgetFlag>, QPainter*, QWidgetRepaintManager*) at :0
  [32] QWidgetPrivate::paintSiblingsRecursive(QPaintDevice*, QList<QObject*> const&, int, QRegion const&, QPoint const&, QFlags<QWidgetPrivate::DrawWidgetFlag>, QPainter*, QWidgetRepaintManager*) at :0
  [33] QWidgetPrivate::drawWidget(QPaintDevice*, QRegion const&, QPoint const&, QFlags<QWidgetPrivate::DrawWidgetFlag>, QPainter*, QWidgetRepaintManager*) at :0
  [34] QWidgetPrivate::paintSiblingsRecursive(QPaintDevice*, QList<QObject*> const&, int, QRegion const&, QPoint const&, QFlags<QWidgetPrivate::DrawWidgetFlag>, QPainter*, QWidgetRepaintManager*) at :0
  [35] QWidgetPrivate::paintSiblingsRecursive(QPaintDevice*, QList<QObject*> const&, int, QRegion const&, QPoint const&, QFlags<QWidgetPrivate::DrawWidgetFlag>, QPainter*, QWidgetRepaintManager*) at :0
  [36] QWidgetPrivate::paintSiblingsRecursive(QPaintDevice*, QList<QObject*> const&, int, QRegion const&, QPoint const&, QFlags<QWidgetPrivate::DrawWidgetFlag>, QPainter*, QWidgetRepaintManager*) at :0
  [37] QWidgetPrivate::drawWidget(QPaintDevice*, QRegion const&, QPoint const&, QFlags<QWidgetPrivate::DrawWidgetFlag>, QPainter*, QWidgetRepaintManager*) at :0
  [38] QWidgetPrivate::paintSiblingsRecursive(QPaintDevice*, QList<QObject*> const&, int, QRegion const&, QPoint const&, QFlags<QWidgetPrivate::DrawWidgetFlag>, QPainter*, QWidgetRepaintManager*) at :0
  [39] QWidgetPrivate::drawWidget(QPaintDevice*, QRegion const&, QPoint const&, QFlags<QWidgetPrivate::DrawWidgetFlag>, QPainter*, QWidgetRepaintManager*) at :0
  [40] QWidgetPrivate::paintSiblingsRecursive(QPaintDevice*, QList<QObject*> const&, int, QRegion const&, QPoint const&, QFlags<QWidgetPrivate::DrawWidgetFlag>, QPainter*, QWidgetRepaintManager*) at :0
  [41] QWidgetPrivate::paintSiblingsRecursive(QPaintDevice*, QList<QObject*> const&, int, QRegion const&, QPoint const&, QFlags<QWidgetPrivate::DrawWidgetFlag>, QPainter*, QWidgetRepaintManager*) at :0
  [42] QWidgetPrivate::paintSiblingsRecursive(QPaintDevice*, QList<QObject*> const&, int, QRegion const&, QPoint const&, QFlags<QWidgetPrivate::DrawWidgetFlag>, QPainter*, QWidgetRepaintManager*) at :0
  [43] QWidgetPrivate::paintSiblingsRecursive(QPaintDevice*, QList<QObject*> const&, int, QRegion const&, QPoint const&, QFlags<QWidgetPrivate::DrawWidgetFlag>, QPainter*, QWidgetRepaintManager*) at :0
  [44] QWidgetPrivate::paintSiblingsRecursive(QPaintDevice*, QList<QObject*> const&, int, QRegion const&, QPoint const&, QFlags<QWidgetPrivate::DrawWidgetFlag>, QPainter*, QWidgetRepaintManager*) at :0
  [45] QWidgetPrivate::paintSiblingsRecursive(QPaintDevice*, QList<QObject*> const&, int, QRegion const&, QPoint const&, QFlags<QWidgetPrivate::DrawWidgetFlag>, QPainter*, QWidgetRepaintManager*) at :0
  [46] QWidgetPrivate::paintSiblingsRecursive(QPaintDevice*, QList<QObject*> const&, int, QRegion const&, QPoint const&, QFlags<QWidgetPrivate::DrawWidgetFlag>, QPainter*, QWidgetRepaintManager*) at :0
  [47] QWidgetPrivate::drawWidget(QPaintDevice*, QRegion const&, QPoint const&, QFlags<QWidgetPrivate::DrawWidgetFlag>, QPainter*, QWidgetRepaintManager*) at :0
  [48] QWidgetRepaintManager::paintAndFlush() at :0
  [49] QWidget::event(QEvent*) at :0
  [50] QApplicationPrivate::notify_helper(QObject*, QEvent*) at :0
  [51] RiaGuiApplication::notify(QObject*, QEvent*) at ResInsight/ApplicationLibCode/Application/RiaGuiApplication.cpp:1828
  [52] QCoreApplication::notifyInternal2(QObject*, QEvent*) at :0
  [53] QCoreApplicationPrivate::sendPostedEvents(QObject*, int, QThreadData*) at :0
  [54]  at :0
  [55] g_main_context_dispatch at :0
  [56] g_main_context_iterate.isra.20 at :0
  [57] g_main_context_iteration at :0
  [58] QEventDispatcherGlib::processEvents(QFlags<QEventLoop::ProcessEventsFlag>) at :0
  [59] QEventLoop::exec(QFlags<QEventLoop::ProcessEventsFlag>) at :0
  [60] QCoreApplication::exec() at :0
  [61] main at ResInsight/ApplicationExeCode/RiaMain.cpp:267
  [62] __libc_start_main at :0
  [63] _start at :0
  [64]  at :0
"
2026-07-13T21:27:25.661Z,2026.06.1,"  [0] performCrashLogging at ResInsight/ApplicationExeCode/RiaMainTools.cpp:170
  [1] manageSegFailureSA(int, siginfo_t*, void*) at ResInsight/ApplicationExeCode/RiaMainTools.cpp:302
  [2]  at :0
  [3] cvf::Vector3<double>::operator=(cvf::Vector3<double> const&) at ResInsight/Fwk/VizFwk/LibCore/cvfVector3.inl:140
  [4] RimSeismicSectionCollection::appendPartsToModel(Rim3dView*, cvf::ModelBasicList*, caf::DisplayCoordTransform*, cvf::BoundingBox const&) at ResInsight/ApplicationLibCode/ProjectDataModel/Seismic/RimSeismicSectionCollection.cpp:183
  [5] RimGeoMechView::onCreateDisplayModel() at ResInsight/ApplicationLibCode/ProjectDataModel/GeoMech/RimGeoMechView.cpp:322
  [6] Rim3dView::createDisplayModelAndRedraw() at ResInsight/ApplicationLibCode/ProjectDataModel/Rim3dView.cpp:718
  [7] RiaViewRedrawScheduler::updateAndRedrawScheduledViews() at ResInsight/ApplicationLibCode/Application/RiaViewRedrawScheduler.cpp:93
  [8]  at :0
  [9] QTimer::timeout(QTimer::QPrivateSignal) at :0
  [10] QObject::event(QEvent*) at :0
  [11] QApplicationPrivate::notify_helper(QObject*, QEvent*) at :0
  [12] RiaGuiApplication::notify(QObject*, QEvent*) at ResInsight/ApplicationLibCode/Application/RiaGuiApplication.cpp:1828
  [13] QCoreApplication::notifyInternal2(QObject*, QEvent*) at :0
  [14] QTimerInfoList::activateTimers() at :0
  [15]  at :0
  [16] g_main_context_dispatch at :0
  [17] g_main_context_iterate.isra.20 at :0
  [18] g_main_context_iteration at :0
  [19] QEventDispatcherGlib::processEvents(QFlags<QEventLoop::ProcessEventsFlag>) at :0
  [20] QEventLoop::exec(QFlags<QEventLoop::ProcessEventsFlag>) at :0
  [21] QCoreApplication::exec() at :0
  [22] main at ResInsight/ApplicationExeCode/RiaMain.cpp:267
  [23] __libc_start_main at :0
  [24] _start at :0
  [25]  at :0
"
2026-07-13T10:25:42.544Z,2026.06.1,"  [0] performCrashLogging at ResInsight/ApplicationExeCode/RiaMainTools.cpp:170
  [1] manageSegFailureSA(int, siginfo_t*, void*) at ResInsight/ApplicationExeCode/RiaMainTools.cpp:302
  [2]  at :0
  [3] __GI_raise at :0
  [4] __GI_abort at :0
  [5] cvf::AssertHandlerConsole::handleAssert(char const*, int, char const*, char const*) at ResInsight/Fwk/VizFwk/LibCore/cvfAssert.cpp:125
  [6] RifElementPropertyReader::readAllElementPropertiesInFileContainingField(std::__cxx11::basic_string<char, std::char_traits<char>, std::allocator<char> > const&) at ResInsight/ApplicationLibCode/FileInterface/RifElementPropertyReader.cpp:120
  [7] RigFemPartResultsCollection::findOrLoadScalarResult(int, RigFemResultAddress const&) at ResInsight/ApplicationLibCode/GeoMech/GeoMechDataModel/RigFemPartResultsCollection.cpp:451
  [8] RigFemPartResultsCollection::assertResultsLoaded(RigFemResultAddress const&) at ResInsight/ApplicationLibCode/GeoMech/GeoMechDataModel/RigFemPartResultsCollection.cpp:1014
  [9] RimGeoMechResultDefinition::hasResult() at ResInsight/ApplicationLibCode/ProjectDataModel/GeoMech/RimGeoMechResultDefinition.cpp:722
  [10] RimGeoMechView::isTimeStepDependentDataVisible() const at ResInsight/ApplicationLibCode/ProjectDataModel/GeoMech/RimGeoMechView.cpp:841
  [11] Rim3dView::isTimeStepDependentDataVisibleInThisOrComparisonView() const at ResInsight/ApplicationLibCode/ProjectDataModel/Rim3dView.cpp:603
  [12] RiuMainWindow::refreshAnimationActions() at ResInsight/ApplicationLibCode/UserInterface/RiuMainWindow.cpp:1044
  [13] RiuMainWindow::selectedObjectsChanged() at ResInsight/ApplicationLibCode/UserInterface/RiuMainWindow.cpp:1580
  [14]  at :0
  [15] caf::PdmUiTreeView::slotOnSelectionChanged() at ResInsight/Fwk/AppFwk/cafUserInterface/cafPdmUiTreeView.cpp:154
  [16]  at :0
  [17]  at :0
  [18] QItemSelectionModel::selectionChanged(QItemSelection const&, QItemSelection const&) at :0
  [19] QItemSelectionModel::emitSelectionChanged(QItemSelection const&, QItemSelection const&) at :0
  [20] QItemSelectionModel::select(QItemSelection const&, QFlags<QItemSelectionModel::SelectionFlag>) at :0
  [21] QTreeViewPrivate::select(QModelIndex const&, QModelIndex const&, QFlags<QItemSelectionModel::SelectionFlag>) at :0
  [22] QTreeView::setSelection(QRect const&, QFlags<QItemSelectionModel::SelectionFlag>) at :0
  [23] QAbstractItemView::mousePressEvent(QMouseEvent*) at :0
  [24] QWidget::event(QEvent*) at :0
  [25] QFrame::event(QEvent*) at :0
  [26] QCoreApplicationPrivate::sendThroughObjectEventFilters(QObject*, QEvent*) at :0
  [27] QApplicationPrivate::notify_helper(QObject*, QEvent*) at :0
  [28] QApplication::notify(QObject*, QEvent*) at :0
  [29] RiaGuiApplication::notify(QObject*, QEvent*) at ResInsight/ApplicationLibCode/Application/RiaGuiApplication.cpp:1828
  [30] QCoreApplication::notifyInternal2(QObject*, QEvent*) at :0
  [31] QApplicationPrivate::sendMouseEvent(QWidget*, QMouseEvent*, QWidget*, QWidget*, QWidget**, QPointer<QWidget>&, bool, bool) at :0
  [32]  at :0
  [33]  at :0
  [34] QApplicationPrivate::notify_helper(QObject*, QEvent*) at :0
  [35] RiaGuiApplication::notify(QObject*, QEvent*) at ResInsight/ApplicationLibCode/Application/RiaGuiApplication.cpp:1828
  [36] QCoreApplication::notifyInternal2(QObject*, QEvent*) at :0
  [37] QGuiApplicationPrivate::processMouseEvent(QWindowSystemInterfacePrivate::MouseEvent*) at :0
  [38] QWindowSystemInterface::sendWindowSystemEvents(QFlags<QEventLoop::ProcessEventsFlag>) at :0
  [39]  at :0
  [40] g_main_context_dispatch at :0
  [41] g_main_context_iterate.isra.20 at :0
  [42] g_main_context_iteration at :0
  [43] QEventDispatcherGlib::processEvents(QFlags<QEventLoop::ProcessEventsFlag>) at :0
  [44] QEventLoop::exec(QFlags<QEventLoop::ProcessEventsFlag>) at :0
  [45] QCoreApplication::exec() at :0
  [46] main at ResInsight/ApplicationExeCode/RiaMain.cpp:267
  [47] __libc_start_main at :0
  [48] _start at :0
  [49]  at :0
"
2026-07-10T13:40:49.913Z,2026.06.0,"  [0] performCrashLogging at ResInsight/ApplicationExeCode/RiaMainTools.cpp:167
  [1] manageSegFailureSA(int, siginfo_t*, void*) at ResInsight/ApplicationExeCode/RiaMainTools.cpp:263
  [2]  at :0
  [3] __GI_raise at :0
  [4] __GI_abort at :0
  [5] caf::AppEnumMapperBase::defaultValue() const at ResInsight/Fwk/AppFwk/cafProjectDataModel/cafPdmCore/cafAppEnum.cpp:90
  [6] caf::AppEnum<cvf::StructGridInterface::FaceType>::AppEnum() at ResInsight/Fwk/AppFwk/cafProjectDataModel/cafPdmCore/cafAppEnum.h:167
  [7] RigEclipseToStimPlanCellTransmissibilityCalculator::calculateStimPlanCellsMatrixTransmissibility(std::set<unsigned long, std::less<unsigned long>, std::allocator<unsigned long> > const&) at ResInsight/ApplicationLibCode/ReservoirDataModel/Completions/RigEclipseToStimPlanCellTransmissibilityCalculator.cpp:207
  [8] RigEclipseToStimPlanCalculator::computeValues() at ResInsight/ApplicationLibCode/ReservoirDataModel/Completions/RigEclipseToStimPlanCalculator.cpp:166
  [9] RigEclipseToStimPlanCalculator::RigEclipseToStimPlanCalculator(RimEclipseCase const*, cvf::Matrix4<double>, double, double, RigFractureGrid const&, RimFracture const*) at ResInsight/ApplicationLibCode/ReservoirDataModel/Completions/RigEclipseToStimPlanCalculator.cpp:63
  [10] RicExportFractureCompletionsImpl::generateCompdatValuesConst(RimEclipseCase const*, QString const&, RigWellPath const*, std::vector<RimFracture const*, std::allocator<RimFracture const*> > const&, std::vector<RicWellPathFractureReportItem, std::allocator<RicWellPathFractureReportItem> >*, QTextStream*, RicExportFractureCompletionsImpl::PressureDepletionParameters) [clone ._omp_fn.0] at ResInsight/ApplicationLibCode/Commands/CompletionExportCommands/RicExportFractureCompletionsImpl.cpp:287
  [11] gomp_thread_start at :0
  [12] start_thread at :0
  [13] __GI___clone at :0
  [14]  at :0
"
2026-07-10T12:43:33.642Z,2026.06.0,"  [0] performCrashLogging at ResInsight/ApplicationExeCode/RiaMainTools.cpp:167
  [1] manageSegFailureSA(int, siginfo_t*, void*) at ResInsight/ApplicationExeCode/RiaMainTools.cpp:263
  [2]  at :0
  [3] __GI_raise at :0
  [4] __GI_abort at :0
  [5] caf::AppEnumMapperBase::defaultValue() const at ResInsight/Fwk/AppFwk/cafProjectDataModel/cafPdmCore/cafAppEnum.cpp:90
  [6] caf::AppEnum<cvf::StructGridInterface::FaceType>::AppEnum() at ResInsight/Fwk/AppFwk/cafProjectDataModel/cafPdmCore/cafAppEnum.h:167
  [7] RigEclipseToStimPlanCellTransmissibilityCalculator::calculateStimPlanCellsMatrixTransmissibility(std::set<unsigned long, std::less<unsigned long>, std::allocator<unsigned long> > const&) at ResInsight/ApplicationLibCode/ReservoirDataModel/Completions/RigEclipseToStimPlanCellTransmissibilityCalculator.cpp:207
  [8] RigEclipseToStimPlanCalculator::computeValues() at ResInsight/ApplicationLibCode/ReservoirDataModel/Completions/RigEclipseToStimPlanCalculator.cpp:166
  [9] RigEclipseToStimPlanCalculator::RigEclipseToStimPlanCalculator(RimEclipseCase const*, cvf::Matrix4<double>, double, double, RigFractureGrid const&, RimFracture const*) at ResInsight/ApplicationLibCode/ReservoirDataModel/Completions/RigEclipseToStimPlanCalculator.cpp:63
  [10] RicExportFractureCompletionsImpl::generateCompdatValuesConst(RimEclipseCase const*, QString const&, RigWellPath const*, std::vector<RimFracture const*, std::allocator<RimFracture const*> > const&, std::vector<RicWellPathFractureReportItem, std::allocator<RicWellPathFractureReportItem> >*, QTextStream*, RicExportFractureCompletionsImpl::PressureDepletionParameters) [clone ._omp_fn.0] at ResInsight/ApplicationLibCode/Commands/CompletionExportCommands/RicExportFractureCompletionsImpl.cpp:287
  [11] gomp_thread_start at :0
  [12] start_thread at :0
  [13] __GI___clone at :0
  [14]  at :0
"
2026-07-10T12:39:21.773Z,2026.06.0,"  [0] performCrashLogging at ResInsight/ApplicationExeCode/RiaMainTools.cpp:167
  [1] manageSegFailureSA(int, siginfo_t*, void*) at ResInsight/ApplicationExeCode/RiaMainTools.cpp:263
  [2]  at :0
  [3] __GI_raise at :0
  [4] __GI_abort at :0
  [5] caf::AppEnumMapperBase::defaultValue() const at ResInsight/Fwk/AppFwk/cafProjectDataModel/cafPdmCore/cafAppEnum.cpp:90
  [6] caf::AppEnum<cvf::StructGridInterface::FaceType>::AppEnum() at ResInsight/Fwk/AppFwk/cafProjectDataModel/cafPdmCore/cafAppEnum.h:167
  [7] RigEclipseToStimPlanCellTransmissibilityCalculator::calculateStimPlanCellsMatrixTransmissibility(std::set<unsigned long, std::less<unsigned long>, std::allocator<unsigned long> > const&) at ResInsight/ApplicationLibCode/ReservoirDataModel/Completions/RigEclipseToStimPlanCellTransmissibilityCalculator.cpp:207
  [8] RigEclipseToStimPlanCalculator::computeValues() at ResInsight/ApplicationLibCode/ReservoirDataModel/Completions/RigEclipseToStimPlanCalculator.cpp:166
  [9] RigEclipseToStimPlanCalculator::RigEclipseToStimPlanCalculator(RimEclipseCase const*, cvf::Matrix4<double>, double, double, RigFractureGrid const&, RimFracture const*) at ResInsight/ApplicationLibCode/ReservoirDataModel/Completions/RigEclipseToStimPlanCalculator.cpp:63
  [10] RicExportFractureCompletionsImpl::generateCompdatValuesConst(RimEclipseCase const*, QString const&, RigWellPath const*, std::vector<RimFracture const*, std::allocator<RimFracture const*> > const&, std::vector<RicWellPathFractureReportItem, std::allocator<RicWellPathFractureReportItem> >*, QTextStream*, RicExportFractureCompletionsImpl::PressureDepletionParameters) [clone ._omp_fn.0] at ResInsight/ApplicationLibCode/Commands/CompletionExportCommands/RicExportFractureCompletionsImpl.cpp:287
  [11] gomp_thread_start at :0
  [12] start_thread at :0
  [13] __GI___clone at :0
  [14]  at :0
"
2026-07-10T12:22:22.332Z,2026.06.0,"  [0] performCrashLogging at ResInsight/ApplicationExeCode/RiaMainTools.cpp:167
  [1] manageSegFailureSA(int, siginfo_t*, void*) at ResInsight/ApplicationExeCode/RiaMainTools.cpp:263
  [2]  at :0
  [3] __GI_raise at :0
  [4] __GI_abort at :0
  [5] caf::AppEnumMapperBase::defaultValue() const at ResInsight/Fwk/AppFwk/cafProjectDataModel/cafPdmCore/cafAppEnum.cpp:90
  [6] caf::AppEnum<cvf::StructGridInterface::FaceType>::AppEnum() at ResInsight/Fwk/AppFwk/cafProjectDataModel/cafPdmCore/cafAppEnum.h:167
  [7] RigEclipseToStimPlanCellTransmissibilityCalculator::calculateStimPlanCellsMatrixTransmissibility(std::set<unsigned long, std::less<unsigned long>, std::allocator<unsigned long> > const&) at ResInsight/ApplicationLibCode/ReservoirDataModel/Completions/RigEclipseToStimPlanCellTransmissibilityCalculator.cpp:207
  [8] RigEclipseToStimPlanCalculator::computeValues() at ResInsight/ApplicationLibCode/ReservoirDataModel/Completions/RigEclipseToStimPlanCalculator.cpp:166
  [9] RigEclipseToStimPlanCalculator::RigEclipseToStimPlanCalculator(RimEclipseCase const*, cvf::Matrix4<double>, double, double, RigFractureGrid const&, RimFracture const*) at ResInsight/ApplicationLibCode/ReservoirDataModel/Completions/RigEclipseToStimPlanCalculator.cpp:63
  [10] RicExportFractureCompletionsImpl::generateCompdatValuesConst(RimEclipseCase const*, QString const&, RigWellPath const*, std::vector<RimFracture const*, std::allocator<RimFracture const*> > const&, std::vector<RicWellPathFractureReportItem, std::allocator<RicWellPathFractureReportItem> >*, QTextStream*, RicExportFractureCompletionsImpl::PressureDepletionParameters) [clone ._omp_fn.0] at ResInsight/ApplicationLibCode/Commands/CompletionExportCommands/RicExportFractureCompletionsImpl.cpp:287
  [11] gomp_thread_start at :0
  [12] start_thread at :0
  [13] __GI___clone at :0
  [14]  at :0
"
2026-07-10T08:53:59.443Z,2026.06.1,"  [0] performCrashLogging at ResInsight/ApplicationExeCode/RiaMainTools.cpp:170
  [1] manageSegFailureSA(int, siginfo_t*, void*) at ResInsight/ApplicationExeCode/RiaMainTools.cpp:302
  [2]  at :0
  [3] QWidget::setFocus(Qt::FocusReason) at :0
  [4] QApplicationPrivate::giveFocusAccordingToFocusPolicy(QWidget*, QEvent*, QPoint) at :0
  [5] QApplication::notify(QObject*, QEvent*) at :0
  [6] RiaGuiApplication::notify(QObject*, QEvent*) at ResInsight/ApplicationLibCode/Application/RiaGuiApplication.cpp:1828
  [7] QCoreApplication::notifyInternal2(QObject*, QEvent*) at :0
  [8] QApplicationPrivate::sendMouseEvent(QWidget*, QMouseEvent*, QWidget*, QWidget*, QWidget**, QPointer<QWidget>&, bool, bool) at :0
  [9]  at :0
  [10]  at :0
  [11] QApplicationPrivate::notify_helper(QObject*, QEvent*) at :0
  [12] RiaGuiApplication::notify(QObject*, QEvent*) at ResInsight/ApplicationLibCode/Application/RiaGuiApplication.cpp:1828
  [13] QCoreApplication::notifyInternal2(QObject*, QEvent*) at :0
  [14] QGuiApplicationPrivate::processMouseEvent(QWindowSystemInterfacePrivate::MouseEvent*) at :0
  [15] QWindowSystemInterface::sendWindowSystemEvents(QFlags<QEventLoop::ProcessEventsFlag>) at :0
  [16]  at :0
  [17] g_main_context_dispatch at :0
  [18] g_main_context_iterate.isra.20 at :0
  [19] g_main_context_iteration at :0
  [20] QEventDispatcherGlib::processEvents(QFlags<QEventLoop::ProcessEventsFlag>) at :0
  [21] QEventLoop::exec(QFlags<QEventLoop::ProcessEventsFlag>) at :0
  [22] QCoreApplication::exec() at :0
  [23] main at ResInsight/ApplicationExeCode/RiaMain.cpp:267
  [24] __libc_start_main at :0
  [25] _start at :0
  [26]  at :0
"
2026-07-09T13:25:09.053Z,2026.06.1,"  [0] performCrashLogging at ResInsight/ApplicationExeCode/RiaMainTools.cpp:170
  [1] manageSegFailureSA(int, siginfo_t*, void*) at ResInsight/ApplicationExeCode/RiaMainTools.cpp:302
  [2]  at :0
  [3] RifEclipseOutputFileTools::timeSteps(ecl_file_struct const*, std::vector<QDateTime, std::allocator<QDateTime> >*, std::vector<double, std::allocator<double> >*, unsigned long*) at ResInsight/ApplicationLibCode/FileInterface/RifEclipseOutputFileTools.cpp:289
  [4] RifEclipseUnifiedRestartFileAccess::extractTimestepsFromEclipse() at ResInsight/ApplicationLibCode/FileInterface/RifEclipseUnifiedRestartFileAccess.cpp:154
  [5] RifEclipseUnifiedRestartFileAccess::timeSteps(std::vector<QDateTime, std::allocator<QDateTime> >*, std::vector<double, std::allocator<double> >*) at ResInsight/ApplicationLibCode/FileInterface/RifEclipseUnifiedRestartFileAccess.cpp:206
  [6] RimEclipseResultCase::importGridAndResultMetaData(bool) at ResInsight/ApplicationLibCode/ProjectDataModel/RimEclipseResultCase.cpp:216
  [7] RiaImportEclipseCaseTools::openEclipseCaseShowTimeStepFilterImpl(QString const&, bool, bool, RifReaderSettings&) at ResInsight/ApplicationLibCode/Application/Tools/RiaImportEclipseCaseTools.cpp:372
  [8] RiaImportEclipseCaseTools::openEclipseCasesFromFile(QList<QString> const&, bool, std::map<QString, int, std::less<QString>, std::allocator<std::pair<QString const, int> > >*, bool, RifReaderSettings&) at ResInsight/ApplicationLibCode/Application/Tools/RiaImportEclipseCaseTools.cpp:107
  [9] RicImportGeneralDataFeature::openEclipseCaseFromFileNames(QList<QString> const&, bool, std::vector<int, std::allocator<int> >&, RifReaderSettings&) at ResInsight/ApplicationLibCode/Commands/RicImportGeneralDataFeature.cpp:365
  [10] RicImportGeneralDataFeature::openEclipseFilesFromFileNames(QList<QString> const&, bool, bool, RifReaderSettings&) at ResInsight/ApplicationLibCode/Commands/RicImportGeneralDataFeature.cpp:105
  [11] RicImportGeneralDataFeature::openEclipseFilesFromFileNames(QList<QString> const&, bool, bool) at ResInsight/ApplicationLibCode/Commands/RicImportGeneralDataFeature.cpp:56
  [12] RicImportGridModelFeature::onActionTriggered(bool) at ResInsight/ApplicationLibCode/Commands/EclipseCommands/RicImportGridModelFeature.cpp:81
  [13] caf::CmdFeature::actionTriggered(bool) at ResInsight/Fwk/AppFwk/cafCommand/cafCmdFeature.cpp:176
  [14]  at :0
  [15] QAction::triggered(bool) at :0
  [16] QAction::activate(QAction::ActionEvent) at :0
  [17]  at :0
  [18] QAbstractButton::mouseReleaseEvent(QMouseEvent*) at :0
  [19] QToolButton::mouseReleaseEvent(QMouseEvent*) at :0
  [20] QWidget::event(QEvent*) at :0
  [21] QApplicationPrivate::notify_helper(QObject*, QEvent*) at :0
  [22] QApplication::notify(QObject*, QEvent*) at :0
  [23] RiaGuiApplication::notify(QObject*, QEvent*) at ResInsight/ApplicationLibCode/Application/RiaGuiApplication.cpp:1828
  [24] QCoreApplication::notifyInternal2(QObject*, QEvent*) at :0
  [25] QApplicationPrivate::sendMouseEvent(QWidget*, QMouseEvent*, QWidget*, QWidget*, QWidget**, QPointer<QWidget>&, bool, bool) at :0
  [26]  at :0
  [27]  at :0
  [28] QApplicationPrivate::notify_helper(QObject*, QEvent*) at :0
  [29] RiaGuiApplication::notify(QObject*, QEvent*) at ResInsight/ApplicationLibCode/Application/RiaGuiApplication.cpp:1828
  [30] QCoreApplication::notifyInternal2(QObject*, QEvent*) at :0
  [31] QGuiApplicationPrivate::processMouseEvent(QWindowSystemInterfacePrivate::MouseEvent*) at :0
  [32] QWindowSystemInterface::sendWindowSystemEvents(QFlags<QEventLoop::ProcessEventsFlag>) at :0
  [33]  at :0
  [34] g_main_context_dispatch at :0
  [35] g_main_context_iterate.isra.20 at :0
  [36] g_main_context_iteration at :0
  [37] QEventDispatcherGlib::processEvents(QFlags<QEventLoop::ProcessEventsFlag>) at :0
  [38] QEventLoop::exec(QFlags<QEventLoop::ProcessEventsFlag>) at :0
  [39] QCoreApplication::exec() at :0
  [40] main at ResInsight/ApplicationExeCode/RiaMain.cpp:267
  [41] __libc_start_main at :0
  [42] _start at :0
  [43]  at :0
"
2026-07-09T13:24:33.427Z,2026.06.1,"  [0] performCrashLogging at ResInsight/ApplicationExeCode/RiaMainTools.cpp:170
  [1] manageSegFailureSA(int, siginfo_t*, void*) at ResInsight/ApplicationExeCode/RiaMainTools.cpp:302
  [2]  at :0
  [3] RifEclipseOutputFileTools::timeSteps(ecl_file_struct const*, std::vector<QDateTime, std::allocator<QDateTime> >*, std::vector<double, std::allocator<double> >*, unsigned long*) at ResInsight/ApplicationLibCode/FileInterface/RifEclipseOutputFileTools.cpp:289
  [4] RifEclipseUnifiedRestartFileAccess::extractTimestepsFromEclipse() at ResInsight/ApplicationLibCode/FileInterface/RifEclipseUnifiedRestartFileAccess.cpp:154
  [5] RifEclipseUnifiedRestartFileAccess::timeSteps(std::vector<QDateTime, std::allocator<QDateTime> >*, std::vector<double, std::allocator<double> >*) at ResInsight/ApplicationLibCode/FileInterface/RifEclipseUnifiedRestartFileAccess.cpp:206
  [6] RimEclipseResultCase::importGridAndResultMetaData(bool) at ResInsight/ApplicationLibCode/ProjectDataModel/RimEclipseResultCase.cpp:216
  [7] RiaImportEclipseCaseTools::openEclipseCaseShowTimeStepFilterImpl(QString const&, bool, bool, RifReaderSettings&) at ResInsight/ApplicationLibCode/Application/Tools/RiaImportEclipseCaseTools.cpp:372
  [8] RiaImportEclipseCaseTools::openEclipseCasesFromFile(QList<QString> const&, bool, std::map<QString, int, std::less<QString>, std::allocator<std::pair<QString const, int> > >*, bool, RifReaderSettings&) at ResInsight/ApplicationLibCode/Application/Tools/RiaImportEclipseCaseTools.cpp:107
  [9] RicImportGeneralDataFeature::openEclipseCaseFromFileNames(QList<QString> const&, bool, std::vector<int, std::allocator<int> >&, RifReaderSettings&) at ResInsight/ApplicationLibCode/Commands/RicImportGeneralDataFeature.cpp:365
  [10] RicImportGeneralDataFeature::openEclipseFilesFromFileNames(QList<QString> const&, bool, bool, RifReaderSettings&) at ResInsight/ApplicationLibCode/Commands/RicImportGeneralDataFeature.cpp:105
  [11] RicImportGeneralDataFeature::openEclipseFilesFromFileNames(QList<QString> const&, bool, bool) at ResInsight/ApplicationLibCode/Commands/RicImportGeneralDataFeature.cpp:56
  [12] RicImportGridModelFeature::onActionTriggered(bool) at ResInsight/ApplicationLibCode/Commands/EclipseCommands/RicImportGridModelFeature.cpp:81
  [13] caf::CmdFeature::actionTriggered(bool) at ResInsight/Fwk/AppFwk/cafCommand/cafCmdFeature.cpp:176
  [14]  at :0
  [15] QAction::triggered(bool) at :0
  [16] QAction::activate(QAction::ActionEvent) at :0
  [17]  at :0
  [18] QAbstractButton::mouseReleaseEvent(QMouseEvent*) at :0
  [19] QToolButton::mouseReleaseEvent(QMouseEvent*) at :0
  [20] QWidget::event(QEvent*) at :0
  [21] QApplicationPrivate::notify_helper(QObject*, QEvent*) at :0
  [22] QApplication::notify(QObject*, QEvent*) at :0
  [23] RiaGuiApplication::notify(QObject*, QEvent*) at ResInsight/ApplicationLibCode/Application/RiaGuiApplication.cpp:1828
  [24] QCoreApplication::notifyInternal2(QObject*, QEvent*) at :0
  [25] QApplicationPrivate::sendMouseEvent(QWidget*, QMouseEvent*, QWidget*, QWidget*, QWidget**, QPointer<QWidget>&, bool, bool) at :0
  [26]  at :0
  [27]  at :0
  [28] QApplicationPrivate::notify_helper(QObject*, QEvent*) at :0
  [29] RiaGuiApplication::notify(QObject*, QEvent*) at ResInsight/ApplicationLibCode/Application/RiaGuiApplication.cpp:1828
  [30] QCoreApplication::notifyInternal2(QObject*, QEvent*) at :0
  [31] QGuiApplicationPrivate::processMouseEvent(QWindowSystemInterfacePrivate::MouseEvent*) at :0
  [32] QWindowSystemInterface::sendWindowSystemEvents(QFlags<QEventLoop::ProcessEventsFlag>) at :0
  [33]  at :0
  [34] g_main_context_dispatch at :0
  [35] g_main_context_iterate.isra.20 at :0
  [36] g_main_context_iteration at :0
  [37] QEventDispatcherGlib::processEvents(QFlags<QEventLoop::ProcessEventsFlag>) at :0
  [38] QEventLoop::exec(QFlags<QEventLoop::ProcessEventsFlag>) at :0
  [39] QCoreApplication::exec() at :0
  [40] main at ResInsight/ApplicationExeCode/RiaMain.cpp:267
  [41] __libc_start_main at :0
  [42] _start at :0
  [43]  at :0
"
2026-07-09T12:54:27.734Z,2026.06.1,"  [0] performCrashLogging at ResInsight/ApplicationExeCode/RiaMainTools.cpp:170
  [1] manageSegFailureSA(int, siginfo_t*, void*) at ResInsight/ApplicationExeCode/RiaMainTools.cpp:302
  [2]  at :0
  [3] std::__atomic_base<int>::fetch_add(int, std::memory_order) at /opt/rh/gcc-toolset-13/root/usr/include/c++/13/bits/atomic_base.h:635
  [4] RimGridCrossPlotDataSet::createAutoName() const at ResInsight/ApplicationLibCode/ProjectDataModel/GridCrossPlots/RimGridCrossPlotDataSet.cpp:303
  [5] RimGridCrossPlotDataSet::updateDataSetName() at ResInsight/ApplicationLibCode/ProjectDataModel/GridCrossPlots/RimGridCrossPlotDataSet.cpp:1525
  [6] RimGridCrossPlotDataSet::onLoadDataAndUpdate(bool) at ResInsight/ApplicationLibCode/ProjectDataModel/GridCrossPlots/RimGridCrossPlotDataSet.cpp:518
  [7] caf::PdmUiFieldHandle::notifyFieldChanged(QVariant const&, QVariant const&) at ResInsight/Fwk/AppFwk/cafProjectDataModel/cafPdmUiCore/cafPdmUiFieldHandle.cpp:75
  [8] caf::PdmFieldUiCap<caf::PdmPtrField<RimCase*> >::setValueFromUiEditor(QVariant const&, bool) at ResInsight/Fwk/AppFwk/cafProjectDataModel/cafPdmUiCore/cafInternalPdmUiFieldCapability.inl:116
  [9] caf::CmdFieldChangeExec::redo() at ResInsight/Fwk/AppFwk/cafCommand/cafCmdFieldChangeExec.cpp:139
  [10] QUndoStack::push(QUndoCommand*) at :0
  [11] caf::CmdUiCommandSystemImpl::fieldChangedCommand(std::vector<caf::PdmFieldHandle*, std::allocator<caf::PdmFieldHandle*> > const&, QVariant const&) at ResInsight/Fwk/AppFwk/cafCommand/cafCmdUiCommandSystemImpl.cpp:146
  [12] caf::PdmUiCommandSystemProxy::setUiValueToField(caf::PdmUiFieldHandle*, QVariant const&) at ResInsight/Fwk/AppFwk/cafProjectDataModel/cafPdmUiCore/cafPdmUiCommandSystemProxy.cpp:113
  [13] caf::PdmUiComboBoxEditor::slotIndexActivated(int) at ResInsight/Fwk/AppFwk/cafUserInterface/cafPdmUiComboBoxEditor.cpp:455
  [14]  at :0
  [15] QComboBox::activated(int) at :0
  [16]  at :0
  [17]  at :0
  [18]  at :0
  [19] QComboBoxPrivateContainer::itemSelected(QModelIndex const&) at :0
  [20] QComboBoxPrivateContainer::eventFilter(QObject*, QEvent*) at :0
  [21] QCoreApplicationPrivate::sendThroughObjectEventFilters(QObject*, QEvent*) at :0
  [22] QApplicationPrivate::notify_helper(QObject*, QEvent*) at :0
  [23] QApplication::notify(QObject*, QEvent*) at :0
  [24] RiaGuiApplication::notify(QObject*, QEvent*) at ResInsight/ApplicationLibCode/Application/RiaGuiApplication.cpp:1828
  [25] QCoreApplication::notifyInternal2(QObject*, QEvent*) at :0
  [26] QApplicationPrivate::sendMouseEvent(QWidget*, QMouseEvent*, QWidget*, QWidget*, QWidget**, QPointer<QWidget>&, bool, bool) at :0
  [27]  at :0
  [28]  at :0
  [29] QApplicationPrivate::notify_helper(QObject*, QEvent*) at :0
  [30] RiaGuiApplication::notify(QObject*, QEvent*) at ResInsight/ApplicationLibCode/Application/RiaGuiApplication.cpp:1828
  [31] QCoreApplication::notifyInternal2(QObject*, QEvent*) at :0
  [32] QGuiApplicationPrivate::processMouseEvent(QWindowSystemInterfacePrivate::MouseEvent*) at :0
  [33] QWindowSystemInterface::sendWindowSystemEvents(QFlags<QEventLoop::ProcessEventsFlag>) at :0
  [34]  at :0
  [35] g_main_context_dispatch at :0
  [36] g_main_context_iterate.isra.20 at :0
  [37] g_main_context_iteration at :0
  [38] QEventDispatcherGlib::processEvents(QFlags<QEventLoop::ProcessEventsFlag>) at :0
  [39] QEventLoop::exec(QFlags<QEventLoop::ProcessEventsFlag>) at :0
  [40] QCoreApplication::exec() at :0
  [41] main at ResInsight/ApplicationExeCode/RiaMain.cpp:267
  [42] __libc_start_main at :0
  [43] _start at :0
  [44]  at :0
"
2026-07-09T10:14:53.047Z,2026.06.1,"  [0] performCrashLogging at ResInsight/ApplicationExeCode/RiaMainTools.cpp:170
  [1] manageSegFailureSA(int, siginfo_t*, void*) at ResInsight/ApplicationExeCode/RiaMainTools.cpp:302
  [2]  at :0
  [3] __GI_raise at :0
  [4] __GI_abort at :0
  [5] manageTerminate() at ResInsight/ApplicationExeCode/RiaMainTools.cpp:241
  [6] __cxxabiv1::__terminate(void (*)()) at :0
  [7] std::terminate() at :0
  [8] __cxa_throw at :0
  [9] std::filesystem::create_directories(std::filesystem::__cxx11::path const&) [clone .cold] at :0
  [10] touch_file at ResInsight/ThirdParty/custom-opm-common/opm-common/opm/input/eclipse/Deck/FileDeck.cpp:83
  [11] Opm::FileDeck::dump(std::__cxx11::basic_string<char, std::char_traits<char>, std::allocator<char> > const&, std::__cxx11::basic_string<char, std::char_traits<char>, std::allocator<char> > const&, Opm::FileDeck::OutputMode) const at ResInsight/ThirdParty/custom-opm-common/opm-common/opm/input/eclipse/Deck/FileDeck.cpp:521
  [12] RifOpmFlowDeckFile::saveDeck(std::__cxx11::basic_string<char, std::char_traits<char>, std::allocator<char> >, std::__cxx11::basic_string<char, std::char_traits<char>, std::allocator<char> >) at ResInsight/ApplicationLibCode/FileInterface/RifOpmFlowDeckFile.cpp:335
  [13] RigSimulationInputTool::exportSimulationInput(RimEclipseCase&, RigSimulationInputSettings const&, cvf::Array<unsigned char>*) at ResInsight/ApplicationLibCode/ReservoirDataModel/SimulationFile/RigSimulationInputTool.cpp:186
  [14] RicExportSectorModelFeature::doExport(RicExportSectorModelUi*, RimEclipseView*) at ResInsight/ApplicationLibCode/Commands/ExportCommands/RicExportSectorModelFeature.cpp:131
  [15] RicExportSectorModelFeature::onActionTriggered(bool) at ResInsight/ApplicationLibCode/Commands/ExportCommands/RicExportSectorModelFeature.cpp:89
  [16] caf::CmdFeature::actionTriggered(bool) at ResInsight/Fwk/AppFwk/cafCommand/cafCmdFeature.cpp:176
  [17]  at :0
  [18] QAction::triggered(bool) at :0
  [19] QAction::activate(QAction::ActionEvent) at :0
  [20]  at :0
  [21]  at :0
  [22] QWidget::event(QEvent*) at :0
  [23] QApplicationPrivate::notify_helper(QObject*, QEvent*) at :0
  [24] QApplication::notify(QObject*, QEvent*) at :0
  [25] RiaGuiApplication::notify(QObject*, QEvent*) at ResInsight/ApplicationLibCode/Application/RiaGuiApplication.cpp:1828
  [26] QCoreApplication::notifyInternal2(QObject*, QEvent*) at :0
  [27] QApplicationPrivate::sendMouseEvent(QWidget*, QMouseEvent*, QWidget*, QWidget*, QWidget**, QPointer<QWidget>&, bool, bool) at :0
  [28]  at :0
  [29]  at :0
  [30] QApplicationPrivate::notify_helper(QObject*, QEvent*) at :0
  [31] RiaGuiApplication::notify(QObject*, QEvent*) at ResInsight/ApplicationLibCode/Application/RiaGuiApplication.cpp:1828
  [32] QCoreApplication::notifyInternal2(QObject*, QEvent*) at :0
  [33] QGuiApplicationPrivate::processMouseEvent(QWindowSystemInterfacePrivate::MouseEvent*) at :0
  [34] QWindowSystemInterface::sendWindowSystemEvents(QFlags<QEventLoop::ProcessEventsFlag>) at :0
  [35]  at :0
  [36] g_main_context_dispatch at :0
  [37] g_main_context_iterate.isra.20 at :0
  [38] g_main_context_iteration at :0
  [39] QEventDispatcherGlib::processEvents(QFlags<QEventLoop::ProcessEventsFlag>) at :0
  [40] QEventLoop::exec(QFlags<QEventLoop::ProcessEventsFlag>) at :0
  [41]  at :0
  [42] QMenu::exec(QPoint const&, QAction*) at :0
  [43] RiuMainWindow::customMenuRequested(QPoint const&) at ResInsight/ApplicationLibCode/UserInterface/RiuMainWindow.cpp:2092
  [44]  at :0
  [45] QWidget::customContextMenuRequested(QPoint const&) at :0
  [46] QWidget::event(QEvent*) at :0
  [47] QFrame::event(QEvent*) at :0
  [48] QCoreApplicationPrivate::sendThroughObjectEventFilters(QObject*, QEvent*) at :0
  [49] QApplicationPrivate::notify_helper(QObject*, QEvent*) at :0
  [50] QApplication::notify(QObject*, QEvent*) at :0
  [51] RiaGuiApplication::notify(QObject*, QEvent*) at ResInsight/ApplicationLibCode/Application/RiaGuiApplication.cpp:1828
  [52] QCoreApplication::notifyInternal2(QObject*, QEvent*) at :0
  [53]  at :0
  [54]  at :0
  [55] QApplicationPrivate::notify_helper(QObject*, QEvent*) at :0
  [56] RiaGuiApplication::notify(QObject*, QEvent*) at ResInsight/ApplicationLibCode/Application/RiaGuiApplication.cpp:1828
  [57] QCoreApplication::notifyInternal2(QObject*, QEvent*) at :0
  [58] QGuiApplicationPrivate::processMouseEvent(QWindowSystemInterfacePrivate::MouseEvent*) at :0
  [59] QWindowSystemInterface::sendWindowSystemEvents(QFlags<QEventLoop::ProcessEventsFlag>) at :0
  [60]  at :0
  [61] g_main_context_dispatch at :0
  [62] g_main_context_iterate.isra.20 at :0
  [63] g_main_context_iteration at :0
  [64] QEventDispatcherGlib::processEvents(QFlags<QEventLoop::ProcessEventsFlag>) at :0
  [65] QEventLoop::exec(QFlags<QEventLoop::ProcessEventsFlag>) at :0
  [66] QCoreApplication::exec() at :0
  [67] main at ResInsight/ApplicationExeCode/RiaMain.cpp:267
  [68] __libc_start_main at :0
  [69] _start at :0
  [70]  at :0
"
2026-07-09T10:14:52.739Z,2026.06.1,"  [0] performCrashLogging at ResInsight/ApplicationExeCode/RiaMainTools.cpp:170
  [1] manageTerminate() at ResInsight/ApplicationExeCode/RiaMainTools.cpp:239
  [2] __cxxabiv1::__terminate(void (*)()) at :0
  [3] std::terminate() at :0
  [4] __cxa_throw at :0
  [5] std::filesystem::create_directories(std::filesystem::__cxx11::path const&) [clone .cold] at :0
  [6] touch_file at ResInsight/ThirdParty/custom-opm-common/opm-common/opm/input/eclipse/Deck/FileDeck.cpp:83
  [7] Opm::FileDeck::dump(std::__cxx11::basic_string<char, std::char_traits<char>, std::allocator<char> > const&, std::__cxx11::basic_string<char, std::char_traits<char>, std::allocator<char> > const&, Opm::FileDeck::OutputMode) const at ResInsight/ThirdParty/custom-opm-common/opm-common/opm/input/eclipse/Deck/FileDeck.cpp:521
  [8] RifOpmFlowDeckFile::saveDeck(std::__cxx11::basic_string<char, std::char_traits<char>, std::allocator<char> >, std::__cxx11::basic_string<char, std::char_traits<char>, std::allocator<char> >) at ResInsight/ApplicationLibCode/FileInterface/RifOpmFlowDeckFile.cpp:335
  [9] RigSimulationInputTool::exportSimulationInput(RimEclipseCase&, RigSimulationInputSettings const&, cvf::Array<unsigned char>*) at ResInsight/ApplicationLibCode/ReservoirDataModel/SimulationFile/RigSimulationInputTool.cpp:186
  [10] RicExportSectorModelFeature::doExport(RicExportSectorModelUi*, RimEclipseView*) at ResInsight/ApplicationLibCode/Commands/ExportCommands/RicExportSectorModelFeature.cpp:131
  [11] RicExportSectorModelFeature::onActionTriggered(bool) at ResInsight/ApplicationLibCode/Commands/ExportCommands/RicExportSectorModelFeature.cpp:89
  [12] caf::CmdFeature::actionTriggered(bool) at ResInsight/Fwk/AppFwk/cafCommand/cafCmdFeature.cpp:176
  [13]  at :0
  [14] QAction::triggered(bool) at :0
  [15] QAction::activate(QAction::ActionEvent) at :0
  [16]  at :0
  [17]  at :0
  [18] QWidget::event(QEvent*) at :0
  [19] QApplicationPrivate::notify_helper(QObject*, QEvent*) at :0
  [20] QApplication::notify(QObject*, QEvent*) at :0
  [21] RiaGuiApplication::notify(QObject*, QEvent*) at ResInsight/ApplicationLibCode/Application/RiaGuiApplication.cpp:1828
  [22] QCoreApplication::notifyInternal2(QObject*, QEvent*) at :0
  [23] QApplicationPrivate::sendMouseEvent(QWidget*, QMouseEvent*, QWidget*, QWidget*, QWidget**, QPointer<QWidget>&, bool, bool) at :0
  [24]  at :0
  [25]  at :0
  [26] QApplicationPrivate::notify_helper(QObject*, QEvent*) at :0
  [27] RiaGuiApplication::notify(QObject*, QEvent*) at ResInsight/ApplicationLibCode/Application/RiaGuiApplication.cpp:1828
  [28] QCoreApplication::notifyInternal2(QObject*, QEvent*) at :0
  [29] QGuiApplicationPrivate::processMouseEvent(QWindowSystemInterfacePrivate::MouseEvent*) at :0
  [30] QWindowSystemInterface::sendWindowSystemEvents(QFlags<QEventLoop::ProcessEventsFlag>) at :0
  [31]  at :0
  [32] g_main_context_dispatch at :0
  [33] g_main_context_iterate.isra.20 at :0
  [34] g_main_context_iteration at :0
  [35] QEventDispatcherGlib::processEvents(QFlags<QEventLoop::ProcessEventsFlag>) at :0
  [36] QEventLoop::exec(QFlags<QEventLoop::ProcessEventsFlag>) at :0
  [37]  at :0
  [38] QMenu::exec(QPoint const&, QAction*) at :0
  [39] RiuMainWindow::customMenuRequested(QPoint const&) at ResInsight/ApplicationLibCode/UserInterface/RiuMainWindow.cpp:2092
  [40]  at :0
  [41] QWidget::customContextMenuRequested(QPoint const&) at :0
  [42] QWidget::event(QEvent*) at :0
  [43] QFrame::event(QEvent*) at :0
  [44] QCoreApplicationPrivate::sendThroughObjectEventFilters(QObject*, QEvent*) at :0
  [45] QApplicationPrivate::notify_helper(QObject*, QEvent*) at :0
  [46] QApplication::notify(QObject*, QEvent*) at :0
  [47] RiaGuiApplication::notify(QObject*, QEvent*) at ResInsight/ApplicationLibCode/Application/RiaGuiApplication.cpp:1828
  [48] QCoreApplication::notifyInternal2(QObject*, QEvent*) at :0
  [49]  at :0
  [50]  at :0
  [51] QApplicationPrivate::notify_helper(QObject*, QEvent*) at :0
  [52] RiaGuiApplication::notify(QObject*, QEvent*) at ResInsight/ApplicationLibCode/Application/RiaGuiApplication.cpp:1828
  [53] QCoreApplication::notifyInternal2(QObject*, QEvent*) at :0
  [54] QGuiApplicationPrivate::processMouseEvent(QWindowSystemInterfacePrivate::MouseEvent*) at :0
  [55] QWindowSystemInterface::sendWindowSystemEvents(QFlags<QEventLoop::ProcessEventsFlag>) at :0
  [56]  at :0
  [57] g_main_context_dispatch at :0
  [58] g_main_context_iterate.isra.20 at :0
  [59] g_main_context_iteration at :0
  [60] QEventDispatcherGlib::processEvents(QFlags<QEventLoop::ProcessEventsFlag>) at :0
  [61] QEventLoop::exec(QFlags<QEventLoop::ProcessEventsFlag>) at :0
  [62] QCoreApplication::exec() at :0
  [63] main at ResInsight/ApplicationExeCode/RiaMain.cpp:267
  [64] __libc_start_main at :0
  [65] _start at :0
  [66]  at :0
"
2026-07-09T08:47:51.931Z,2026.06.2-dev.01,"  [0] performCrashLogging at ResInsight/ApplicationExeCode/RiaMainTools.cpp:170
  [1] manageSegFailureSA(int, siginfo_t*, void*) at ResInsight/ApplicationExeCode/RiaMainTools.cpp:302
  [2]  at :0
  [3] __GI_raise at :0
  [4] __GI_abort at :0
  [5] caf::AppEnumMapperBase::defaultValue() const at ResInsight/Fwk/AppFwk/cafProjectDataModel/cafPdmCore/cafAppEnum.cpp:90
  [6] caf::AppEnum<cvf::StructGridInterface::FaceType>::AppEnum() at ResInsight/Fwk/AppFwk/cafProjectDataModel/cafPdmCore/cafAppEnum.h:167
  [7] RigEclipseToStimPlanCellTransmissibilityCalculator::calculateStimPlanCellsMatrixTransmissibility(std::set<unsigned long, std::less<unsigned long>, std::allocator<unsigned long> > const&) at ResInsight/ApplicationLibCode/ReservoirDataModel/Completions/RigEclipseToStimPlanCellTransmissibilityCalculator.cpp:207
  [8] RigEclipseToStimPlanCalculator::computeValues() at ResInsight/ApplicationLibCode/ReservoirDataModel/Completions/RigEclipseToStimPlanCalculator.cpp:166
  [9] RigEclipseToStimPlanCalculator::RigEclipseToStimPlanCalculator(RimEclipseCase const*, cvf::Matrix4<double>, double, double, RigFractureGrid const&, RimFracture const*) at ResInsight/ApplicationLibCode/ReservoirDataModel/Completions/RigEclipseToStimPlanCalculator.cpp:63
  [10] RicExportFractureCompletionsImpl::generateCompdatValuesConst(RimEclipseCase const*, QString const&, RigWellPath const*, std::vector<RimFracture const*, std::allocator<RimFracture const*> > const&, std::vector<RicWellPathFractureReportItem, std::allocator<RicWellPathFractureReportItem> >*, QTextStream*, RicExportFractureCompletionsImpl::PressureDepletionParameters) [clone ._omp_fn.0] at ResInsight/ApplicationLibCode/Commands/CompletionExportCommands/RicExportFractureCompletionsImpl.cpp:287
  [11] gomp_thread_start at :0
  [12] start_thread at :0
  [13] __GI___clone at :0
  [14]  at :0
"
2026-07-09T07:36:08.242Z,2026.06.1,"  [0] performCrashLogging at ResInsight/ApplicationExeCode/RiaMainTools.cpp:170
  [1] manageSegFailureSA(int, siginfo_t*, void*) at ResInsight/ApplicationExeCode/RiaMainTools.cpp:302
  [2]  at :0
  [3] RimWellFlowRateCurve::onLoadDataAndUpdate(bool) at ResInsight/ApplicationLibCode/ProjectDataModel/Flow/RimWellFlowRateCurve.cpp:166
  [4] RimPlotCurve::loadDataAndUpdate(bool) at ResInsight/ApplicationLibCode/ProjectDataModel/RimPlotCurve.cpp:587
  [5] non-virtual thunk to RimWellFlowRateCurve::fieldChangedByUi(caf::PdmFieldHandle const*, QVariant const&, QVariant const&) at ResInsight/ApplicationLibCode/ProjectDataModel/Flow/RimWellFlowRateCurve.h:63
  [6] caf::PdmUiFieldHandle::notifyFieldChanged(QVariant const&, QVariant const&) at ResInsight/Fwk/AppFwk/cafProjectDataModel/cafPdmUiCore/cafPdmUiFieldHandle.cpp:75
  [7] caf::PdmFieldUiCap<caf::PdmField<bool> >::setValueFromUiEditor(QVariant const&, bool) at ResInsight/Fwk/AppFwk/cafProjectDataModel/cafPdmUiCore/cafInternalPdmUiFieldCapability.inl:116
  [8] caf::CmdFieldChangeExec::redo() at ResInsight/Fwk/AppFwk/cafCommand/cafCmdFieldChangeExec.cpp:139
  [9] QUndoStack::push(QUndoCommand*) at :0
  [10] caf::CmdUiCommandSystemImpl::fieldChangedCommand(std::vector<caf::PdmFieldHandle*, std::allocator<caf::PdmFieldHandle*> > const&, QVariant const&) at ResInsight/Fwk/AppFwk/cafCommand/cafCmdUiCommandSystemImpl.cpp:146
  [11] caf::PdmUiCommandSystemProxy::setUiValueToField(caf::PdmUiFieldHandle*, QVariant const&) at ResInsight/Fwk/AppFwk/cafProjectDataModel/cafPdmUiCore/cafPdmUiCommandSystemProxy.cpp:113
  [12] caf::PdmUiTreeViewQModel::setData(QModelIndex const&, QVariant const&, int) at ResInsight/Fwk/AppFwk/cafUserInterface/cafPdmUiTreeViewQModel.cpp:761
  [13] QSortFilterProxyModel::setData(QModelIndex const&, QVariant const&, int) at :0
  [14] QStyledItemDelegate::editorEvent(QEvent*, QAbstractItemModel*, QStyleOptionViewItem const&, QModelIndex const&) at :0
  [15]  at :0
  [16] QAbstractItemView::edit(QModelIndex const&, QAbstractItemView::EditTrigger, QEvent*) at :0
  [17] QAbstractItemView::mouseReleaseEvent(QMouseEvent*) at :0
  [18] QWidget::event(QEvent*) at :0
  [19] QFrame::event(QEvent*) at :0
  [20] QCoreApplicationPrivate::sendThroughObjectEventFilters(QObject*, QEvent*) at :0
  [21] QApplicationPrivate::notify_helper(QObject*, QEvent*) at :0
  [22] QApplication::notify(QObject*, QEvent*) at :0
  [23] RiaGuiApplication::notify(QObject*, QEvent*) at ResInsight/ApplicationLibCode/Application/RiaGuiApplication.cpp:1828
  [24] QCoreApplication::notifyInternal2(QObject*, QEvent*) at :0
  [25] QApplicationPrivate::sendMouseEvent(QWidget*, QMouseEvent*, QWidget*, QWidget*, QWidget**, QPointer<QWidget>&, bool, bool) at :0
  [26]  at :0
  [27]  at :0
  [28] QApplicationPrivate::notify_helper(QObject*, QEvent*) at :0
  [29] RiaGuiApplication::notify(QObject*, QEvent*) at ResInsight/ApplicationLibCode/Application/RiaGuiApplication.cpp:1828
  [30] QCoreApplication::notifyInternal2(QObject*, QEvent*) at :0
  [31] QGuiApplicationPrivate::processMouseEvent(QWindowSystemInterfacePrivate::MouseEvent*) at :0
  [32] QWindowSystemInterface::sendWindowSystemEvents(QFlags<QEventLoop::ProcessEventsFlag>) at :0
  [33]  at :0
  [34] g_main_context_dispatch at :0
  [35] g_main_context_iterate.isra.20 at :0
  [36] g_main_context_iteration at :0
  [37] QEventDispatcherGlib::processEvents(QFlags<QEventLoop::ProcessEventsFlag>) at :0
  [38] QEventLoop::exec(QFlags<QEventLoop::ProcessEventsFlag>) at :0
  [39] QCoreApplication::exec() at :0
  [40] main at ResInsight/ApplicationExeCode/RiaMain.cpp:267
  [41] __libc_start_main at :0
  [42] _start at :0
  [43]  at :0
"
2026-07-09T07:21:40.038Z,2026.02.1,"  [0] performCrashLogging at ResInsight/ApplicationExeCode/RiaMainTools.cpp:147
  [1] manageSegFailureSA(int, siginfo_t*, void*) at ResInsight/ApplicationExeCode/RiaMainTools.cpp:227
  [2]  at :0
  [3] ecl_kw_get_data_type at ResInsight/ThirdParty/Ert/lib/ecl/ecl_kw.cpp:1776
  [4] ecl_file_kw_assert_kw at ResInsight/ThirdParty/Ert/lib/ecl/ecl_file_kw.cpp:211
  [5] ecl_file_kw_load_kw at ResInsight/ThirdParty/Ert/lib/ecl/ecl_file_kw.cpp:244
  [6] ecl_file_view_get_kw at ResInsight/ThirdParty/Ert/lib/ecl/ecl_file_view.cpp:149
  [7] RifEclipseOutputFileTools::keywordData(ecl_file_struct const*, QString const&, unsigned long, std::vector<double, std::allocator<double> >*) at ResInsight/ApplicationLibCode/FileInterface/RifEclipseOutputFileTools.cpp:305
  [8] RifEclipseUnifiedRestartFileAccess::results(QString const&, unsigned long, unsigned long, std::vector<double, std::allocator<double> >*) at ResInsight/ApplicationLibCode/FileInterface/RifEclipseUnifiedRestartFileAccess.cpp:248
  [9] RifReaderEclipseOutput::dynamicResult(QString const&, RiaDefines::PorosityModelType, unsigned long, std::vector<double, std::allocator<double> >*) at ResInsight/ApplicationLibCode/FileInterface/RifReaderEclipseOutput.cpp:1070
  [10] RigCaseCellResultsData::findOrLoadKnownScalarResult(RigEclipseResultAddress const&) at ResInsight/ApplicationLibCode/ReservoirDataModel/RigCaseCellResultsData.cpp:1538
  [11] RigCaseCellResultsData::ensureKnownResultLoaded(RigEclipseResultAddress const&) at ResInsight/ApplicationLibCode/ReservoirDataModel/RigCaseCellResultsData.cpp:1264
  [12] RiuPvtPlotUpdater::queryDataAndUpdatePlot(RimEclipseResultDefinition const*, unsigned long, unsigned long, unsigned long) at ResInsight/ApplicationLibCode/UserInterface/RiuPvtPlotUpdater.cpp:92
  [13] RiuPlotUpdater::updateOnSelectionChanged(RiuSelectionItem const*) at ResInsight/ApplicationLibCode/UserInterface/RiuPlotUpdater.cpp:138
  [14] RiuSelectionChangedHandler::handleItemAppended(RiuSelectionItem const*) const at ResInsight/ApplicationLibCode/UserInterface/RiuSelectionChangedHandler.cpp:127
  [15] RiuCellAndNncPickEventHandler::handle3dPickEvent(Ric3dPickEvent const&) at ResInsight/ApplicationLibCode/UserInterface/RiuCellAndNncPickEventHandler.cpp:459
  [16] RiuViewerCommands::handlePickAction(int, int, QFlags<Qt::KeyboardModifier>) at ResInsight/ApplicationLibCode/UserInterface/RiuViewerCommands.cpp:702
  [17] QWidget::event(QEvent*) at :0
  [18] QApplicationPrivate::notify_helper(QObject*, QEvent*) at :0
  [19] QApplication::notify(QObject*, QEvent*) at :0
  [20] RiaGuiApplication::notify(QObject*, QEvent*) at ResInsight/ApplicationLibCode/Application/RiaGuiApplication.cpp:1823
  [21] QCoreApplication::notifyInternal2(QObject*, QEvent*) at :0
  [22] QApplicationPrivate::sendMouseEvent(QWidget*, QMouseEvent*, QWidget*, QWidget*, QWidget**, QPointer<QWidget>&, bool, bool) at :0
  [23]  at :0
  [24]  at :0
  [25] QApplicationPrivate::notify_helper(QObject*, QEvent*) at :0
  [26] RiaGuiApplication::notify(QObject*, QEvent*) at ResInsight/ApplicationLibCode/Application/RiaGuiApplication.cpp:1823
  [27] QCoreApplication::notifyInternal2(QObject*, QEvent*) at :0
  [28] QGuiApplicationPrivate::processMouseEvent(QWindowSystemInterfacePrivate::MouseEvent*) at :0
  [29] QWindowSystemInterface::sendWindowSystemEvents(QFlags<QEventLoop::ProcessEventsFlag>) at :0
  [30]  at :0
  [31] g_main_context_dispatch at :0
  [32] g_main_context_iterate.isra.20 at :0
  [33] g_main_context_iteration at :0
  [34] QEventDispatcherGlib::processEvents(QFlags<QEventLoop::ProcessEventsFlag>) at :0
  [35] QEventLoop::exec(QFlags<QEventLoop::ProcessEventsFlag>) at :0
  [36] QCoreApplication::exec() at :0
  [37] main at ResInsight/ApplicationExeCode/RiaMain.cpp:226
  [38] __libc_start_main at :0
  [39] _start at :0
  [40]  at :0
"
2026-07-09T07:17:49.888Z,2026.06.1,"  [0] performCrashLogging at ResInsight/ApplicationExeCode/RiaMainTools.cpp:170
  [1] manageSegFailureSA(int, siginfo_t*, void*) at ResInsight/ApplicationExeCode/RiaMainTools.cpp:302
  [2]  at :0
  [3] __GI_raise at :0
  [4] __GI_abort at :0
  [5] manageTerminate() at ResInsight/ApplicationExeCode/RiaMainTools.cpp:241
  [6] __cxxabiv1::__terminate(void (*)()) at :0
  [7] __cxa_call_terminate at :0
  [8] __gxx_personality_v0 at :0
  [9] _Unwind_RaiseException_Phase2 at :0
  [10] _Unwind_Resume at :0
  [11] Opm::EclIO::ESmry::dates() const at ResInsight/ThirdParty/custom-opm-common/opm-common/opm/io/eclipse/ESmry.cpp:1457
  [12] RifHdf5SummaryExporter::writeGeneralSection(RifHdf5Exporter&, Opm::EclIO::ESmry&) at ResInsight/ApplicationLibCode/FileInterface/RifHdf5SummaryExporter.cpp:161
  [13] RifHdf5SummaryExporter::ensureHdf5FileIsCreated(std::__cxx11::basic_string<char, std::char_traits<char>, std::allocator<char> > const&, std::__cxx11::basic_string<char, std::char_traits<char>, std::allocator<char> > const&, bool, unsigned long&) at ResInsight/ApplicationLibCode/FileInterface/RifHdf5SummaryExporter.cpp:139
  [14] RifReaderEclipseSummary::open(QString const&, RiaThreadSafeLogger*) at ResInsight/ApplicationLibCode/FileInterface/RifReaderEclipseSummary.cpp:129
  [15] RifSummaryReaderAggregator::createReadersAndImportMetaData(RifEnsembleImportConfig, RiaThreadSafeLogger*) at ResInsight/ApplicationLibCode/FileInterface/RifSummaryReaderAggregator.cpp:156
  [16] RimFileSummaryCase::findRelatedFilesAndCreateReader(QString const&, bool, RifEnsembleImportConfig, RiaThreadSafeLogger*) at ResInsight/ApplicationLibCode/ProjectDataModel/Summary/RimFileSummaryCase.cpp:221
  [17] RimFileSummaryCase::createSummaryReaderInterfaceThreadSafe(RifEnsembleImportConfig, RiaThreadSafeLogger*) at ResInsight/ApplicationLibCode/ProjectDataModel/Summary/RimFileSummaryCase.cpp:110
  [18] RimFileSummaryCase::createSummaryReaderInterface() at ResInsight/ApplicationLibCode/ProjectDataModel/Summary/RimFileSummaryCase.cpp:129
  [19] RiaSummaryTools::reloadSummaryCaseAndUpdateConnectedPlots(RimSummaryCase*) at ResInsight/ApplicationLibCode/Application/Tools/Summary/RiaSummaryTools.cpp:409
  [20] RicReloadSummaryCaseFeature::reloadSelectedCasesAndUpdate() at ResInsight/ApplicationLibCode/Commands/RicReloadSummaryCaseFeature.cpp:149
  [21] caf::CmdFeature::actionTriggered(bool) at ResInsight/Fwk/AppFwk/cafCommand/cafCmdFeature.cpp:176
  [22]  at :0
  [23] QAction::triggered(bool) at :0
  [24] QAction::activate(QAction::ActionEvent) at :0
  [25]  at :0
  [26]  at :0
  [27] QWidget::event(QEvent*) at :0
  [28] QApplicationPrivate::notify_helper(QObject*, QEvent*) at :0
  [29] QApplication::notify(QObject*, QEvent*) at :0
  [30] RiaGuiApplication::notify(QObject*, QEvent*) at ResInsight/ApplicationLibCode/Application/RiaGuiApplication.cpp:1828
  [31] QCoreApplication::notifyInternal2(QObject*, QEvent*) at :0
  [32] QApplicationPrivate::sendMouseEvent(QWidget*, QMouseEvent*, QWidget*, QWidget*, QWidget**, QPointer<QWidget>&, bool, bool) at :0
  [33]  at :0
  [34]  at :0
  [35] QApplicationPrivate::notify_helper(QObject*, QEvent*) at :0
  [36] RiaGuiApplication::notify(QObject*, QEvent*) at ResInsight/ApplicationLibCode/Application/RiaGuiApplication.cpp:1828
  [37] QCoreApplication::notifyInternal2(QObject*, QEvent*) at :0
  [38] QGuiApplicationPrivate::processMouseEvent(QWindowSystemInterfacePrivate::MouseEvent*) at :0
  [39] QWindowSystemInterface::sendWindowSystemEvents(QFlags<QEventLoop::ProcessEventsFlag>) at :0
  [40]  at :0
  [41] g_main_context_dispatch at :0
  [42] g_main_context_iterate.isra.20 at :0
  [43] g_main_context_iteration at :0
  [44] QEventDispatcherGlib::processEvents(QFlags<QEventLoop::ProcessEventsFlag>) at :0
  [45] QEventLoop::exec(QFlags<QEventLoop::ProcessEventsFlag>) at :0
  [46]  at :0
  [47] QMenu::exec(QPoint const&, QAction*) at :0
  [48] RiuMainWindow::customMenuRequested(QPoint const&) at ResInsight/ApplicationLibCode/UserInterface/RiuMainWindow.cpp:2092
  [49]  at :0
  [50] QWidget::customContextMenuRequested(QPoint const&) at :0
  [51] QWidget::event(QEvent*) at :0
  [52] QFrame::event(QEvent*) at :0
  [53] QCoreApplicationPrivate::sendThroughObjectEventFilters(QObject*, QEvent*) at :0
  [54] QApplicationPrivate::notify_helper(QObject*, QEvent*) at :0
  [55] QApplication::notify(QObject*, QEvent*) at :0
  [56] RiaGuiApplication::notify(QObject*, QEvent*) at ResInsight/ApplicationLibCode/Application/RiaGuiApplication.cpp:1828
  [57] QCoreApplication::notifyInternal2(QObject*, QEvent*) at :0
  [58]  at :0
  [59]  at :0
  [60] QApplicationPrivate::notify_helper(QObject*, QEvent*) at :0
  [61] RiaGuiApplication::notify(QObject*, QEvent*) at ResInsight/ApplicationLibCode/Application/RiaGuiApplication.cpp:1828
  [62] QCoreApplication::notifyInternal2(QObject*, QEvent*) at :0
  [63] QGuiApplicationPrivate::processMouseEvent(QWindowSystemInterfacePrivate::MouseEvent*) at :0
  [64] QWindowSystemInterface::sendWindowSystemEvents(QFlags<QEventLoop::ProcessEventsFlag>) at :0
  [65]  at :0
  [66] g_main_context_dispatch at :0
  [67] g_main_context_iterate.isra.20 at :0
  [68] g_main_context_iteration at :0
  [69] QEventDispatcherGlib::processEvents(QFlags<QEventLoop::ProcessEventsFlag>) at :0
  [70] QEventLoop::exec(QFlags<QEventLoop::ProcessEventsFlag>) at :0
  [71] QCoreApplication::exec() at :0
  [72] main at ResInsight/ApplicationExeCode/RiaMain.cpp:267
  [73] __libc_start_main at :0
  [74] _start at :0
  [75]  at :0
"
2026-07-09T07:17:49.57Z,2026.06.1,"  [0] performCrashLogging at ResInsight/ApplicationExeCode/RiaMainTools.cpp:170
  [1] manageTerminate() at ResInsight/ApplicationExeCode/RiaMainTools.cpp:239
  [2] __cxxabiv1::__terminate(void (*)()) at :0
  [3] __cxa_call_terminate at :0
  [4] __gxx_personality_v0 at :0
  [5] _Unwind_RaiseException_Phase2 at :0
  [6] _Unwind_Resume at :0
  [7] Opm::EclIO::ESmry::dates() const at ResInsight/ThirdParty/custom-opm-common/opm-common/opm/io/eclipse/ESmry.cpp:1457
  [8] RifHdf5SummaryExporter::writeGeneralSection(RifHdf5Exporter&, Opm::EclIO::ESmry&) at ResInsight/ApplicationLibCode/FileInterface/RifHdf5SummaryExporter.cpp:161
  [9] RifHdf5SummaryExporter::ensureHdf5FileIsCreated(std::__cxx11::basic_string<char, std::char_traits<char>, std::allocator<char> > const&, std::__cxx11::basic_string<char, std::char_traits<char>, std::allocator<char> > const&, bool, unsigned long&) at ResInsight/ApplicationLibCode/FileInterface/RifHdf5SummaryExporter.cpp:139
  [10] RifReaderEclipseSummary::open(QString const&, RiaThreadSafeLogger*) at ResInsight/ApplicationLibCode/FileInterface/RifReaderEclipseSummary.cpp:129
  [11] RifSummaryReaderAggregator::createReadersAndImportMetaData(RifEnsembleImportConfig, RiaThreadSafeLogger*) at ResInsight/ApplicationLibCode/FileInterface/RifSummaryReaderAggregator.cpp:156
  [12] RimFileSummaryCase::findRelatedFilesAndCreateReader(QString const&, bool, RifEnsembleImportConfig, RiaThreadSafeLogger*) at ResInsight/ApplicationLibCode/ProjectDataModel/Summary/RimFileSummaryCase.cpp:221
  [13] RimFileSummaryCase::createSummaryReaderInterfaceThreadSafe(RifEnsembleImportConfig, RiaThreadSafeLogger*) at ResInsight/ApplicationLibCode/ProjectDataModel/Summary/RimFileSummaryCase.cpp:110
  [14] RimFileSummaryCase::createSummaryReaderInterface() at ResInsight/ApplicationLibCode/ProjectDataModel/Summary/RimFileSummaryCase.cpp:129
  [15] RiaSummaryTools::reloadSummaryCaseAndUpdateConnectedPlots(RimSummaryCase*) at ResInsight/ApplicationLibCode/Application/Tools/Summary/RiaSummaryTools.cpp:409
  [16] RicReloadSummaryCaseFeature::reloadSelectedCasesAndUpdate() at ResInsight/ApplicationLibCode/Commands/RicReloadSummaryCaseFeature.cpp:149
  [17] caf::CmdFeature::actionTriggered(bool) at ResInsight/Fwk/AppFwk/cafCommand/cafCmdFeature.cpp:176
  [18]  at :0
  [19] QAction::triggered(bool) at :0
  [20] QAction::activate(QAction::ActionEvent) at :0
  [21]  at :0
  [22]  at :0
  [23] QWidget::event(QEvent*) at :0
  [24] QApplicationPrivate::notify_helper(QObject*, QEvent*) at :0
  [25] QApplication::notify(QObject*, QEvent*) at :0
  [26] RiaGuiApplication::notify(QObject*, QEvent*) at ResInsight/ApplicationLibCode/Application/RiaGuiApplication.cpp:1828
  [27] QCoreApplication::notifyInternal2(QObject*, QEvent*) at :0
  [28] QApplicationPrivate::sendMouseEvent(QWidget*, QMouseEvent*, QWidget*, QWidget*, QWidget**, QPointer<QWidget>&, bool, bool) at :0
  [29]  at :0
  [30]  at :0
  [31] QApplicationPrivate::notify_helper(QObject*, QEvent*) at :0
  [32] RiaGuiApplication::notify(QObject*, QEvent*) at ResInsight/ApplicationLibCode/Application/RiaGuiApplication.cpp:1828
  [33] QCoreApplication::notifyInternal2(QObject*, QEvent*) at :0
  [34] QGuiApplicationPrivate::processMouseEvent(QWindowSystemInterfacePrivate::MouseEvent*) at :0
  [35] QWindowSystemInterface::sendWindowSystemEvents(QFlags<QEventLoop::ProcessEventsFlag>) at :0
  [36]  at :0
  [37] g_main_context_dispatch at :0
  [38] g_main_context_iterate.isra.20 at :0
  [39] g_main_context_iteration at :0
  [40] QEventDispatcherGlib::processEvents(QFlags<QEventLoop::ProcessEventsFlag>) at :0
  [41] QEventLoop::exec(QFlags<QEventLoop::ProcessEventsFlag>) at :0
  [42]  at :0
  [43] QMenu::exec(QPoint const&, QAction*) at :0
  [44] RiuMainWindow::customMenuRequested(QPoint const&) at ResInsight/ApplicationLibCode/UserInterface/RiuMainWindow.cpp:2092
  [45]  at :0
  [46] QWidget::customContextMenuRequested(QPoint const&) at :0
  [47] QWidget::event(QEvent*) at :0
  [48] QFrame::event(QEvent*) at :0
  [49] QCoreApplicationPrivate::sendThroughObjectEventFilters(QObject*, QEvent*) at :0
  [50] QApplicationPrivate::notify_helper(QObject*, QEvent*) at :0
  [51] QApplication::notify(QObject*, QEvent*) at :0
  [52] RiaGuiApplication::notify(QObject*, QEvent*) at ResInsight/ApplicationLibCode/Application/RiaGuiApplication.cpp:1828
  [53] QCoreApplication::notifyInternal2(QObject*, QEvent*) at :0
  [54]  at :0
  [55]  at :0
  [56] QApplicationPrivate::notify_helper(QObject*, QEvent*) at :0
  [57] RiaGuiApplication::notify(QObject*, QEvent*) at ResInsight/ApplicationLibCode/Application/RiaGuiApplication.cpp:1828
  [58] QCoreApplication::notifyInternal2(QObject*, QEvent*) at :0
  [59] QGuiApplicationPrivate::processMouseEvent(QWindowSystemInterfacePrivate::MouseEvent*) at :0
  [60] QWindowSystemInterface::sendWindowSystemEvents(QFlags<QEventLoop::ProcessEventsFlag>) at :0
  [61]  at :0
  [62] g_main_context_dispatch at :0
  [63] g_main_context_iterate.isra.20 at :0
  [64] g_main_context_iteration at :0
  [65] QEventDispatcherGlib::processEvents(QFlags<QEventLoop::ProcessEventsFlag>) at :0
  [66] QEventLoop::exec(QFlags<QEventLoop::ProcessEventsFlag>) at :0
  [67] QCoreApplication::exec() at :0
  [68] main at ResInsight/ApplicationExeCode/RiaMain.cpp:267
  [69] __libc_start_main at :0
  [70] _start at :0
  [71]  at :0
"
2026-07-09T05:40:07.201Z,2026.06.0,"  [0] performCrashLogging at ResInsight/ApplicationExeCode/RiaMainTools.cpp:167
  [1] manageSegFailureSA(int, siginfo_t*, void*) at ResInsight/ApplicationExeCode/RiaMainTools.cpp:263
  [2]  at :0
  [3] __GI_raise at :0
  [4] __GI_abort at :0
  [5] caf::AppEnumMapperBase::defaultValue() const at ResInsight/Fwk/AppFwk/cafProjectDataModel/cafPdmCore/cafAppEnum.cpp:90
  [6] caf::AppEnum<cvf::StructGridInterface::FaceType>::AppEnum() at ResInsight/Fwk/AppFwk/cafProjectDataModel/cafPdmCore/cafAppEnum.h:167
  [7] RigEclipseToStimPlanCellTransmissibilityCalculator::calculateStimPlanCellsMatrixTransmissibility(std::set<unsigned long, std::less<unsigned long>, std::allocator<unsigned long> > const&) at ResInsight/ApplicationLibCode/ReservoirDataModel/Completions/RigEclipseToStimPlanCellTransmissibilityCalculator.cpp:207
  [8] RigEclipseToStimPlanCalculator::computeValues() at ResInsight/ApplicationLibCode/ReservoirDataModel/Completions/RigEclipseToStimPlanCalculator.cpp:166
  [9] RigEclipseToStimPlanCalculator::RigEclipseToStimPlanCalculator(RimEclipseCase const*, cvf::Matrix4<double>, double, double, RigFractureGrid const&, RimFracture const*) at ResInsight/ApplicationLibCode/ReservoirDataModel/Completions/RigEclipseToStimPlanCalculator.cpp:63
  [10] RicExportFractureCompletionsImpl::generateCompdatValuesConst(RimEclipseCase const*, QString const&, RigWellPath const*, std::vector<RimFracture const*, std::allocator<RimFracture const*> > const&, std::vector<RicWellPathFractureReportItem, std::allocator<RicWellPathFractureReportItem> >*, QTextStream*, RicExportFractureCompletionsImpl::PressureDepletionParameters) [clone ._omp_fn.0] at ResInsight/ApplicationLibCode/Commands/CompletionExportCommands/RicExportFractureCompletionsImpl.cpp:287
  [11] GOMP_parallel at :0
  [12] RicExportFractureCompletionsImpl::generateCompdatValuesConst(RimEclipseCase const*, QString const&, RigWellPath const*, std::vector<RimFracture const*, std::allocator<RimFracture const*> > const&, std::vector<RicWellPathFractureReportItem, std::allocator<RicWellPathFractureReportItem> >*, QTextStream*, RicExportFractureCompletionsImpl::PressureDepletionParameters) at ResInsight/ApplicationLibCode/Commands/CompletionExportCommands/RicExportFractureCompletionsImpl.cpp:258
  [13] RicExportFractureCompletionsImpl::generateCompdatValues(RimEclipseCase*, QString const&, RigWellPath const*, std::vector<RimFracture const*, std::allocator<RimFracture const*> > const&, std::vector<RicWellPathFractureReportItem, std::allocator<RicWellPathFractureReportItem> >*, QTextStream*, RicExportFractureCompletionsImpl::PressureDepletionParameters) at ResInsight/ApplicationLibCode/Commands/CompletionExportCommands/RicExportFractureCompletionsImpl.cpp:170
  [14] RicExportFractureCompletionsImpl::generateCompdatValuesForWellPath(RimWellPath*, RimEclipseCase*, std::vector<RicWellPathFractureReportItem, std::allocator<RicWellPathFractureReportItem> >*, QTextStream*, RicExportFractureCompletionsImpl::PressureDepletionParameters) at ResInsight/ApplicationLibCode/Commands/CompletionExportCommands/RicExportFractureCompletionsImpl.cpp:95
  [15] RicWellPathExportCompletionDataFeatureImpl::exportCompletions(std::vector<RimWellPath*, std::allocator<RimWellPath*> > const&, RicExportCompletionDataSettingsUi const&) at ResInsight/ApplicationLibCode/Commands/CompletionExportCommands/RicWellPathExportCompletionDataFeatureImpl.cpp:232
  [16] RicfExportWellPathCompletions::execute() at ResInsight/ApplicationLibCode/CommandFileInterface/RicfExportWellPathCompletions.cpp:184
  [17] RiaGrpcCommandService::Execute(grpc::ServerContext*, rips::CommandParams const*, rips::CommandReply*) at ResInsight/GrpcInterface/RiaGrpcCommandService.cpp:100
  [18] grpc::Status std::__invoke_impl<grpc::Status, grpc::Status (RiaGrpcCommandService::*&)(grpc::ServerContext*, rips::CommandParams const*, rips::CommandReply*), RiaGrpcCommandService&, grpc::ServerContext*, rips::CommandParams const*, rips::CommandReply*>(std::__invoke_memfun_ref, grpc::Status (RiaGrpcCommandService::*&)(grpc::ServerContext*, rips::CommandParams const*, rips::CommandReply*), RiaGrpcCommandService&, grpc::ServerContext*&&, rips::CommandParams const*&&, rips::CommandReply*&&) at /opt/rh/gcc-toolset-13/root/usr/include/c++/13/bits/invoke.h:67
  [19] std::function<grpc::Status (RiaGrpcCommandService&, grpc::ServerContext*, rips::CommandParams const*, rips::CommandReply*)>::operator()(RiaGrpcCommandService&, grpc::ServerContext*, rips::CommandParams const*, rips::CommandReply*) const at /opt/rh/gcc-toolset-13/root/usr/include/c++/13/bits/std_function.h:591
  [20] RiaGrpcServerImpl::processAllQueuedRequests() at ResInsight/GrpcInterface/RiaGrpcServer.cpp:200
  [21] RiaGrpcApplicationInterface::processRequests() at ResInsight/GrpcInterface/RiaGrpcApplicationInterface.cpp:115
  [22] RiaGrpcConsoleApplication::doIdleProcessing() at ResInsight/ApplicationExeCode/RiaGrpcConsoleApplication.cpp:33
  [23]  at :0
  [24] QTimer::timeout(QTimer::QPrivateSignal) at :0
  [25] QObject::event(QEvent*) at :0
  [26] QCoreApplication::notifyInternal2(QObject*, QEvent*) at :0
  [27] QTimerInfoList::activateTimers() at :0
  [28]  at :0
  [29] g_main_context_dispatch at :0
  [30] g_main_context_iterate.isra.20 at :0
  [31] g_main_context_iteration at :0
  [32] QEventDispatcherGlib::processEvents(QFlags<QEventLoop::ProcessEventsFlag>) at :0
  [33] QEventLoop::exec(QFlags<QEventLoop::ProcessEventsFlag>) at :0
  [34] QCoreApplication::exec() at :0
  [35] main at ResInsight/ApplicationExeCode/RiaMain.cpp:258
  [36] __libc_start_main at :0
  [37] _start at :0
  [38]  at :0
"
2026-07-08T12:22:30.766Z,2026.06.0,"  [0] performCrashLogging at ResInsight/ApplicationExeCode/RiaMainTools.cpp:167
  [1] manageSegFailureSA(int, siginfo_t*, void*) at ResInsight/ApplicationExeCode/RiaMainTools.cpp:263
  [2]  at :0
  [3] __GI_raise at :0
  [4] __GI_abort at :0
  [5] __gnu_cxx::__verbose_terminate_handler() [clone .cold.1] at :0
  [6]  at :0
  [7]  at :0
  [8] __cxxabiv1::__terminate(void (*)()) at :0
  [9] std::terminate() at :0
  [10] __cxa_rethrow at :0
  [11] main at ResInsight/ApplicationExeCode/RiaMain.cpp:264
  [12] __libc_start_main at :0
  [13] _start at :0
  [14]  at :0
"
2026-07-08T08:00:26.195Z,2026.06.0,"  [0] performCrashLogging at ResInsight/ApplicationExeCode/RiaMainTools.cpp:167
  [1] manageSegFailureSA(int, siginfo_t*, void*) at ResInsight/ApplicationExeCode/RiaMainTools.cpp:263
  [2]  at :0
  [3] QWeakPointer<QObject>::internalData() const at /private/f_resinsight_build/resbuild/qt/6.6.3/gcc_64/include/QtCore/qsharedpointer_impl.h:704
  [4] RimViewController::askUserToRestoreOriginalCellFilterCollection(QString const&) at ResInsight/ApplicationLibCode/ProjectDataModel/RimViewController.cpp:1122
  [5] RimViewController::applyCellFilterCollectionByUserChoice() at ResInsight/ApplicationLibCode/ProjectDataModel/RimViewController.cpp:1105
  [6] RimViewController::fieldChangedByUi(caf::PdmFieldHandle const*, QVariant const&, QVariant const&) at ResInsight/ApplicationLibCode/ProjectDataModel/RimViewController.cpp:161
  [7] caf::PdmUiFieldHandle::notifyFieldChanged(QVariant const&, QVariant const&) at ResInsight/Fwk/AppFwk/cafProjectDataModel/cafPdmUiCore/cafPdmUiFieldHandle.cpp:75
  [8] caf::PdmFieldUiCap<caf::PdmField<bool> >::setValueFromUiEditor(QVariant const&, bool) at ResInsight/Fwk/AppFwk/cafProjectDataModel/cafPdmUiCore/cafInternalPdmUiFieldCapability.inl:110
  [9] caf::CmdFieldChangeExec::redo() at ResInsight/Fwk/AppFwk/cafCommand/cafCmdFieldChangeExec.cpp:139
  [10] QUndoStack::push(QUndoCommand*) at :0
  [11] caf::CmdUiCommandSystemImpl::fieldChangedCommand(std::vector<caf::PdmFieldHandle*, std::allocator<caf::PdmFieldHandle*> > const&, QVariant const&) at ResInsight/Fwk/AppFwk/cafCommand/cafCmdUiCommandSystemImpl.cpp:146
  [12] caf::PdmUiCommandSystemProxy::setUiValueToField(caf::PdmUiFieldHandle*, QVariant const&) at ResInsight/Fwk/AppFwk/cafProjectDataModel/cafPdmUiCore/cafPdmUiCommandSystemProxy.cpp:113
  [13] caf::PdmUiTreeViewQModel::setData(QModelIndex const&, QVariant const&, int) at ResInsight/Fwk/AppFwk/cafUserInterface/cafPdmUiTreeViewQModel.cpp:761
  [14] QSortFilterProxyModel::setData(QModelIndex const&, QVariant const&, int) at :0
  [15] QStyledItemDelegate::editorEvent(QEvent*, QAbstractItemModel*, QStyleOptionViewItem const&, QModelIndex const&) at :0
  [16]  at :0
  [17] QAbstractItemView::edit(QModelIndex const&, QAbstractItemView::EditTrigger, QEvent*) at :0
  [18] QAbstractItemView::mouseReleaseEvent(QMouseEvent*) at :0
  [19] QWidget::event(QEvent*) at :0
  [20] QFrame::event(QEvent*) at :0
  [21] QCoreApplicationPrivate::sendThroughObjectEventFilters(QObject*, QEvent*) at :0
  [22] QApplicationPrivate::notify_helper(QObject*, QEvent*) at :0
  [23] QApplication::notify(QObject*, QEvent*) at :0
  [24] RiaGuiApplication::notify(QObject*, QEvent*) at ResInsight/ApplicationLibCode/Application/RiaGuiApplication.cpp:1831
  [25] QCoreApplication::notifyInternal2(QObject*, QEvent*) at :0
  [26] QApplicationPrivate::sendMouseEvent(QWidget*, QMouseEvent*, QWidget*, QWidget*, QWidget**, QPointer<QWidget>&, bool, bool) at :0
  [27]  at :0
  [28]  at :0
  [29] QApplicationPrivate::notify_helper(QObject*, QEvent*) at :0
  [30] RiaGuiApplication::notify(QObject*, QEvent*) at ResInsight/ApplicationLibCode/Application/RiaGuiApplication.cpp:1831
  [31] QCoreApplication::notifyInternal2(QObject*, QEvent*) at :0
  [32] QGuiApplicationPrivate::processMouseEvent(QWindowSystemInterfacePrivate::MouseEvent*) at :0
  [33] QWindowSystemInterface::sendWindowSystemEvents(QFlags<QEventLoop::ProcessEventsFlag>) at :0
  [34]  at :0
  [35] g_main_context_dispatch at :0
  [36] g_main_context_iterate.isra.20 at :0
  [37] g_main_context_iteration at :0
  [38] QEventDispatcherGlib::processEvents(QFlags<QEventLoop::ProcessEventsFlag>) at :0
  [39] QEventLoop::exec(QFlags<QEventLoop::ProcessEventsFlag>) at :0
  [40] QCoreApplication::exec() at :0
  [41] main at ResInsight/ApplicationExeCode/RiaMain.cpp:258
  [42] __libc_start_main at :0
  [43] _start at :0
  [44]  at :0
"
2026-07-07T15:30:17.233Z,2026.06.1,"  [0] performCrashLogging at ResInsight/ApplicationExeCode/RiaMainTools.cpp:170
  [1] manageSegFailureSA(int, siginfo_t*, void*) at ResInsight/ApplicationExeCode/RiaMainTools.cpp:302
  [2]  at :0
  [3] __GI_raise at :0
  [4] __GI_abort at :0
  [5] manageTerminate() at ResInsight/ApplicationExeCode/RiaMainTools.cpp:241
  [6] __cxxabiv1::__terminate(void (*)()) at :0
  [7] std::terminate() at :0
  [8] __cxa_throw at :0
  [9] std::__throw_out_of_range(char const*) [clone .cold.4] at :0
  [10] std::map<std::__cxx11::basic_string<char, std::char_traits<char>, std::allocator<char> >, std::vector<int, std::allocator<int> >, std::less<std::__cxx11::basic_string<char, std::char_traits<char>, std::allocator<char> > >, std::allocator<std::pair<std::__cxx11::basic_string<char, std::char_traits<char>, std::allocator<char> > const, std::vector<int, std::allocator<int> > > > >::at(std::__cxx11::basic_string<char, std::char_traits<char>, std::allocator<char> > const&) const at /opt/rh/gcc-toolset-13/root/usr/include/c++/13/bits/stl_map.h:562
  [11] ecl_file_view_iget_named_file_kw at ResInsight/ThirdParty/Ert/lib/ecl/ecl_file_view.cpp:127
  [12] ecl_file_view_iget_named_kw at ResInsight/ThirdParty/Ert/lib/ecl/ecl_file_view.cpp:224
  [13] ecl_grid_alloc_EGRID__ at ResInsight/ThirdParty/Ert/lib/ecl/ecl_grid.cpp:3100
  [14] ecl_grid_alloc_EGRID_all_grids at ResInsight/ThirdParty/Ert/lib/ecl/ecl_grid.cpp:3181
  [15] RifReaderEclipseOutput::loadAllGrids() const at ResInsight/ApplicationLibCode/FileInterface/RifReaderEclipseOutput.cpp:1165
  [16] RifReaderEclipseOutput::open(QString const&, RigEclipseCaseData*) at ResInsight/ApplicationLibCode/FileInterface/RifReaderEclipseOutput.cpp:393
  [17] RimEclipseResultCase::importGridAndResultMetaData(bool) at ResInsight/ApplicationLibCode/ProjectDataModel/RimEclipseResultCase.cpp:259
  [18] RiaImportEclipseCaseTools::openEclipseCaseShowTimeStepFilterImpl(QString const&, bool, bool, RifReaderSettings&) at ResInsight/ApplicationLibCode/Application/Tools/RiaImportEclipseCaseTools.cpp:372
  [19] RiaImportEclipseCaseTools::openEclipseCasesFromFile(QList<QString> const&, bool, std::map<QString, int, std::less<QString>, std::allocator<std::pair<QString const, int> > >*, bool, RifReaderSettings&) at ResInsight/ApplicationLibCode/Application/Tools/RiaImportEclipseCaseTools.cpp:107
  [20] RicImportGeneralDataFeature::openEclipseCaseFromFileNames(QList<QString> const&, bool, std::vector<int, std::allocator<int> >&, RifReaderSettings&) at ResInsight/ApplicationLibCode/Commands/RicImportGeneralDataFeature.cpp:365
  [21] RicImportGeneralDataFeature::openEclipseFilesFromFileNames(QList<QString> const&, bool, bool, RifReaderSettings&) at ResInsight/ApplicationLibCode/Commands/RicImportGeneralDataFeature.cpp:105
  [22] RicImportGeneralDataFeature::openEclipseFilesFromFileNames(QList<QString> const&, bool, bool) at ResInsight/ApplicationLibCode/Commands/RicImportGeneralDataFeature.cpp:56
  [23] RicImportGridModelFeature::onActionTriggered(bool) at ResInsight/ApplicationLibCode/Commands/EclipseCommands/RicImportGridModelFeature.cpp:81
  [24] caf::CmdFeature::actionTriggered(bool) at ResInsight/Fwk/AppFwk/cafCommand/cafCmdFeature.cpp:176
  [25]  at :0
  [26] QAction::triggered(bool) at :0
  [27] QAction::activate(QAction::ActionEvent) at :0
  [28]  at :0
  [29] QAbstractButton::mouseReleaseEvent(QMouseEvent*) at :0
  [30] QToolButton::mouseReleaseEvent(QMouseEvent*) at :0
  [31] QWidget::event(QEvent*) at :0
  [32] QApplicationPrivate::notify_helper(QObject*, QEvent*) at :0
  [33] QApplication::notify(QObject*, QEvent*) at :0
  [34] RiaGuiApplication::notify(QObject*, QEvent*) at ResInsight/ApplicationLibCode/Application/RiaGuiApplication.cpp:1828
  [35] QCoreApplication::notifyInternal2(QObject*, QEvent*) at :0
  [36] QApplicationPrivate::sendMouseEvent(QWidget*, QMouseEvent*, QWidget*, QWidget*, QWidget**, QPointer<QWidget>&, bool, bool) at :0
  [37]  at :0
  [38]  at :0
  [39] QApplicationPrivate::notify_helper(QObject*, QEvent*) at :0
  [40] RiaGuiApplication::notify(QObject*, QEvent*) at ResInsight/ApplicationLibCode/Application/RiaGuiApplication.cpp:1828
  [41] QCoreApplication::notifyInternal2(QObject*, QEvent*) at :0
  [42] QGuiApplicationPrivate::processMouseEvent(QWindowSystemInterfacePrivate::MouseEvent*) at :0
  [43] QWindowSystemInterface::sendWindowSystemEvents(QFlags<QEventLoop::ProcessEventsFlag>) at :0
  [44]  at :0
  [45] g_main_context_dispatch at :0
  [46] g_main_context_iterate.isra.20 at :0
  [47] g_main_context_iteration at :0
  [48] QEventDispatcherGlib::processEvents(QFlags<QEventLoop::ProcessEventsFlag>) at :0
  [49] QEventLoop::exec(QFlags<QEventLoop::ProcessEventsFlag>) at :0
  [50] QCoreApplication::exec() at :0
  [51] main at ResInsight/ApplicationExeCode/RiaMain.cpp:267
  [52] __libc_start_main at :0
  [53] _start at :0
  [54]  at :0
"
2026-07-07T15:30:17.128Z,2026.06.1,"  [0] performCrashLogging at ResInsight/ApplicationExeCode/RiaMainTools.cpp:170
  [1] manageTerminate() at ResInsight/ApplicationExeCode/RiaMainTools.cpp:239
  [2] __cxxabiv1::__terminate(void (*)()) at :0
  [3] std::terminate() at :0
  [4] __cxa_throw at :0
  [5] std::__throw_out_of_range(char const*) [clone .cold.4] at :0
  [6] std::map<std::__cxx11::basic_string<char, std::char_traits<char>, std::allocator<char> >, std::vector<int, std::allocator<int> >, std::less<std::__cxx11::basic_string<char, std::char_traits<char>, std::allocator<char> > >, std::allocator<std::pair<std::__cxx11::basic_string<char, std::char_traits<char>, std::allocator<char> > const, std::vector<int, std::allocator<int> > > > >::at(std::__cxx11::basic_string<char, std::char_traits<char>, std::allocator<char> > const&) const at /opt/rh/gcc-toolset-13/root/usr/include/c++/13/bits/stl_map.h:562
  [7] ecl_file_view_iget_named_file_kw at ResInsight/ThirdParty/Ert/lib/ecl/ecl_file_view.cpp:127
  [8] ecl_file_view_iget_named_kw at ResInsight/ThirdParty/Ert/lib/ecl/ecl_file_view.cpp:224
  [9] ecl_grid_alloc_EGRID__ at ResInsight/ThirdParty/Ert/lib/ecl/ecl_grid.cpp:3100
  [10] ecl_grid_alloc_EGRID_all_grids at ResInsight/ThirdParty/Ert/lib/ecl/ecl_grid.cpp:3181
  [11] RifReaderEclipseOutput::loadAllGrids() const at ResInsight/ApplicationLibCode/FileInterface/RifReaderEclipseOutput.cpp:1165
  [12] RifReaderEclipseOutput::open(QString const&, RigEclipseCaseData*) at ResInsight/ApplicationLibCode/FileInterface/RifReaderEclipseOutput.cpp:393
  [13] RimEclipseResultCase::importGridAndResultMetaData(bool) at ResInsight/ApplicationLibCode/ProjectDataModel/RimEclipseResultCase.cpp:259
  [14] RiaImportEclipseCaseTools::openEclipseCaseShowTimeStepFilterImpl(QString const&, bool, bool, RifReaderSettings&) at ResInsight/ApplicationLibCode/Application/Tools/RiaImportEclipseCaseTools.cpp:372
  [15] RiaImportEclipseCaseTools::openEclipseCasesFromFile(QList<QString> const&, bool, std::map<QString, int, std::less<QString>, std::allocator<std::pair<QString const, int> > >*, bool, RifReaderSettings&) at ResInsight/ApplicationLibCode/Application/Tools/RiaImportEclipseCaseTools.cpp:107
  [16] RicImportGeneralDataFeature::openEclipseCaseFromFileNames(QList<QString> const&, bool, std::vector<int, std::allocator<int> >&, RifReaderSettings&) at ResInsight/ApplicationLibCode/Commands/RicImportGeneralDataFeature.cpp:365
  [17] RicImportGeneralDataFeature::openEclipseFilesFromFileNames(QList<QString> const&, bool, bool, RifReaderSettings&) at ResInsight/ApplicationLibCode/Commands/RicImportGeneralDataFeature.cpp:105
  [18] RicImportGeneralDataFeature::openEclipseFilesFromFileNames(QList<QString> const&, bool, bool) at ResInsight/ApplicationLibCode/Commands/RicImportGeneralDataFeature.cpp:56
  [19] RicImportGridModelFeature::onActionTriggered(bool) at ResInsight/ApplicationLibCode/Commands/EclipseCommands/RicImportGridModelFeature.cpp:81
  [20] caf::CmdFeature::actionTriggered(bool) at ResInsight/Fwk/AppFwk/cafCommand/cafCmdFeature.cpp:176
  [21]  at :0
  [22] QAction::triggered(bool) at :0
  [23] QAction::activate(QAction::ActionEvent) at :0
  [24]  at :0
  [25] QAbstractButton::mouseReleaseEvent(QMouseEvent*) at :0
  [26] QToolButton::mouseReleaseEvent(QMouseEvent*) at :0
  [27] QWidget::event(QEvent*) at :0
  [28] QApplicationPrivate::notify_helper(QObject*, QEvent*) at :0
  [29] QApplication::notify(QObject*, QEvent*) at :0
  [30] RiaGuiApplication::notify(QObject*, QEvent*) at ResInsight/ApplicationLibCode/Application/RiaGuiApplication.cpp:1828
  [31] QCoreApplication::notifyInternal2(QObject*, QEvent*) at :0
  [32] QApplicationPrivate::sendMouseEvent(QWidget*, QMouseEvent*, QWidget*, QWidget*, QWidget**, QPointer<QWidget>&, bool, bool) at :0
  [33]  at :0
  [34]  at :0
  [35] QApplicationPrivate::notify_helper(QObject*, QEvent*) at :0
  [36] RiaGuiApplication::notify(QObject*, QEvent*) at ResInsight/ApplicationLibCode/Application/RiaGuiApplication.cpp:1828
  [37] QCoreApplication::notifyInternal2(QObject*, QEvent*) at :0
  [38] QGuiApplicationPrivate::processMouseEvent(QWindowSystemInterfacePrivate::MouseEvent*) at :0
  [39] QWindowSystemInterface::sendWindowSystemEvents(QFlags<QEventLoop::ProcessEventsFlag>) at :0
  [40]  at :0
  [41] g_main_context_dispatch at :0
  [42] g_main_context_iterate.isra.20 at :0
  [43] g_main_context_iteration at :0
  [44] QEventDispatcherGlib::processEvents(QFlags<QEventLoop::ProcessEventsFlag>) at :0
  [45] QEventLoop::exec(QFlags<QEventLoop::ProcessEventsFlag>) at :0
  [46] QCoreApplication::exec() at :0
  [47] main at ResInsight/ApplicationExeCode/RiaMain.cpp:267
  [48] __libc_start_main at :0
  [49] _start at :0
  [50]  at :0
"
2026-07-07T15:30:02.662Z,2026.06.1,"  [0] performCrashLogging at ResInsight/ApplicationExeCode/RiaMainTools.cpp:170
  [1] manageSegFailureSA(int, siginfo_t*, void*) at ResInsight/ApplicationExeCode/RiaMainTools.cpp:302
  [2]  at :0
  [3] __GI_raise at :0
  [4] __GI_abort at :0
  [5] manageTerminate() at ResInsight/ApplicationExeCode/RiaMainTools.cpp:241
  [6] __cxxabiv1::__terminate(void (*)()) at :0
  [7] std::terminate() at :0
  [8] __cxa_throw at :0
  [9] std::__throw_out_of_range(char const*) [clone .cold.4] at :0
  [10] std::map<std::__cxx11::basic_string<char, std::char_traits<char>, std::allocator<char> >, std::vector<int, std::allocator<int> >, std::less<std::__cxx11::basic_string<char, std::char_traits<char>, std::allocator<char> > >, std::allocator<std::pair<std::__cxx11::basic_string<char, std::char_traits<char>, std::allocator<char> > const, std::vector<int, std::allocator<int> > > > >::at(std::__cxx11::basic_string<char, std::char_traits<char>, std::allocator<char> > const&) const at /opt/rh/gcc-toolset-13/root/usr/include/c++/13/bits/stl_map.h:562
  [11] ecl_file_view_iget_named_file_kw at ResInsight/ThirdParty/Ert/lib/ecl/ecl_file_view.cpp:127
  [12] ecl_file_view_iget_named_kw at ResInsight/ThirdParty/Ert/lib/ecl/ecl_file_view.cpp:224
  [13] ecl_grid_alloc_EGRID__ at ResInsight/ThirdParty/Ert/lib/ecl/ecl_grid.cpp:3100
  [14] ecl_grid_alloc_EGRID_all_grids at ResInsight/ThirdParty/Ert/lib/ecl/ecl_grid.cpp:3181
  [15] RifReaderEclipseOutput::loadAllGrids() const at ResInsight/ApplicationLibCode/FileInterface/RifReaderEclipseOutput.cpp:1165
  [16] RifReaderEclipseOutput::open(QString const&, RigEclipseCaseData*) at ResInsight/ApplicationLibCode/FileInterface/RifReaderEclipseOutput.cpp:393
  [17] RimEclipseResultCase::importGridAndResultMetaData(bool) at ResInsight/ApplicationLibCode/ProjectDataModel/RimEclipseResultCase.cpp:259
  [18] RiaImportEclipseCaseTools::openEclipseCaseShowTimeStepFilterImpl(QString const&, bool, bool, RifReaderSettings&) at ResInsight/ApplicationLibCode/Application/Tools/RiaImportEclipseCaseTools.cpp:372
  [19] RiaImportEclipseCaseTools::openEclipseCasesFromFile(QList<QString> const&, bool, std::map<QString, int, std::less<QString>, std::allocator<std::pair<QString const, int> > >*, bool, RifReaderSettings&) at ResInsight/ApplicationLibCode/Application/Tools/RiaImportEclipseCaseTools.cpp:107
  [20] RicImportGeneralDataFeature::openEclipseCaseFromFileNames(QList<QString> const&, bool, std::vector<int, std::allocator<int> >&, RifReaderSettings&) at ResInsight/ApplicationLibCode/Commands/RicImportGeneralDataFeature.cpp:365
  [21] RicImportGeneralDataFeature::openEclipseFilesFromFileNames(QList<QString> const&, bool, bool, RifReaderSettings&) at ResInsight/ApplicationLibCode/Commands/RicImportGeneralDataFeature.cpp:105
  [22] RicImportGeneralDataFeature::openEclipseFilesFromFileNames(QList<QString> const&, bool, bool) at ResInsight/ApplicationLibCode/Commands/RicImportGeneralDataFeature.cpp:56
  [23] RicImportGridModelFeature::onActionTriggered(bool) at ResInsight/ApplicationLibCode/Commands/EclipseCommands/RicImportGridModelFeature.cpp:81
  [24] caf::CmdFeature::actionTriggered(bool) at ResInsight/Fwk/AppFwk/cafCommand/cafCmdFeature.cpp:176
  [25]  at :0
  [26] QAction::triggered(bool) at :0
  [27] QAction::activate(QAction::ActionEvent) at :0
  [28]  at :0
  [29] QAbstractButton::mouseReleaseEvent(QMouseEvent*) at :0
  [30] QToolButton::mouseReleaseEvent(QMouseEvent*) at :0
  [31] QWidget::event(QEvent*) at :0
  [32] QApplicationPrivate::notify_helper(QObject*, QEvent*) at :0
  [33] QApplication::notify(QObject*, QEvent*) at :0
  [34] RiaGuiApplication::notify(QObject*, QEvent*) at ResInsight/ApplicationLibCode/Application/RiaGuiApplication.cpp:1828
  [35] QCoreApplication::notifyInternal2(QObject*, QEvent*) at :0
  [36] QApplicationPrivate::sendMouseEvent(QWidget*, QMouseEvent*, QWidget*, QWidget*, QWidget**, QPointer<QWidget>&, bool, bool) at :0
  [37]  at :0
  [38]  at :0
  [39] QApplicationPrivate::notify_helper(QObject*, QEvent*) at :0
  [40] RiaGuiApplication::notify(QObject*, QEvent*) at ResInsight/ApplicationLibCode/Application/RiaGuiApplication.cpp:1828
  [41] QCoreApplication::notifyInternal2(QObject*, QEvent*) at :0
  [42] QGuiApplicationPrivate::processMouseEvent(QWindowSystemInterfacePrivate::MouseEvent*) at :0
  [43] QWindowSystemInterface::sendWindowSystemEvents(QFlags<QEventLoop::ProcessEventsFlag>) at :0
  [44]  at :0
  [45] g_main_context_dispatch at :0
  [46] g_main_context_iterate.isra.20 at :0
  [47] g_main_context_iteration at :0
  [48] QEventDispatcherGlib::processEvents(QFlags<QEventLoop::ProcessEventsFlag>) at :0
  [49] QEventLoop::exec(QFlags<QEventLoop::ProcessEventsFlag>) at :0
  [50] QCoreApplication::exec() at :0
  [51] main at ResInsight/ApplicationExeCode/RiaMain.cpp:267
  [52] __libc_start_main at :0
  [53] _start at :0
  [54]  at :0
"
2026-07-07T15:30:02.351Z,2026.06.1,"  [0] performCrashLogging at ResInsight/ApplicationExeCode/RiaMainTools.cpp:170
  [1] manageTerminate() at ResInsight/ApplicationExeCode/RiaMainTools.cpp:239
  [2] __cxxabiv1::__terminate(void (*)()) at :0
  [3] std::terminate() at :0
  [4] __cxa_throw at :0
  [5] std::__throw_out_of_range(char const*) [clone .cold.4] at :0
  [6] std::map<std::__cxx11::basic_string<char, std::char_traits<char>, std::allocator<char> >, std::vector<int, std::allocator<int> >, std::less<std::__cxx11::basic_string<char, std::char_traits<char>, std::allocator<char> > >, std::allocator<std::pair<std::__cxx11::basic_string<char, std::char_traits<char>, std::allocator<char> > const, std::vector<int, std::allocator<int> > > > >::at(std::__cxx11::basic_string<char, std::char_traits<char>, std::allocator<char> > const&) const at /opt/rh/gcc-toolset-13/root/usr/include/c++/13/bits/stl_map.h:562
  [7] ecl_file_view_iget_named_file_kw at ResInsight/ThirdParty/Ert/lib/ecl/ecl_file_view.cpp:127
  [8] ecl_file_view_iget_named_kw at ResInsight/ThirdParty/Ert/lib/ecl/ecl_file_view.cpp:224
  [9] ecl_grid_alloc_EGRID__ at ResInsight/ThirdParty/Ert/lib/ecl/ecl_grid.cpp:3100
  [10] ecl_grid_alloc_EGRID_all_grids at ResInsight/ThirdParty/Ert/lib/ecl/ecl_grid.cpp:3181
  [11] RifReaderEclipseOutput::loadAllGrids() const at ResInsight/ApplicationLibCode/FileInterface/RifReaderEclipseOutput.cpp:1165
  [12] RifReaderEclipseOutput::open(QString const&, RigEclipseCaseData*) at ResInsight/ApplicationLibCode/FileInterface/RifReaderEclipseOutput.cpp:393
  [13] RimEclipseResultCase::importGridAndResultMetaData(bool) at ResInsight/ApplicationLibCode/ProjectDataModel/RimEclipseResultCase.cpp:259
  [14] RiaImportEclipseCaseTools::openEclipseCaseShowTimeStepFilterImpl(QString const&, bool, bool, RifReaderSettings&) at ResInsight/ApplicationLibCode/Application/Tools/RiaImportEclipseCaseTools.cpp:372
  [15] RiaImportEclipseCaseTools::openEclipseCasesFromFile(QList<QString> const&, bool, std::map<QString, int, std::less<QString>, std::allocator<std::pair<QString const, int> > >*, bool, RifReaderSettings&) at ResInsight/ApplicationLibCode/Application/Tools/RiaImportEclipseCaseTools.cpp:107
  [16] RicImportGeneralDataFeature::openEclipseCaseFromFileNames(QList<QString> const&, bool, std::vector<int, std::allocator<int> >&, RifReaderSettings&) at ResInsight/ApplicationLibCode/Commands/RicImportGeneralDataFeature.cpp:365
  [17] RicImportGeneralDataFeature::openEclipseFilesFromFileNames(QList<QString> const&, bool, bool, RifReaderSettings&) at ResInsight/ApplicationLibCode/Commands/RicImportGeneralDataFeature.cpp:105
  [18] RicImportGeneralDataFeature::openEclipseFilesFromFileNames(QList<QString> const&, bool, bool) at ResInsight/ApplicationLibCode/Commands/RicImportGeneralDataFeature.cpp:56
  [19] RicImportGridModelFeature::onActionTriggered(bool) at ResInsight/ApplicationLibCode/Commands/EclipseCommands/RicImportGridModelFeature.cpp:81
  [20] caf::CmdFeature::actionTriggered(bool) at ResInsight/Fwk/AppFwk/cafCommand/cafCmdFeature.cpp:176
  [21]  at :0
  [22] QAction::triggered(bool) at :0
  [23] QAction::activate(QAction::ActionEvent) at :0
  [24]  at :0
  [25] QAbstractButton::mouseReleaseEvent(QMouseEvent*) at :0
  [26] QToolButton::mouseReleaseEvent(QMouseEvent*) at :0
  [27] QWidget::event(QEvent*) at :0
  [28] QApplicationPrivate::notify_helper(QObject*, QEvent*) at :0
  [29] QApplication::notify(QObject*, QEvent*) at :0
  [30] RiaGuiApplication::notify(QObject*, QEvent*) at ResInsight/ApplicationLibCode/Application/RiaGuiApplication.cpp:1828
  [31] QCoreApplication::notifyInternal2(QObject*, QEvent*) at :0
  [32] QApplicationPrivate::sendMouseEvent(QWidget*, QMouseEvent*, QWidget*, QWidget*, QWidget**, QPointer<QWidget>&, bool, bool) at :0
  [33]  at :0
  [34]  at :0
  [35] QApplicationPrivate::notify_helper(QObject*, QEvent*) at :0
  [36] RiaGuiApplication::notify(QObject*, QEvent*) at ResInsight/ApplicationLibCode/Application/RiaGuiApplication.cpp:1828
  [37] QCoreApplication::notifyInternal2(QObject*, QEvent*) at :0
  [38] QGuiApplicationPrivate::processMouseEvent(QWindowSystemInterfacePrivate::MouseEvent*) at :0
  [39] QWindowSystemInterface::sendWindowSystemEvents(QFlags<QEventLoop::ProcessEventsFlag>) at :0
  [40]  at :0
  [41] g_main_context_dispatch at :0
  [42] g_main_context_iterate.isra.20 at :0
  [43] g_main_context_iteration at :0
  [44] QEventDispatcherGlib::processEvents(QFlags<QEventLoop::ProcessEventsFlag>) at :0
  [45] QEventLoop::exec(QFlags<QEventLoop::ProcessEventsFlag>) at :0
  [46] QCoreApplication::exec() at :0
  [47] main at ResInsight/ApplicationExeCode/RiaMain.cpp:267
  [48] __libc_start_main at :0
  [49] _start at :0
  [50]  at :0
"
2026-07-07T10:11:07.55Z,2026.06.1,"  [0] performCrashLogging at ResInsight/ApplicationExeCode/RiaMainTools.cpp:170
  [1] manageSegFailureSA(int, siginfo_t*, void*) at ResInsight/ApplicationExeCode/RiaMainTools.cpp:302
  [2]  at :0
  [3] RimFractureTemplate::orientationType() const at ResInsight/ApplicationLibCode/ProjectDataModel/Completions/RimFractureTemplate.cpp:257
  [4] RimFracture::startMD() const at ResInsight/ApplicationLibCode/ProjectDataModel/Completions/RimFracture.cpp:366
  [5] RicWellPathExportMswTableData::computeIntitialMeasuredDepth(RimEclipseCase const*, RimWellPath const*, RimMswCompletionParameters const*, std::vector<WellPathCellIntersectionInfo, std::allocator<WellPathCellIntersectionInfo> > const&) at ResInsight/ApplicationLibCode/Commands/CompletionExportCommands/RicWellPathExportMswTableData.cpp:759
  [6] RicWellPathExportMswTableData::extractSingleWellMsw_Legacy[abi:cxx11](RimEclipseCase*, RimWellPath*, bool, RicWellPathExportMswTableData::CompletionType, std::optional<QDateTime> const&) at ResInsight/ApplicationLibCode/Commands/CompletionExportCommands/RicWellPathExportMswTableData.cpp:142
  [7] RicWellPathExportMswTableData::extractSingleWellMswData[abi:cxx11](RimEclipseCase*, RimWellPath*, bool, RicWellPathExportMswTableData::CompletionType, std::optional<QDateTime> const&) at ResInsight/ApplicationLibCode/Commands/CompletionExportCommands/RicWellPathExportMswTableData.cpp:85
  [8] internal::exportSplitMswData(RicExportCompletionDataSettingsUi const&, QString const&, std::vector<RimWellPath*, std::allocator<RimWellPath*> > const&) at ResInsight/ApplicationLibCode/Commands/CompletionExportCommands/RicWellPathExportMswCompletionsImpl.cpp:151
  [9] RicWellPathExportCompletionDataFeature::prepareExportSettingsAndExportCompletions(QString const&, std::vector<RimWellPath*, std::allocator<RimWellPath*> > const&) at ResInsight/ApplicationLibCode/Commands/CompletionExportCommands/RicWellPathExportCompletionDataFeature.cpp:178
  [10] RicWellPathExportCompletionDataFeature::onActionTriggered(bool) at ResInsight/ApplicationLibCode/Commands/CompletionExportCommands/RicWellPathExportCompletionDataFeature.cpp:201
  [11] caf::CmdFeature::actionTriggered(bool) at ResInsight/Fwk/AppFwk/cafCommand/cafCmdFeature.cpp:176
  [12]  at :0
  [13] QAction::triggered(bool) at :0
  [14] QAction::activate(QAction::ActionEvent) at :0
  [15]  at :0
  [16]  at :0
  [17] QWidget::event(QEvent*) at :0
  [18] QApplicationPrivate::notify_helper(QObject*, QEvent*) at :0
  [19] QApplication::notify(QObject*, QEvent*) at :0
  [20] RiaGuiApplication::notify(QObject*, QEvent*) at ResInsight/ApplicationLibCode/Application/RiaGuiApplication.cpp:1828
  [21] QCoreApplication::notifyInternal2(QObject*, QEvent*) at :0
  [22] QApplicationPrivate::sendMouseEvent(QWidget*, QMouseEvent*, QWidget*, QWidget*, QWidget**, QPointer<QWidget>&, bool, bool) at :0
  [23]  at :0
  [24]  at :0
  [25] QApplicationPrivate::notify_helper(QObject*, QEvent*) at :0
  [26] RiaGuiApplication::notify(QObject*, QEvent*) at ResInsight/ApplicationLibCode/Application/RiaGuiApplication.cpp:1828
  [27] QCoreApplication::notifyInternal2(QObject*, QEvent*) at :0
  [28] QGuiApplicationPrivate::processMouseEvent(QWindowSystemInterfacePrivate::MouseEvent*) at :0
  [29] QWindowSystemInterface::sendWindowSystemEvents(QFlags<QEventLoop::ProcessEventsFlag>) at :0
  [30]  at :0
  [31] g_main_context_dispatch at :0
  [32] g_main_context_iterate.isra.20 at :0
  [33] g_main_context_iteration at :0
  [34] QEventDispatcherGlib::processEvents(QFlags<QEventLoop::ProcessEventsFlag>) at :0
  [35] QEventLoop::exec(QFlags<QEventLoop::ProcessEventsFlag>) at :0
  [36]  at :0
  [37] QMenu::exec(QPoint const&, QAction*) at :0
  [38] RiuMainWindow::customMenuRequested(QPoint const&) at ResInsight/ApplicationLibCode/UserInterface/RiuMainWindow.cpp:2092
  [39]  at :0
  [40] QWidget::customContextMenuRequested(QPoint const&) at :0
  [41] QWidget::event(QEvent*) at :0
  [42] QFrame::event(QEvent*) at :0
  [43] QCoreApplicationPrivate::sendThroughObjectEventFilters(QObject*, QEvent*) at :0
  [44] QApplicationPrivate::notify_helper(QObject*, QEvent*) at :0
  [45] QApplication::notify(QObject*, QEvent*) at :0
  [46] RiaGuiApplication::notify(QObject*, QEvent*) at ResInsight/ApplicationLibCode/Application/RiaGuiApplication.cpp:1828
  [47] QCoreApplication::notifyInternal2(QObject*, QEvent*) at :0
  [48]  at :0
  [49]  at :0
  [50] QApplicationPrivate::notify_helper(QObject*, QEvent*) at :0
  [51] RiaGuiApplication::notify(QObject*, QEvent*) at ResInsight/ApplicationLibCode/Application/RiaGuiApplication.cpp:1828
  [52] QCoreApplication::notifyInternal2(QObject*, QEvent*) at :0
  [53] QGuiApplicationPrivate::processMouseEvent(QWindowSystemInterfacePrivate::MouseEvent*) at :0
  [54] QWindowSystemInterface::sendWindowSystemEvents(QFlags<QEventLoop::ProcessEventsFlag>) at :0
  [55]  at :0
  [56] g_main_context_dispatch at :0
  [57] g_main_context_iterate.isra.20 at :0
  [58] g_main_context_iteration at :0
  [59] QEventDispatcherGlib::processEvents(QFlags<QEventLoop::ProcessEventsFlag>) at :0
  [60] QEventLoop::exec(QFlags<QEventLoop::ProcessEventsFlag>) at :0
  [61] QCoreApplication::exec() at :0
  [62] main at ResInsight/ApplicationExeCode/RiaMain.cpp:267
  [63] __libc_start_main at :0
  [64] _start at :0
  [65]  at :0
"
2026-07-07T08:18:40.066Z,2026.06.1,"  [0] performCrashLogging at ResInsight/ApplicationExeCode/RiaMainTools.cpp:170
  [1] manageSegFailureSA(int, siginfo_t*, void*) at ResInsight/ApplicationExeCode/RiaMainTools.cpp:302
  [2]  at :0
  [3] __GI_raise at :0
  [4] __GI_abort at :0
  [5] cvf::AssertHandlerConsole::handleAssert(char const*, int, char const*, char const*) at ResInsight/Fwk/VizFwk/LibCore/cvfAssert.cpp:125
  [6] cvf::DrawableVectors::setVectors(cvf::Array<cvf::Vector3<float> >*, cvf::Array<cvf::Vector3<float> >*) at ResInsight/Fwk/VizFwk/LibRender/cvfDrawableVectors.cpp:137
  [7] RivWellPathPartMgr::buildWellPathParts(caf::DisplayCoordTransform const*, double, cvf::BoundingBox const&, bool) at ResInsight/ApplicationLibCode/ModelVisualization/RivWellPathPartMgr.cpp:964
  [8] RivWellPathPartMgr::appendStaticGeometryPartsToModel(cvf::ModelBasicList*, caf::DisplayCoordTransform const*, double, cvf::BoundingBox const&) at ResInsight/ApplicationLibCode/ModelVisualization/RivWellPathPartMgr.cpp:1006
  [9] RivWellPathsPartMgr::appendStaticGeometryPartsToModel(cvf::ModelBasicList*, caf::DisplayCoordTransform const*, double, cvf::BoundingBox const&) at ResInsight/ApplicationLibCode/ModelVisualization/RivWellPathsPartMgr.cpp:56
  [10] Rim3dView::addWellPathsToModel(cvf::ModelBasicList*, cvf::BoundingBox const&, double) at ResInsight/ApplicationLibCode/ProjectDataModel/Rim3dView.cpp:1076
  [11] RimEclipseView::onCreateDisplayModel() at ResInsight/ApplicationLibCode/ProjectDataModel/RimEclipseView.cpp:821
  [12] Rim3dView::createDisplayModelAndRedraw() at ResInsight/ApplicationLibCode/ProjectDataModel/Rim3dView.cpp:718
  [13] RiaViewRedrawScheduler::updateAndRedrawScheduledViews() at ResInsight/ApplicationLibCode/Application/RiaViewRedrawScheduler.cpp:93
  [14]  at :0
  [15] QTimer::timeout(QTimer::QPrivateSignal) at :0
  [16] QObject::event(QEvent*) at :0
  [17] QApplicationPrivate::notify_helper(QObject*, QEvent*) at :0
  [18] RiaGuiApplication::notify(QObject*, QEvent*) at ResInsight/ApplicationLibCode/Application/RiaGuiApplication.cpp:1828
  [19] QCoreApplication::notifyInternal2(QObject*, QEvent*) at :0
  [20] QTimerInfoList::activateTimers() at :0
  [21]  at :0
  [22] g_main_context_dispatch at :0
  [23] g_main_context_iterate.isra.20 at :0
  [24] g_main_context_iteration at :0
  [25] QEventDispatcherGlib::processEvents(QFlags<QEventLoop::ProcessEventsFlag>) at :0
  [26] QEventLoop::exec(QFlags<QEventLoop::ProcessEventsFlag>) at :0
  [27] QCoreApplication::exec() at :0
  [28] main at ResInsight/ApplicationExeCode/RiaMain.cpp:267
  [29] __libc_start_main at :0
  [30] _start at :0
  [31]  at :0
"
2026-07-06T19:25:23.227Z,2026.06.1,"  [0] performCrashLogging at ResInsight/ApplicationExeCode/RiaMainTools.cpp:170
  [1] manageSegFailureSA(int, siginfo_t*, void*) at ResInsight/ApplicationExeCode/RiaMainTools.cpp:302
  [2]  at :0
  [3] std::vector<double, std::allocator<double> >::size() const at /opt/rh/gcc-toolset-13/root/usr/include/c++/13/bits/stl_vector.h:993
  [4] RigFlowDiagResults::calculateDerivedResult(RigFlowDiagResultAddress const&, unsigned long) at ResInsight/ApplicationLibCode/ReservoirDataModel/RigFlowDiagResults.cpp:209
  [5] RigFlowDiagResults::findOrCalculateResult(RigFlowDiagResultAddress const&, unsigned long) at ResInsight/ApplicationLibCode/ReservoirDataModel/RigFlowDiagResults.cpp:93
  [6] RigFlowDiagStatCalc::minMaxCellScalarValues(unsigned long, double&, double&) at ResInsight/ApplicationLibCode/ReservoirDataModel/RigFlowDiagStatCalc.cpp:49
  [7] RigStatisticsDataCache::minMaxCellScalarValues(unsigned long, double&, double&) at ResInsight/ApplicationLibCode/ResultStatisticsCache/RigStatisticsDataCache.cpp:119
  [8] RimEclipseResultDefinitionTools::updateLegendForFlowDiagnostics(RimEclipseResultDefinition const*, RimRegularLegendConfig*, int) at ResInsight/ApplicationLibCode/ProjectDataModel/RimEclipseResultDefinitionTools.cpp:422
  [9] RimEclipseResultDefinition::updateRangesForExplicitLegends(RimRegularLegendConfig*, RimTernaryLegendConfig*, int, RimEclipseView*) at ResInsight/ApplicationLibCode/ProjectDataModel/RimEclipseResultDefinition.cpp:1705
  [10] RimEclipseView::updateLegendRangesTextAndVisibility(RimRegularLegendConfig*, RimTernaryLegendConfig*, QString, RimEclipseResultDefinition*, int) at ResInsight/ApplicationLibCode/ProjectDataModel/RimEclipseView.cpp:1699
  [11] RimEclipseView::onUpdateLegends() at ResInsight/ApplicationLibCode/ProjectDataModel/RimEclipseView.cpp:1568
  [12] RimEclipseView::onCreateDisplayModel() at ResInsight/ApplicationLibCode/ProjectDataModel/RimEclipseView.cpp:854
  [13] Rim3dView::createDisplayModelAndRedraw() at ResInsight/ApplicationLibCode/ProjectDataModel/Rim3dView.cpp:718
  [14] RiaViewRedrawScheduler::updateAndRedrawScheduledViews() at ResInsight/ApplicationLibCode/Application/RiaViewRedrawScheduler.cpp:93
  [15]  at :0
  [16] QTimer::timeout(QTimer::QPrivateSignal) at :0
  [17] QObject::event(QEvent*) at :0
  [18] QApplicationPrivate::notify_helper(QObject*, QEvent*) at :0
  [19] RiaGuiApplication::notify(QObject*, QEvent*) at ResInsight/ApplicationLibCode/Application/RiaGuiApplication.cpp:1828
  [20] QCoreApplication::notifyInternal2(QObject*, QEvent*) at :0
  [21] QTimerInfoList::activateTimers() at :0
  [22]  at :0
  [23] g_main_context_dispatch at :0
  [24] g_main_context_iterate.isra.20 at :0
  [25] g_main_context_iteration at :0
  [26] QEventDispatcherGlib::processEvents(QFlags<QEventLoop::ProcessEventsFlag>) at :0
  [27] QEventLoop::exec(QFlags<QEventLoop::ProcessEventsFlag>) at :0
  [28] QCoreApplication::exec() at :0
  [29] main at ResInsight/ApplicationExeCode/RiaMain.cpp:267
  [30] __libc_start_main at :0
  [31] _start at :0
  [32]  at :0
"
2026-07-06T11:10:21.884Z,2026.06.1,"  [0] performCrashLogging at ResInsight/ApplicationExeCode/RiaMainTools.cpp:170
  [1] manageSegFailureSA(int, siginfo_t*, void*) at ResInsight/ApplicationExeCode/RiaMainTools.cpp:302
  [2]  at :0
  [3] RimEclipseCase::eclipseCaseData() at ResInsight/ApplicationLibCode/ProjectDataModel/RimEclipseCase.cpp:196
  [4] RimSimWellInView::pipeRadius() at ResInsight/ApplicationLibCode/ProjectDataModel/RimSimWellInView.cpp:276
  [5] RivSimWellPipesPartMgr::buildWellPipeParts(caf::DisplayCoordTransform const*, bool, double, int, unsigned long) at ResInsight/ApplicationLibCode/ModelVisualization/RivSimWellPipesPartMgr.cpp:175
  [6] RivSimWellPipesPartMgr::appendDynamicGeometryPartsToModel(cvf::ModelBasicList*, unsigned long, caf::DisplayCoordTransform const*) at ResInsight/ApplicationLibCode/ModelVisualization/RivSimWellPipesPartMgr.cpp:98
  [7] RivReservoirSimWellsPartMgr::appendDynamicGeometryPartsToModel(cvf::ModelBasicList*, unsigned long) at ResInsight/ApplicationLibCode/ModelVisualization/RivReservoirSimWellsPartMgr.cpp:110
  [8] RimEclipseView::appendWellsAndFracturesToModel() at ResInsight/ApplicationLibCode/ProjectDataModel/RimEclipseView.cpp:1153
  [9] RimEclipseView::onUpdateDisplayModelForCurrentTimeStep() at ResInsight/ApplicationLibCode/ProjectDataModel/RimEclipseView.cpp:957
  [10] Rim3dView::updateDisplayModelForCurrentTimeStepAndRedraw() at ResInsight/ApplicationLibCode/ProjectDataModel/Rim3dView.cpp:673
  [11] RiuViewer::setCurrentFrame(int) at ResInsight/ApplicationLibCode/UserInterface/RiuViewer.cpp:1042
  [12] RiuViewer::slotSetCurrentFrame(int) at ResInsight/ApplicationLibCode/UserInterface/RiuViewer.cpp:357
  [13] RiuMainWindow::slotAnimationSliderMoved(int) at ResInsight/ApplicationLibCode/UserInterface/RiuMainWindow.cpp:1970
  [14]  at :0
  [15] QAbstractSlider::valueChanged(int) at :0
  [16] QAbstractSlider::setValue(int) at :0
  [17] QSlider::mousePressEvent(QMouseEvent*) at :0
  [18] QWidget::event(QEvent*) at :0
  [19] QApplicationPrivate::notify_helper(QObject*, QEvent*) at :0
  [20] QApplication::notify(QObject*, QEvent*) at :0
  [21] RiaGuiApplication::notify(QObject*, QEvent*) at ResInsight/ApplicationLibCode/Application/RiaGuiApplication.cpp:1828
  [22] QCoreApplication::notifyInternal2(QObject*, QEvent*) at :0
  [23] QApplicationPrivate::sendMouseEvent(QWidget*, QMouseEvent*, QWidget*, QWidget*, QWidget**, QPointer<QWidget>&, bool, bool) at :0
  [24]  at :0
  [25]  at :0
  [26] QApplicationPrivate::notify_helper(QObject*, QEvent*) at :0
  [27] RiaGuiApplication::notify(QObject*, QEvent*) at ResInsight/ApplicationLibCode/Application/RiaGuiApplication.cpp:1828
  [28] QCoreApplication::notifyInternal2(QObject*, QEvent*) at :0
  [29] QGuiApplicationPrivate::processMouseEvent(QWindowSystemInterfacePrivate::MouseEvent*) at :0
  [30] QWindowSystemInterface::sendWindowSystemEvents(QFlags<QEventLoop::ProcessEventsFlag>) at :0
  [31]  at :0
  [32] g_main_context_dispatch at :0
  [33] g_main_context_iterate.isra.20 at :0
  [34] g_main_context_iteration at :0
  [35] QEventDispatcherGlib::processEvents(QFlags<QEventLoop::ProcessEventsFlag>) at :0
  [36] QEventLoop::exec(QFlags<QEventLoop::ProcessEventsFlag>) at :0
  [37] QCoreApplication::exec() at :0
  [38] main at ResInsight/ApplicationExeCode/RiaMain.cpp:267
  [39] __libc_start_main at :0
  [40] _start at :0
  [41]  at :0
"
2026-07-05T09:37:14.91Z,2026.02.1,"  [0] performCrashLogging at ResInsight/ApplicationExeCode/RiaMainTools.cpp:147
  [1] manageSegFailureSA(int, siginfo_t*, void*) at ResInsight/ApplicationExeCode/RiaMainTools.cpp:227
  [2]  at :0
  [3] __GI_raise at :0
  [4] __GI_abort at :0
  [5] RigTransmissibilityCondenser::calculateCondensedTransmissibilities() at ResInsight/ApplicationLibCode/ReservoirDataModel/Completions/RigTransmissibilityCondenser.cpp:336
  [6] RigTransmissibilityCondenser::externalCells() at ResInsight/ApplicationLibCode/ReservoirDataModel/Completions/RigTransmissibilityCondenser.cpp:110
  [7] RicExportFractureCompletionsImpl::calculateMatrixToWellTransmissibilities(RigTransmissibilityCondenser&) at ResInsight/ApplicationLibCode/Commands/CompletionExportCommands/RicExportFractureCompletionsImpl.cpp:710
  [8] RicExportFractureCompletionsImpl::generateCompdatValuesConst(RimEclipseCase const*, QString const&, RigWellPath const*, std::vector<RimFracture const*, std::allocator<RimFracture const*> > const&, std::vector<RicWellPathFractureReportItem, std::allocator<RicWellPathFractureReportItem> >*, QTextStream*, RicExportFractureCompletionsImpl::PressureDepletionParameters) [clone ._omp_fn.0] at ResInsight/ApplicationLibCode/Commands/CompletionExportCommands/RicExportFractureCompletionsImpl.cpp:305
  [9] gomp_thread_start at :0
  [10] start_thread at :0
  [11] __GI___clone at :0
  [12]  at :0
"
2026-07-05T09:37:14.858Z,2026.02.1,"  [0] performCrashLogging at ResInsight/ApplicationExeCode/RiaMainTools.cpp:147
  [1] manageSegFailureSA(int, siginfo_t*, void*) at ResInsight/ApplicationExeCode/RiaMainTools.cpp:227
  [2]  at :0
  [3] __GI_raise at :0
  [4] __GI_abort at :0
  [5] RigTransmissibilityCondenser::calculateCondensedTransmissibilities() at ResInsight/ApplicationLibCode/ReservoirDataModel/Completions/RigTransmissibilityCondenser.cpp:336
  [6] RigTransmissibilityCondenser::externalCells() at ResInsight/ApplicationLibCode/ReservoirDataModel/Completions/RigTransmissibilityCondenser.cpp:110
  [7] RicExportFractureCompletionsImpl::calculateMatrixToWellTransmissibilities(RigTransmissibilityCondenser&) at ResInsight/ApplicationLibCode/Commands/CompletionExportCommands/RicExportFractureCompletionsImpl.cpp:710
  [8] RicExportFractureCompletionsImpl::generateCompdatValuesConst(RimEclipseCase const*, QString const&, RigWellPath const*, std::vector<RimFracture const*, std::allocator<RimFracture const*> > const&, std::vector<RicWellPathFractureReportItem, std::allocator<RicWellPathFractureReportItem> >*, QTextStream*, RicExportFractureCompletionsImpl::PressureDepletionParameters) [clone ._omp_fn.0] at ResInsight/ApplicationLibCode/Commands/CompletionExportCommands/RicExportFractureCompletionsImpl.cpp:305
  [9] GOMP_parallel at :0
  [10] RicExportFractureCompletionsImpl::generateCompdatValuesConst(RimEclipseCase const*, QString const&, RigWellPath const*, std::vector<RimFracture const*, std::allocator<RimFracture const*> > const&, std::vector<RicWellPathFractureReportItem, std::allocator<RicWellPathFractureReportItem> >*, QTextStream*, RicExportFractureCompletionsImpl::PressureDepletionParameters) at ResInsight/ApplicationLibCode/Commands/CompletionExportCommands/RicExportFractureCompletionsImpl.cpp:257
  [11] RicExportFractureCompletionsImpl::generateCompdatValues(RimEclipseCase*, QString const&, RigWellPath const*, std::vector<RimFracture const*, std::allocator<RimFracture const*> > const&, std::vector<RicWellPathFractureReportItem, std::allocator<RicWellPathFractureReportItem> >*, QTextStream*, RicExportFractureCompletionsImpl::PressureDepletionParameters) at ResInsight/ApplicationLibCode/Commands/CompletionExportCommands/RicExportFractureCompletionsImpl.cpp:169
  [12] RicExportFractureCompletionsImpl::generateCompdatValuesForWellPath(RimWellPath*, RimEclipseCase*, std::vector<RicWellPathFractureReportItem, std::allocator<RicWellPathFractureReportItem> >*, QTextStream*, RicExportFractureCompletionsImpl::PressureDepletionParameters) at ResInsight/ApplicationLibCode/Commands/CompletionExportCommands/RicExportFractureCompletionsImpl.cpp:94
  [13] RicWellPathExportCompletionDataFeatureImpl::exportCompletions(std::vector<RimWellPath*, std::allocator<RimWellPath*> > const&, RicExportCompletionDataSettingsUi const&) at ResInsight/ApplicationLibCode/Commands/CompletionExportCommands/RicWellPathExportCompletionDataFeatureImpl.cpp:227
  [14] RicfExportWellPathCompletions::execute() at ResInsight/ApplicationLibCode/CommandFileInterface/RicfExportWellPathCompletions.cpp:184
  [15] RiaGrpcCommandService::Execute(grpc::ServerContext*, rips::CommandParams const*, rips::CommandReply*) at ResInsight/GrpcInterface/RiaGrpcCommandService.cpp:92
  [16] grpc::Status std::__invoke_impl<grpc::Status, grpc::Status (RiaGrpcCommandService::*&)(grpc::ServerContext*, rips::CommandParams const*, rips::CommandReply*), RiaGrpcCommandService&, grpc::ServerContext*, rips::CommandParams const*, rips::CommandReply*>(std::__invoke_memfun_ref, grpc::Status (RiaGrpcCommandService::*&)(grpc::ServerContext*, rips::CommandParams const*, rips::CommandReply*), RiaGrpcCommandService&, grpc::ServerContext*&&, rips::CommandParams const*&&, rips::CommandReply*&&) at /opt/rh/gcc-toolset-13/root/usr/include/c++/13/bits/invoke.h:67
  [17] std::function<grpc::Status (RiaGrpcCommandService&, grpc::ServerContext*, rips::CommandParams const*, rips::CommandReply*)>::operator()(RiaGrpcCommandService&, grpc::ServerContext*, rips::CommandParams const*, rips::CommandReply*) const at /opt/rh/gcc-toolset-13/root/usr/include/c++/13/bits/std_function.h:591
  [18] RiaGrpcServerImpl::processAllQueuedRequests() at ResInsight/GrpcInterface/RiaGrpcServer.cpp:197
  [19] RiaGrpcApplicationInterface::processRequests() at ResInsight/GrpcInterface/RiaGrpcApplicationInterface.cpp:115
  [20] RiaGrpcConsoleApplication::doIdleProcessing() at ResInsight/ApplicationExeCode/RiaGrpcConsoleApplication.cpp:33
  [21]  at :0
  [22] QTimer::timeout(QTimer::QPrivateSignal) at :0
  [23] QObject::event(QEvent*) at :0
  [24] QCoreApplication::notifyInternal2(QObject*, QEvent*) at :0
  [25] QTimerInfoList::activateTimers() at :0
  [26]  at :0
  [27] g_main_context_dispatch at :0
  [28] g_main_context_iterate.isra.20 at :0
  [29] g_main_context_iteration at :0
  [30] QEventDispatcherGlib::processEvents(QFlags<QEventLoop::ProcessEventsFlag>) at :0
  [31] QEventLoop::exec(QFlags<QEventLoop::ProcessEventsFlag>) at :0
  [32] QCoreApplication::exec() at :0
  [33] main at ResInsight/ApplicationExeCode/RiaMain.cpp:226
  [34] __libc_start_main at :0
  [35] _start at :0
  [36]  at :0
"
2026-07-05T09:37:14.779Z,2026.02.1,"  [0] performCrashLogging at ResInsight/ApplicationExeCode/RiaMainTools.cpp:147
  [1] manageSegFailureSA(int, siginfo_t*, void*) at ResInsight/ApplicationExeCode/RiaMainTools.cpp:227
  [2]  at :0
  [3] __GI_raise at :0
  [4] __GI_abort at :0
  [5] RigTransmissibilityCondenser::calculateCondensedTransmissibilities() at ResInsight/ApplicationLibCode/ReservoirDataModel/Completions/RigTransmissibilityCondenser.cpp:336
  [6] RigTransmissibilityCondenser::externalCells() at ResInsight/ApplicationLibCode/ReservoirDataModel/Completions/RigTransmissibilityCondenser.cpp:110
  [7] RicExportFractureCompletionsImpl::calculateMatrixToWellTransmissibilities(RigTransmissibilityCondenser&) at ResInsight/ApplicationLibCode/Commands/CompletionExportCommands/RicExportFractureCompletionsImpl.cpp:710
  [8] RicExportFractureCompletionsImpl::generateCompdatValuesConst(RimEclipseCase const*, QString const&, RigWellPath const*, std::vector<RimFracture const*, std::allocator<RimFracture const*> > const&, std::vector<RicWellPathFractureReportItem, std::allocator<RicWellPathFractureReportItem> >*, QTextStream*, RicExportFractureCompletionsImpl::PressureDepletionParameters) [clone ._omp_fn.0] at ResInsight/ApplicationLibCode/Commands/CompletionExportCommands/RicExportFractureCompletionsImpl.cpp:305
  [9] gomp_thread_start at :0
  [10] start_thread at :0
  [11] __GI___clone at :0
  [12]  at :0
"
2026-07-05T09:37:14.76Z,2026.02.1,"  [0] performCrashLogging at ResInsight/ApplicationExeCode/RiaMainTools.cpp:147
  [1] manageSegFailureSA(int, siginfo_t*, void*) at ResInsight/ApplicationExeCode/RiaMainTools.cpp:227
  [2]  at :0
  [3] __GI_raise at :0
  [4] __GI_abort at :0
  [5] RigTransmissibilityCondenser::calculateCondensedTransmissibilities() at ResInsight/ApplicationLibCode/ReservoirDataModel/Completions/RigTransmissibilityCondenser.cpp:336
  [6] RigTransmissibilityCondenser::externalCells() at ResInsight/ApplicationLibCode/ReservoirDataModel/Completions/RigTransmissibilityCondenser.cpp:110
  [7] RicExportFractureCompletionsImpl::calculateMatrixToWellTransmissibilities(RigTransmissibilityCondenser&) at ResInsight/ApplicationLibCode/Commands/CompletionExportCommands/RicExportFractureCompletionsImpl.cpp:710
  [8] RicExportFractureCompletionsImpl::generateCompdatValuesConst(RimEclipseCase const*, QString const&, RigWellPath const*, std::vector<RimFracture const*, std::allocator<RimFracture const*> > const&, std::vector<RicWellPathFractureReportItem, std::allocator<RicWellPathFractureReportItem> >*, QTextStream*, RicExportFractureCompletionsImpl::PressureDepletionParameters) [clone ._omp_fn.0] at ResInsight/ApplicationLibCode/Commands/CompletionExportCommands/RicExportFractureCompletionsImpl.cpp:305
  [9] gomp_thread_start at :0
  [10] start_thread at :0
  [11] __GI___clone at :0
  [12]  at :0
"
2026-07-05T09:37:14.76Z,2026.02.1,"  [0] performCrashLogging at ResInsight/ApplicationExeCode/RiaMainTools.cpp:147
  [1] manageSegFailureSA(int, siginfo_t*, void*) at ResInsight/ApplicationExeCode/RiaMainTools.cpp:227
  [2]  at :0
  [3] __GI_raise at :0
  [4] __GI_abort at :0
  [5] RigTransmissibilityCondenser::calculateCondensedTransmissibilities() at ResInsight/ApplicationLibCode/ReservoirDataModel/Completions/RigTransmissibilityCondenser.cpp:336
  [6] RigTransmissibilityCondenser::externalCells() at ResInsight/ApplicationLibCode/ReservoirDataModel/Completions/RigTransmissibilityCondenser.cpp:110
  [7] RicExportFractureCompletionsImpl::calculateMatrixToWellTransmissibilities(RigTransmissibilityCondenser&) at ResInsight/ApplicationLibCode/Commands/CompletionExportCommands/RicExportFractureCompletionsImpl.cpp:710
  [8] RicExportFractureCompletionsImpl::generateCompdatValuesConst(RimEclipseCase const*, QString const&, RigWellPath const*, std::vector<RimFracture const*, std::allocator<RimFracture const*> > const&, std::vector<RicWellPathFractureReportItem, std::allocator<RicWellPathFractureReportItem> >*, QTextStream*, RicExportFractureCompletionsImpl::PressureDepletionParameters) [clone ._omp_fn.0] at ResInsight/ApplicationLibCode/Commands/CompletionExportCommands/RicExportFractureCompletionsImpl.cpp:305
  [9] gomp_thread_start at :0
  [10] start_thread at :0
  [11] __GI___clone at :0
  [12]  at :0
"
2026-07-05T08:57:10.062Z,2026.02.1,"  [0] performCrashLogging at ResInsight/ApplicationExeCode/RiaMainTools.cpp:147
  [1] manageSegFailureSA(int, siginfo_t*, void*) at ResInsight/ApplicationExeCode/RiaMainTools.cpp:227
  [2]  at :0
  [3] __GI_read at :0
  [4] __GI__IO_file_seekoff at :0
  [5] __GI_fseek at :0
  [6] fortio_fseek__ at ResInsight/ThirdParty/Ert/lib/ecl/fortio.c:756
  [7] ecl_file_scan at ResInsight/ThirdParty/Ert/lib/ecl/ecl_file.cpp:538
  [8] ecl_grid_alloc_EGRID_all_grids at ResInsight/ThirdParty/Ert/lib/ecl/ecl_grid.cpp:3103
  [9] RifReaderEclipseOutput::loadAllGrids() const at ResInsight/ApplicationLibCode/FileInterface/RifReaderEclipseOutput.cpp:1161
  [10] RifReaderEclipseOutput::open(QString const&, RigEclipseCaseData*) at ResInsight/ApplicationLibCode/FileInterface/RifReaderEclipseOutput.cpp:389
  [11] RimEclipseResultCase::importGridAndResultMetaData(bool) at ResInsight/ApplicationLibCode/ProjectDataModel/RimEclipseResultCase.cpp:261
  [12] RiaImportEclipseCaseTools::openEclipseCaseShowTimeStepFilterImpl(QString const&, bool, bool, RifReaderSettings&) at ResInsight/ApplicationLibCode/Application/Tools/RiaImportEclipseCaseTools.cpp:372
  [13] RiaImportEclipseCaseTools::openEclipseCasesFromFile(QList<QString> const&, bool, std::map<QString, int, std::less<QString>, std::allocator<std::pair<QString const, int> > >*, bool, RifReaderSettings&) at ResInsight/ApplicationLibCode/Application/Tools/RiaImportEclipseCaseTools.cpp:107
  [14] RicImportGeneralDataFeature::openEclipseCaseFromFileNames(QList<QString> const&, bool, std::vector<int, std::allocator<int> >&, RifReaderSettings&) at ResInsight/ApplicationLibCode/Commands/RicImportGeneralDataFeature.cpp:362
  [15] RicImportGeneralDataFeature::openEclipseFilesFromFileNames(QList<QString> const&, bool, bool, RifReaderSettings&) at ResInsight/ApplicationLibCode/Commands/RicImportGeneralDataFeature.cpp:104
  [16] RicfLoadCase::execute() at ResInsight/ApplicationLibCode/CommandFileInterface/RicfLoadCase.cpp:77
  [17] RiaGrpcCommandService::Execute(grpc::ServerContext*, rips::CommandParams const*, rips::CommandReply*) at ResInsight/GrpcInterface/RiaGrpcCommandService.cpp:92
  [18] grpc::Status std::__invoke_impl<grpc::Status, grpc::Status (RiaGrpcCommandService::*&)(grpc::ServerContext*, rips::CommandParams const*, rips::CommandReply*), RiaGrpcCommandService&, grpc::ServerContext*, rips::CommandParams const*, rips::CommandReply*>(std::__invoke_memfun_ref, grpc::Status (RiaGrpcCommandService::*&)(grpc::ServerContext*, rips::CommandParams const*, rips::CommandReply*), RiaGrpcCommandService&, grpc::ServerContext*&&, rips::CommandParams const*&&, rips::CommandReply*&&) at /opt/rh/gcc-toolset-13/root/usr/include/c++/13/bits/invoke.h:67
  [19] std::function<grpc::Status (RiaGrpcCommandService&, grpc::ServerContext*, rips::CommandParams const*, rips::CommandReply*)>::operator()(RiaGrpcCommandService&, grpc::ServerContext*, rips::CommandParams const*, rips::CommandReply*) const at /opt/rh/gcc-toolset-13/root/usr/include/c++/13/bits/std_function.h:591
  [20] RiaGrpcServerImpl::processAllQueuedRequests() at ResInsight/GrpcInterface/RiaGrpcServer.cpp:197
  [21] RiaGrpcApplicationInterface::processRequests() at ResInsight/GrpcInterface/RiaGrpcApplicationInterface.cpp:115
  [22] RiaGrpcConsoleApplication::doIdleProcessing() at ResInsight/ApplicationExeCode/RiaGrpcConsoleApplication.cpp:33
  [23]  at :0
  [24] QTimer::timeout(QTimer::QPrivateSignal) at :0
  [25] QObject::event(QEvent*) at :0
  [26] QCoreApplication::notifyInternal2(QObject*, QEvent*) at :0
  [27] QTimerInfoList::activateTimers() at :0
  [28]  at :0
  [29] g_main_context_dispatch at :0
  [30] g_main_context_iterate.isra.20 at :0
  [31] g_main_context_iteration at :0
  [32] QEventDispatcherGlib::processEvents(QFlags<QEventLoop::ProcessEventsFlag>) at :0
  [33] QEventLoop::exec(QFlags<QEventLoop::ProcessEventsFlag>) at :0
  [34] QCoreApplication::exec() at :0
  [35] main at ResInsight/ApplicationExeCode/RiaMain.cpp:226
  [36] __libc_start_main at :0
  [37] _start at :0
  [38]  at :0
"
2026-07-03T15:42:47.88Z,2026.06.1,"  [0] performCrashLogging at ResInsight/ApplicationExeCode/RiaMainTools.cpp:170
  [1] manageSegFailureSA(int, siginfo_t*, void*) at ResInsight/ApplicationExeCode/RiaMainTools.cpp:302
  [2]  at :0
  [3] RifEclipseOutputFileTools::timeSteps(ecl_file_struct const*, std::vector<QDateTime, std::allocator<QDateTime> >*, std::vector<double, std::allocator<double> >*, unsigned long*) at ResInsight/ApplicationLibCode/FileInterface/RifEclipseOutputFileTools.cpp:289
  [4] RifEclipseUnifiedRestartFileAccess::extractTimestepsFromEclipse() at ResInsight/ApplicationLibCode/FileInterface/RifEclipseUnifiedRestartFileAccess.cpp:154
  [5] RifEclipseUnifiedRestartFileAccess::timeSteps(std::vector<QDateTime, std::allocator<QDateTime> >*, std::vector<double, std::allocator<double> >*) at ResInsight/ApplicationLibCode/FileInterface/RifEclipseUnifiedRestartFileAccess.cpp:206
  [6] RimEclipseResultCase::importGridAndResultMetaData(bool) at ResInsight/ApplicationLibCode/ProjectDataModel/RimEclipseResultCase.cpp:216
  [7] RiaImportEclipseCaseTools::openEclipseCaseShowTimeStepFilterImpl(QString const&, bool, bool, RifReaderSettings&) at ResInsight/ApplicationLibCode/Application/Tools/RiaImportEclipseCaseTools.cpp:372
  [8] RiaImportEclipseCaseTools::openEclipseCasesFromFile(QList<QString> const&, bool, std::map<QString, int, std::less<QString>, std::allocator<std::pair<QString const, int> > >*, bool, RifReaderSettings&) at ResInsight/ApplicationLibCode/Application/Tools/RiaImportEclipseCaseTools.cpp:107
  [9] RicImportGeneralDataFeature::openEclipseCaseFromFileNames(QList<QString> const&, bool, std::vector<int, std::allocator<int> >&, RifReaderSettings&) at ResInsight/ApplicationLibCode/Commands/RicImportGeneralDataFeature.cpp:365
  [10] RicImportGeneralDataFeature::openEclipseFilesFromFileNames(QList<QString> const&, bool, bool, RifReaderSettings&) at ResInsight/ApplicationLibCode/Commands/RicImportGeneralDataFeature.cpp:105
  [11] RicImportGeneralDataFeature::openEclipseFilesFromFileNames(QList<QString> const&, bool, bool) at ResInsight/ApplicationLibCode/Commands/RicImportGeneralDataFeature.cpp:56
  [12] RicImportGridModelFeature::onActionTriggered(bool) at ResInsight/ApplicationLibCode/Commands/EclipseCommands/RicImportGridModelFeature.cpp:81
  [13] caf::CmdFeature::actionTriggered(bool) at ResInsight/Fwk/AppFwk/cafCommand/cafCmdFeature.cpp:176
  [14]  at :0
  [15] QAction::triggered(bool) at :0
  [16] QAction::activate(QAction::ActionEvent) at :0
  [17]  at :0
  [18] QAbstractButton::mouseReleaseEvent(QMouseEvent*) at :0
  [19] QToolButton::mouseReleaseEvent(QMouseEvent*) at :0
  [20] QWidget::event(QEvent*) at :0
  [21] QApplicationPrivate::notify_helper(QObject*, QEvent*) at :0
  [22] QApplication::notify(QObject*, QEvent*) at :0
  [23] RiaGuiApplication::notify(QObject*, QEvent*) at ResInsight/ApplicationLibCode/Application/RiaGuiApplication.cpp:1828
  [24] QCoreApplication::notifyInternal2(QObject*, QEvent*) at :0
  [25] QApplicationPrivate::sendMouseEvent(QWidget*, QMouseEvent*, QWidget*, QWidget*, QWidget**, QPointer<QWidget>&, bool, bool) at :0
  [26]  at :0
  [27]  at :0
  [28] QApplicationPrivate::notify_helper(QObject*, QEvent*) at :0
  [29] RiaGuiApplication::notify(QObject*, QEvent*) at ResInsight/ApplicationLibCode/Application/RiaGuiApplication.cpp:1828
  [30] QCoreApplication::notifyInternal2(QObject*, QEvent*) at :0
  [31] QGuiApplicationPrivate::processMouseEvent(QWindowSystemInterfacePrivate::MouseEvent*) at :0
  [32] QWindowSystemInterface::sendWindowSystemEvents(QFlags<QEventLoop::ProcessEventsFlag>) at :0
  [33]  at :0
  [34] g_main_context_dispatch at :0
  [35] g_main_context_iterate.isra.20 at :0
  [36] g_main_context_iteration at :0
  [37] QEventDispatcherGlib::processEvents(QFlags<QEventLoop::ProcessEventsFlag>) at :0
  [38] QEventLoop::exec(QFlags<QEventLoop::ProcessEventsFlag>) at :0
  [39] QCoreApplication::exec() at :0
  [40] main at ResInsight/ApplicationExeCode/RiaMain.cpp:267
  [41] __libc_start_main at :0
  [42] _start at :0
  [43]  at :0
"
2026-07-03T13:32:17.759Z,2026.06.1,"  [0] performCrashLogging at ResInsight/ApplicationExeCode/RiaMainTools.cpp:170
  [1] manageSegFailureSA(int, siginfo_t*, void*) at ResInsight/ApplicationExeCode/RiaMainTools.cpp:302
  [2]  at :0
  [3] __GI_raise at :0
  [4] __GI_abort at :0
  [5] manageTerminate() at ResInsight/ApplicationExeCode/RiaMainTools.cpp:241
  [6] __cxxabiv1::__terminate(void (*)()) at :0
  [7] __cxa_call_terminate at :0
  [8] __gxx_personality_v0 at :0
  [9] _Unwind_RaiseException_Phase2 at :0
  [10] _Unwind_Resume at :0
  [11]  at :0
  [12] ddb_UpgradeOdb::Finalize() at :0
  [13] SMAOdbDdb_finalize(int&) at :0
  [14] SMAOdbCore_finalize(int&) at :0
  [15] RifOdbReader::~RifOdbReader() at ResInsight/ApplicationLibCode/GeoMech/OdbReader/RifOdbReader.cpp:126
  [16] RifOdbReader::~RifOdbReader() at ResInsight/ApplicationLibCode/GeoMech/OdbReader/RifOdbReader.cpp:128
  [17] cvf::ref<RifGeoMechReaderInterface>::~ref() at ResInsight/Fwk/VizFwk/LibCore/cvfObject.inl:195
  [18] RigFemPartResultsCollection::~RigFemPartResultsCollection() at ResInsight/ApplicationLibCode/GeoMech/GeoMechDataModel/RigFemPartResultsCollection.cpp:211
  [19] cvf::ref<RigFemPartResultsCollection>::~ref() at ResInsight/Fwk/VizFwk/LibCore/cvfObject.inl:195
  [20] RigGeoMechCaseData::~RigGeoMechCaseData() at ResInsight/ApplicationLibCode/GeoMech/GeoMechDataModel/RigGeoMechCaseData.cpp:56
  [21] cvf::ref<RigGeoMechCaseData>::~ref() at ResInsight/Fwk/VizFwk/LibCore/cvfObject.inl:195
  [22] RimGeoMechCase::~RimGeoMechCase() at ResInsight/ApplicationLibCode/ProjectDataModel/GeoMech/RimGeoMechCase.cpp:177
  [23] caf::PdmChildArrayField<RimGeoMechCase*>::deleteChildren() at ResInsight/Fwk/AppFwk/cafProjectDataModel/cafPdmCore/cafPdmChildArrayField.inl:181
  [24] caf::PdmChildArrayField<RimGeoMechCase*>::~PdmChildArrayField() at ResInsight/Fwk/AppFwk/cafProjectDataModel/cafPdmCore/cafPdmChildArrayField.inl:17
  [25] RimGeoMechModels::~RimGeoMechModels() at ResInsight/ApplicationLibCode/ProjectDataModel/GeoMech/RimGeoMechModels.cpp:48
  [26] RimGeoMechModels::~RimGeoMechModels() at ResInsight/ApplicationLibCode/ProjectDataModel/GeoMech/RimGeoMechModels.cpp:48
  [27] caf::PdmChildField<RimGeoMechModels*>::~PdmChildField() at ResInsight/Fwk/AppFwk/cafProjectDataModel/cafPdmCore/cafPdmChildField.inl:80
  [28] RimOilField::~RimOilField() at ResInsight/ApplicationLibCode/ProjectDataModel/RimOilField.cpp:112
  [29] caf::PdmChildArrayField<RimOilField*>::deleteChildren() at ResInsight/Fwk/AppFwk/cafProjectDataModel/cafPdmCore/cafPdmChildArrayField.inl:181
  [30] RimProject::close() at ResInsight/ApplicationLibCode/ProjectDataModel/RimProject.cpp:250
  [31] RiaApplication::closeProject() at ResInsight/ApplicationLibCode/Application/RiaApplication.cpp:1042
  [32] RicExitApplicationFeature::onActionTriggered(bool) at ResInsight/ApplicationLibCode/Commands/ApplicationCommands/RicExitApplicationFeature.cpp:70
  [33] caf::CmdFeature::actionTriggered(bool) at ResInsight/Fwk/AppFwk/cafCommand/cafCmdFeature.cpp:176
  [34]  at :0
  [35] QAction::triggered(bool) at :0
  [36] QAction::activate(QAction::ActionEvent) at :0
  [37]  at :0
  [38]  at :0
  [39] QWidget::event(QEvent*) at :0
  [40] QApplicationPrivate::notify_helper(QObject*, QEvent*) at :0
  [41] QApplication::notify(QObject*, QEvent*) at :0
  [42] RiaGuiApplication::notify(QObject*, QEvent*) at ResInsight/ApplicationLibCode/Application/RiaGuiApplication.cpp:1828
  [43] QCoreApplication::notifyInternal2(QObject*, QEvent*) at :0
  [44] QApplicationPrivate::sendMouseEvent(QWidget*, QMouseEvent*, QWidget*, QWidget*, QWidget**, QPointer<QWidget>&, bool, bool) at :0
  [45]  at :0
  [46]  at :0
  [47] QApplicationPrivate::notify_helper(QObject*, QEvent*) at :0
  [48] RiaGuiApplication::notify(QObject*, QEvent*) at ResInsight/ApplicationLibCode/Application/RiaGuiApplication.cpp:1828
  [49] QCoreApplication::notifyInternal2(QObject*, QEvent*) at :0
  [50] QGuiApplicationPrivate::processMouseEvent(QWindowSystemInterfacePrivate::MouseEvent*) at :0
  [51] QWindowSystemInterface::sendWindowSystemEvents(QFlags<QEventLoop::ProcessEventsFlag>) at :0
  [52]  at :0
  [53] g_main_context_dispatch at :0
  [54] g_main_context_iterate.isra.20 at :0
  [55] g_main_context_iteration at :0
  [56] QEventDispatcherGlib::processEvents(QFlags<QEventLoop::ProcessEventsFlag>) at :0
  [57] QEventLoop::exec(QFlags<QEventLoop::ProcessEventsFlag>) at :0
  [58] QCoreApplication::exec() at :0
  [59] main at ResInsight/ApplicationExeCode/RiaMain.cpp:267
  [60] __libc_start_main at :0
  [61] _start at :0
  [62]  at :0
"
2026-07-03T13:32:17.333Z,2026.06.1,"  [0] performCrashLogging at ResInsight/ApplicationExeCode/RiaMainTools.cpp:170
  [1] manageTerminate() at ResInsight/ApplicationExeCode/RiaMainTools.cpp:239
  [2] __cxxabiv1::__terminate(void (*)()) at :0
  [3] __cxa_call_terminate at :0
  [4] __gxx_personality_v0 at :0
  [5] _Unwind_RaiseException_Phase2 at :0
  [6] _Unwind_Resume at :0
  [7]  at :0
  [8] ddb_UpgradeOdb::Finalize() at :0
  [9] SMAOdbDdb_finalize(int&) at :0
  [10] SMAOdbCore_finalize(int&) at :0
  [11] RifOdbReader::~RifOdbReader() at ResInsight/ApplicationLibCode/GeoMech/OdbReader/RifOdbReader.cpp:126
  [12] RifOdbReader::~RifOdbReader() at ResInsight/ApplicationLibCode/GeoMech/OdbReader/RifOdbReader.cpp:128
  [13] cvf::ref<RifGeoMechReaderInterface>::~ref() at ResInsight/Fwk/VizFwk/LibCore/cvfObject.inl:195
  [14] RigFemPartResultsCollection::~RigFemPartResultsCollection() at ResInsight/ApplicationLibCode/GeoMech/GeoMechDataModel/RigFemPartResultsCollection.cpp:211
  [15] cvf::ref<RigFemPartResultsCollection>::~ref() at ResInsight/Fwk/VizFwk/LibCore/cvfObject.inl:195
  [16] RigGeoMechCaseData::~RigGeoMechCaseData() at ResInsight/ApplicationLibCode/GeoMech/GeoMechDataModel/RigGeoMechCaseData.cpp:56
  [17] cvf::ref<RigGeoMechCaseData>::~ref() at ResInsight/Fwk/VizFwk/LibCore/cvfObject.inl:195
  [18] RimGeoMechCase::~RimGeoMechCase() at ResInsight/ApplicationLibCode/ProjectDataModel/GeoMech/RimGeoMechCase.cpp:177
  [19] caf::PdmChildArrayField<RimGeoMechCase*>::deleteChildren() at ResInsight/Fwk/AppFwk/cafProjectDataModel/cafPdmCore/cafPdmChildArrayField.inl:181
  [20] caf::PdmChildArrayField<RimGeoMechCase*>::~PdmChildArrayField() at ResInsight/Fwk/AppFwk/cafProjectDataModel/cafPdmCore/cafPdmChildArrayField.inl:17
  [21] RimGeoMechModels::~RimGeoMechModels() at ResInsight/ApplicationLibCode/ProjectDataModel/GeoMech/RimGeoMechModels.cpp:48
  [22] RimGeoMechModels::~RimGeoMechModels() at ResInsight/ApplicationLibCode/ProjectDataModel/GeoMech/RimGeoMechModels.cpp:48
  [23] caf::PdmChildField<RimGeoMechModels*>::~PdmChildField() at ResInsight/Fwk/AppFwk/cafProjectDataModel/cafPdmCore/cafPdmChildField.inl:80
  [24] RimOilField::~RimOilField() at ResInsight/ApplicationLibCode/ProjectDataModel/RimOilField.cpp:112
  [25] caf::PdmChildArrayField<RimOilField*>::deleteChildren() at ResInsight/Fwk/AppFwk/cafProjectDataModel/cafPdmCore/cafPdmChildArrayField.inl:181
  [26] RimProject::close() at ResInsight/ApplicationLibCode/ProjectDataModel/RimProject.cpp:250
  [27] RiaApplication::closeProject() at ResInsight/ApplicationLibCode/Application/RiaApplication.cpp:1042
  [28] RicExitApplicationFeature::onActionTriggered(bool) at ResInsight/ApplicationLibCode/Commands/ApplicationCommands/RicExitApplicationFeature.cpp:70
  [29] caf::CmdFeature::actionTriggered(bool) at ResInsight/Fwk/AppFwk/cafCommand/cafCmdFeature.cpp:176
  [30]  at :0
  [31] QAction::triggered(bool) at :0
  [32] QAction::activate(QAction::ActionEvent) at :0
  [33]  at :0
  [34]  at :0
  [35] QWidget::event(QEvent*) at :0
  [36] QApplicationPrivate::notify_helper(QObject*, QEvent*) at :0
  [37] QApplication::notify(QObject*, QEvent*) at :0
  [38] RiaGuiApplication::notify(QObject*, QEvent*) at ResInsight/ApplicationLibCode/Application/RiaGuiApplication.cpp:1828
  [39] QCoreApplication::notifyInternal2(QObject*, QEvent*) at :0
  [40] QApplicationPrivate::sendMouseEvent(QWidget*, QMouseEvent*, QWidget*, QWidget*, QWidget**, QPointer<QWidget>&, bool, bool) at :0
  [41]  at :0
  [42]  at :0
  [43] QApplicationPrivate::notify_helper(QObject*, QEvent*) at :0
  [44] RiaGuiApplication::notify(QObject*, QEvent*) at ResInsight/ApplicationLibCode/Application/RiaGuiApplication.cpp:1828
  [45] QCoreApplication::notifyInternal2(QObject*, QEvent*) at :0
  [46] QGuiApplicationPrivate::processMouseEvent(QWindowSystemInterfacePrivate::MouseEvent*) at :0
  [47] QWindowSystemInterface::sendWindowSystemEvents(QFlags<QEventLoop::ProcessEventsFlag>) at :0
  [48]  at :0
  [49] g_main_context_dispatch at :0
  [50] g_main_context_iterate.isra.20 at :0
  [51] g_main_context_iteration at :0
  [52] QEventDispatcherGlib::processEvents(QFlags<QEventLoop::ProcessEventsFlag>) at :0
  [53] QEventLoop::exec(QFlags<QEventLoop::ProcessEventsFlag>) at :0
  [54] QCoreApplication::exec() at :0
  [55] main at ResInsight/ApplicationExeCode/RiaMain.cpp:267
  [56] __libc_start_main at :0
  [57] _start at :0
  [58]  at :0
"
2026-07-03T12:04:47.188Z,2026.06.1,"  [0] performCrashLogging at ResInsight/ApplicationExeCode/RiaMainTools.cpp:170
  [1] manageSegFailureSA(int, siginfo_t*, void*) at ResInsight/ApplicationExeCode/RiaMainTools.cpp:302
  [2]  at :0
  [3] RimEclipseView::appendWellsAndFracturesToModel() at ResInsight/ApplicationLibCode/ProjectDataModel/RimEclipseView.cpp:1172
  [4] RimEclipseView::onUpdateDisplayModelForCurrentTimeStep() at ResInsight/ApplicationLibCode/ProjectDataModel/RimEclipseView.cpp:957
  [5] Rim3dView::updateDisplayModelForCurrentTimeStepAndRedraw() at ResInsight/ApplicationLibCode/ProjectDataModel/Rim3dView.cpp:673
  [6] RiuViewer::setCurrentFrame(int) at ResInsight/ApplicationLibCode/UserInterface/RiuViewer.cpp:1042
  [7] RiuViewer::slotSetCurrentFrame(int) at ResInsight/ApplicationLibCode/UserInterface/RiuViewer.cpp:357
  [8]  at :0
  [9] caf::FrameAnimationControl::changeFrame(int) at ResInsight/cmakebuild/Fwk/AppFwk/cafAnimControl/cafAnimControl_autogen/EWIEGA46WW/moc_cafFrameAnimationControl.cpp:321
  [10]  at :0
  [11] QComboBox::currentIndexChanged(int) at :0
  [12]  at :0
  [13]  at :0
  [14]  at :0
  [15]  at :0
  [16] QComboBoxPrivateContainer::itemSelected(QModelIndex const&) at :0
  [17] QComboBoxPrivateContainer::eventFilter(QObject*, QEvent*) at :0
  [18] QCoreApplicationPrivate::sendThroughObjectEventFilters(QObject*, QEvent*) at :0
  [19] QApplicationPrivate::notify_helper(QObject*, QEvent*) at :0
  [20] QApplication::notify(QObject*, QEvent*) at :0
  [21] RiaGuiApplication::notify(QObject*, QEvent*) at ResInsight/ApplicationLibCode/Application/RiaGuiApplication.cpp:1828
  [22] QCoreApplication::notifyInternal2(QObject*, QEvent*) at :0
  [23] QApplicationPrivate::sendMouseEvent(QWidget*, QMouseEvent*, QWidget*, QWidget*, QWidget**, QPointer<QWidget>&, bool, bool) at :0
  [24]  at :0
  [25]  at :0
  [26] QApplicationPrivate::notify_helper(QObject*, QEvent*) at :0
  [27] RiaGuiApplication::notify(QObject*, QEvent*) at ResInsight/ApplicationLibCode/Application/RiaGuiApplication.cpp:1828
  [28] QCoreApplication::notifyInternal2(QObject*, QEvent*) at :0
  [29] QGuiApplicationPrivate::processMouseEvent(QWindowSystemInterfacePrivate::MouseEvent*) at :0
  [30] QWindowSystemInterface::sendWindowSystemEvents(QFlags<QEventLoop::ProcessEventsFlag>) at :0
  [31]  at :0
  [32] g_main_context_dispatch at :0
  [33] g_main_context_iterate.isra.20 at :0
  [34] g_main_context_iteration at :0
  [35] QEventDispatcherGlib::processEvents(QFlags<QEventLoop::ProcessEventsFlag>) at :0
  [36] QEventLoop::exec(QFlags<QEventLoop::ProcessEventsFlag>) at :0
  [37] QCoreApplication::exec() at :0
  [38] main at ResInsight/ApplicationExeCode/RiaMain.cpp:267
  [39] __libc_start_main at :0
  [40] _start at :0
  [41]  at :0
"
2026-07-03T11:48:17.257Z,2026.02.1,"  [0] performCrashLogging at ResInsight/ApplicationExeCode/RiaMainTools.cpp:147
  [1] manageSegFailureSA(int, siginfo_t*, void*) at ResInsight/ApplicationExeCode/RiaMainTools.cpp:227
  [2]  at :0
  [3] __GI_raise at :0
  [4] __GI_abort at :0
  [5] RigTransmissibilityCondenser::calculateCondensedTransmissibilities() at ResInsight/ApplicationLibCode/ReservoirDataModel/Completions/RigTransmissibilityCondenser.cpp:336
  [6] RigTransmissibilityCondenser::externalCells() at ResInsight/ApplicationLibCode/ReservoirDataModel/Completions/RigTransmissibilityCondenser.cpp:110
  [7] RicExportFractureCompletionsImpl::calculateMatrixToWellTransmissibilities(RigTransmissibilityCondenser&) at ResInsight/ApplicationLibCode/Commands/CompletionExportCommands/RicExportFractureCompletionsImpl.cpp:710
  [8] RicExportFractureCompletionsImpl::generateCompdatValuesConst(RimEclipseCase const*, QString const&, RigWellPath const*, std::vector<RimFracture const*, std::allocator<RimFracture const*> > const&, std::vector<RicWellPathFractureReportItem, std::allocator<RicWellPathFractureReportItem> >*, QTextStream*, RicExportFractureCompletionsImpl::PressureDepletionParameters) [clone ._omp_fn.0] at ResInsight/ApplicationLibCode/Commands/CompletionExportCommands/RicExportFractureCompletionsImpl.cpp:305
  [9] gomp_thread_start at :0
  [10] start_thread at :0
  [11] __GI___clone at :0
  [12]  at :0
"
2026-07-03T11:48:17.257Z,2026.02.1,"  [0] performCrashLogging at ResInsight/ApplicationExeCode/RiaMainTools.cpp:147
  [1] manageSegFailureSA(int, siginfo_t*, void*) at ResInsight/ApplicationExeCode/RiaMainTools.cpp:227
  [2]  at :0
  [3] __GI_raise at :0
  [4] __GI_abort at :0
  [5] RigTransmissibilityCondenser::calculateCondensedTransmissibilities() at ResInsight/ApplicationLibCode/ReservoirDataModel/Completions/RigTransmissibilityCondenser.cpp:336
  [6] RigTransmissibilityCondenser::externalCells() at ResInsight/ApplicationLibCode/ReservoirDataModel/Completions/RigTransmissibilityCondenser.cpp:110
  [7] RicExportFractureCompletionsImpl::calculateMatrixToWellTransmissibilities(RigTransmissibilityCondenser&) at ResInsight/ApplicationLibCode/Commands/CompletionExportCommands/RicExportFractureCompletionsImpl.cpp:710
  [8] RicExportFractureCompletionsImpl::generateCompdatValuesConst(RimEclipseCase const*, QString const&, RigWellPath const*, std::vector<RimFracture const*, std::allocator<RimFracture const*> > const&, std::vector<RicWellPathFractureReportItem, std::allocator<RicWellPathFractureReportItem> >*, QTextStream*, RicExportFractureCompletionsImpl::PressureDepletionParameters) [clone ._omp_fn.0] at ResInsight/ApplicationLibCode/Commands/CompletionExportCommands/RicExportFractureCompletionsImpl.cpp:305
  [9] gomp_thread_start at :0
  [10] start_thread at :0
  [11] __GI___clone at :0
  [12]  at :0
"
2026-07-03T11:48:17.257Z,2026.02.1,"  [0] performCrashLogging at ResInsight/ApplicationExeCode/RiaMainTools.cpp:147
  [1] manageSegFailureSA(int, siginfo_t*, void*) at ResInsight/ApplicationExeCode/RiaMainTools.cpp:227
  [2]  at :0
  [3] __GI_raise at :0
  [4] __GI_abort at :0
  [5] RigTransmissibilityCondenser::calculateCondensedTransmissibilities() at ResInsight/ApplicationLibCode/ReservoirDataModel/Completions/RigTransmissibilityCondenser.cpp:336
  [6] RigTransmissibilityCondenser::externalCells() at ResInsight/ApplicationLibCode/ReservoirDataModel/Completions/RigTransmissibilityCondenser.cpp:110
  [7] RicExportFractureCompletionsImpl::calculateMatrixToWellTransmissibilities(RigTransmissibilityCondenser&) at ResInsight/ApplicationLibCode/Commands/CompletionExportCommands/RicExportFractureCompletionsImpl.cpp:710
  [8] RicExportFractureCompletionsImpl::generateCompdatValuesConst(RimEclipseCase const*, QString const&, RigWellPath const*, std::vector<RimFracture const*, std::allocator<RimFracture const*> > const&, std::vector<RicWellPathFractureReportItem, std::allocator<RicWellPathFractureReportItem> >*, QTextStream*, RicExportFractureCompletionsImpl::PressureDepletionParameters) [clone ._omp_fn.0] at ResInsight/ApplicationLibCode/Commands/CompletionExportCommands/RicExportFractureCompletionsImpl.cpp:305
  [9] gomp_thread_start at :0
  [10] start_thread at :0
  [11] __GI___clone at :0
  [12]  at :0
"
2026-07-03T11:46:32.785Z,2026.06.1,"  [0] performCrashLogging at ResInsight/ApplicationExeCode/RiaMainTools.cpp:170
  [1] manageSegFailureSA(int, siginfo_t*, void*) at ResInsight/ApplicationExeCode/RiaMainTools.cpp:302
  [2]  at :0
  [3] __GI_raise at :0
  [4] __GI_abort at :0
  [5] cvf::AssertHandlerConsole::handleAssert(char const*, int, char const*, char const*) at ResInsight/Fwk/VizFwk/LibCore/cvfAssert.cpp:125
  [6] cvf::Frustum::isOutside(cvf::BoundingBox const&) const at ResInsight/Fwk/VizFwk/LibGeometry/cvfFrustum.cpp:203
  [7] cvf::ModelBasicList::partVisible(cvf::Part*, cvf::Camera const*, cvf::CullSettings const*, unsigned int, double*) at ResInsight/Fwk/VizFwk/LibViewing/cvfModelBasicList.cpp:215
  [8] cvf::ModelBasicList::findVisibleParts(cvf::PartRenderHintCollection*, cvf::Camera const&, cvf::CullSettings const&, unsigned int) at ResInsight/Fwk/VizFwk/LibViewing/cvfModelBasicList.cpp:181
  [9] cvf::Scene::findVisibleParts(cvf::PartRenderHintCollection*, cvf::Camera const&, cvf::CullSettings const&, unsigned int) at ResInsight/Fwk/VizFwk/LibViewing/cvfScene.cpp:87
  [10] cvf::Rendering::render(cvf::OpenGLContext*) at ResInsight/Fwk/VizFwk/LibViewing/cvfRendering.cpp:182
  [11] cvf::RenderSequence::render(cvf::OpenGLContext*) at ResInsight/Fwk/VizFwk/LibViewing/cvfRenderSequence.cpp:211
  [12] caf::Viewer::paintGL() at ResInsight/Fwk/AppFwk/cafViewer/cafViewer.cpp:901
  [13]  at :0
  [14] QWidget::event(QEvent*) at :0
  [15] QApplicationPrivate::notify_helper(QObject*, QEvent*) at :0
  [16] RiaGuiApplication::notify(QObject*, QEvent*) at ResInsight/ApplicationLibCode/Application/RiaGuiApplication.cpp:1828
  [17] QCoreApplication::notifyInternal2(QObject*, QEvent*) at :0
  [18] QWidgetPrivate::sendPaintEvent(QRegion const&) at :0
  [19] QWidgetRepaintManager::paintAndFlush() at :0
  [20] QWidget::event(QEvent*) at :0
  [21] QApplicationPrivate::notify_helper(QObject*, QEvent*) at :0
  [22] RiaGuiApplication::notify(QObject*, QEvent*) at ResInsight/ApplicationLibCode/Application/RiaGuiApplication.cpp:1828
  [23] QCoreApplication::notifyInternal2(QObject*, QEvent*) at :0
  [24] QCoreApplicationPrivate::sendPostedEvents(QObject*, int, QThreadData*) at :0
  [25]  at :0
  [26] g_main_context_dispatch at :0
  [27] g_main_context_iterate.isra.20 at :0
  [28] g_main_context_iteration at :0
  [29] QEventDispatcherGlib::processEvents(QFlags<QEventLoop::ProcessEventsFlag>) at :0
  [30] QEventLoop::exec(QFlags<QEventLoop::ProcessEventsFlag>) at :0
  [31] QCoreApplication::exec() at :0
  [32] main at ResInsight/ApplicationExeCode/RiaMain.cpp:267
  [33] __libc_start_main at :0
  [34] _start at :0
  [35]  at :0
"
2026-07-03T11:12:27.632Z,2026.02.1,"  [0] performCrashLogging at ResInsight/ApplicationExeCode/RiaMainTools.cpp:147
  [1] manageSegFailureSA(int, siginfo_t*, void*) at ResInsight/ApplicationExeCode/RiaMainTools.cpp:227
  [2]  at :0
  [3] std::__atomic_base<int>::fetch_sub(int, std::memory_order) at /opt/rh/gcc-toolset-13/root/usr/include/c++/13/bits/atomic_base.h:645
  [4] __run_exit_handlers at :0
  [5] exit at :0
  [6] manageSegFailureSA(int, siginfo_t*, void*) at ResInsight/ApplicationExeCode/RiaMainTools.cpp:228
  [7]  at :0
  [8] __GI_raise at :0
  [9] __GI_abort at :0
  [10] __libc_message at :0
  [11] malloc_printerr at :0
  [12] _int_free at :0
  [13] Clipper2Lib::ClipperBase::~ClipperBase() at :0
  [14] Clipper2Lib::Clipper64::~Clipper64() at ResInsight/cmakebuild/vcpkg_installed/x64-linux/include/clipper2/clipper.engine.h:465
  [15] Clipper2Lib::Intersect(std::vector<std::vector<Clipper2Lib::Point<long>, std::allocator<Clipper2Lib::Point<long> > >, std::allocator<std::vector<Clipper2Lib::Point<long>, std::allocator<Clipper2Lib::Point<long> > > > > const&, std::vector<std::vector<Clipper2Lib::Point<long>, std::allocator<Clipper2Lib::Point<long> > >, std::allocator<std::vector<Clipper2Lib::Point<long>, std::allocator<Clipper2Lib::Point<long> > > > > const&, Clipper2Lib::FillRule) at ResInsight/cmakebuild/vcpkg_installed/x64-linux/include/clipper2/clipper.h:76
  [16] RigCellGeometryTools::intersectionWithPolygon(std::vector<cvf::Vector3<double>, std::allocator<cvf::Vector3<double> > > const&, std::vector<cvf::Vector3<double>, std::allocator<cvf::Vector3<double> > > const&) at ResInsight/ApplicationLibCode/ReservoirDataModel/RigCellGeometryTools.cpp:443
  [17] RigEclipseToStimPlanCellTransmissibilityCalculator::calculateStimPlanCellsMatrixTransmissibility(std::set<unsigned long, std::less<unsigned long>, std::allocator<unsigned long> > const&) at ResInsight/ApplicationLibCode/ReservoirDataModel/Completions/RigEclipseToStimPlanCellTransmissibilityCalculator.cpp:226
  [18] RigEclipseToStimPlanCalculator::computeValues() at ResInsight/ApplicationLibCode/ReservoirDataModel/Completions/RigEclipseToStimPlanCalculator.cpp:166
  [19] RigEclipseToStimPlanCalculator::RigEclipseToStimPlanCalculator(RimEclipseCase const*, cvf::Matrix4<double>, double, double, RigFractureGrid const&, RimFracture const*) at ResInsight/ApplicationLibCode/ReservoirDataModel/Completions/RigEclipseToStimPlanCalculator.cpp:63
  [20] RicExportFractureCompletionsImpl::generateCompdatValuesConst(RimEclipseCase const*, QString const&, RigWellPath const*, std::vector<RimFracture const*, std::allocator<RimFracture const*> > const&, std::vector<RicWellPathFractureReportItem, std::allocator<RicWellPathFractureReportItem> >*, QTextStream*, RicExportFractureCompletionsImpl::PressureDepletionParameters) [clone ._omp_fn.0] at ResInsight/ApplicationLibCode/Commands/CompletionExportCommands/RicExportFractureCompletionsImpl.cpp:286
  [21] gomp_thread_start at :0
  [22] start_thread at :0
  [23] __GI___clone at :0
  [24]  at :0
"
2026-07-03T11:12:17.515Z,2026.02.1,"  [0] performCrashLogging at ResInsight/ApplicationExeCode/RiaMainTools.cpp:147
  [1] manageSegFailureSA(int, siginfo_t*, void*) at ResInsight/ApplicationExeCode/RiaMainTools.cpp:227
  [2]  at :0
  [3] __GI_raise at :0
  [4] __GI_abort at :0
  [5] __libc_message at :0
  [6] malloc_printerr at :0
  [7] _int_free at :0
  [8] Clipper2Lib::ClipperBase::~ClipperBase() at :0
  [9] Clipper2Lib::Clipper64::~Clipper64() at ResInsight/cmakebuild/vcpkg_installed/x64-linux/include/clipper2/clipper.engine.h:465
  [10] Clipper2Lib::Intersect(std::vector<std::vector<Clipper2Lib::Point<long>, std::allocator<Clipper2Lib::Point<long> > >, std::allocator<std::vector<Clipper2Lib::Point<long>, std::allocator<Clipper2Lib::Point<long> > > > > const&, std::vector<std::vector<Clipper2Lib::Point<long>, std::allocator<Clipper2Lib::Point<long> > >, std::allocator<std::vector<Clipper2Lib::Point<long>, std::allocator<Clipper2Lib::Point<long> > > > > const&, Clipper2Lib::FillRule) at ResInsight/cmakebuild/vcpkg_installed/x64-linux/include/clipper2/clipper.h:76
  [11] RigCellGeometryTools::intersectionWithPolygon(std::vector<cvf::Vector3<double>, std::allocator<cvf::Vector3<double> > > const&, std::vector<cvf::Vector3<double>, std::allocator<cvf::Vector3<double> > > const&) at ResInsight/ApplicationLibCode/ReservoirDataModel/RigCellGeometryTools.cpp:443
  [12] RigEclipseToStimPlanCellTransmissibilityCalculator::calculateStimPlanCellsMatrixTransmissibility(std::set<unsigned long, std::less<unsigned long>, std::allocator<unsigned long> > const&) at ResInsight/ApplicationLibCode/ReservoirDataModel/Completions/RigEclipseToStimPlanCellTransmissibilityCalculator.cpp:226
  [13] RigEclipseToStimPlanCalculator::computeValues() at ResInsight/ApplicationLibCode/ReservoirDataModel/Completions/RigEclipseToStimPlanCalculator.cpp:166
  [14] RigEclipseToStimPlanCalculator::RigEclipseToStimPlanCalculator(RimEclipseCase const*, cvf::Matrix4<double>, double, double, RigFractureGrid const&, RimFracture const*) at ResInsight/ApplicationLibCode/ReservoirDataModel/Completions/RigEclipseToStimPlanCalculator.cpp:63
  [15] RicExportFractureCompletionsImpl::generateCompdatValuesConst(RimEclipseCase const*, QString const&, RigWellPath const*, std::vector<RimFracture const*, std::allocator<RimFracture const*> > const&, std::vector<RicWellPathFractureReportItem, std::allocator<RicWellPathFractureReportItem> >*, QTextStream*, RicExportFractureCompletionsImpl::PressureDepletionParameters) [clone ._omp_fn.0] at ResInsight/ApplicationLibCode/Commands/CompletionExportCommands/RicExportFractureCompletionsImpl.cpp:286
  [16] gomp_thread_start at :0
  [17] start_thread at :0
  [18] __GI___clone at :0
  [19]  at :0
"
2026-07-03T10:39:40.117Z,2026.02.1,"  [0] performCrashLogging at ResInsight/ApplicationExeCode/RiaMainTools.cpp:147
  [1] manageSegFailureSA(int, siginfo_t*, void*) at ResInsight/ApplicationExeCode/RiaMainTools.cpp:227
  [2]  at :0
  [3] __GI_raise at :0
  [4] __GI_abort at :0
  [5] RigTransmissibilityCondenser::calculateCondensedTransmissibilities() at ResInsight/ApplicationLibCode/ReservoirDataModel/Completions/RigTransmissibilityCondenser.cpp:336
  [6] RigTransmissibilityCondenser::externalCells() at ResInsight/ApplicationLibCode/ReservoirDataModel/Completions/RigTransmissibilityCondenser.cpp:110
  [7] RicExportFractureCompletionsImpl::calculateMatrixToWellTransmissibilities(RigTransmissibilityCondenser&) at ResInsight/ApplicationLibCode/Commands/CompletionExportCommands/RicExportFractureCompletionsImpl.cpp:710
  [8] RicExportFractureCompletionsImpl::generateCompdatValuesConst(RimEclipseCase const*, QString const&, RigWellPath const*, std::vector<RimFracture const*, std::allocator<RimFracture const*> > const&, std::vector<RicWellPathFractureReportItem, std::allocator<RicWellPathFractureReportItem> >*, QTextStream*, RicExportFractureCompletionsImpl::PressureDepletionParameters) [clone ._omp_fn.0] at ResInsight/ApplicationLibCode/Commands/CompletionExportCommands/RicExportFractureCompletionsImpl.cpp:305
  [9] gomp_thread_start at :0
  [10] start_thread at :0
  [11] __GI___clone at :0
  [12]  at :0
"
2026-07-03T10:39:39.998Z,2026.02.1,"  [0] performCrashLogging at ResInsight/ApplicationExeCode/RiaMainTools.cpp:147
  [1] manageSegFailureSA(int, siginfo_t*, void*) at ResInsight/ApplicationExeCode/RiaMainTools.cpp:227
  [2]  at :0
  [3] __GI_raise at :0
  [4] __GI_abort at :0
  [5] RigTransmissibilityCondenser::calculateCondensedTransmissibilities() at ResInsight/ApplicationLibCode/ReservoirDataModel/Completions/RigTransmissibilityCondenser.cpp:336
  [6] RigTransmissibilityCondenser::externalCells() at ResInsight/ApplicationLibCode/ReservoirDataModel/Completions/RigTransmissibilityCondenser.cpp:110
  [7] RicExportFractureCompletionsImpl::calculateMatrixToWellTransmissibilities(RigTransmissibilityCondenser&) at ResInsight/ApplicationLibCode/Commands/CompletionExportCommands/RicExportFractureCompletionsImpl.cpp:710
  [8] RicExportFractureCompletionsImpl::generateCompdatValuesConst(RimEclipseCase const*, QString const&, RigWellPath const*, std::vector<RimFracture const*, std::allocator<RimFracture const*> > const&, std::vector<RicWellPathFractureReportItem, std::allocator<RicWellPathFractureReportItem> >*, QTextStream*, RicExportFractureCompletionsImpl::PressureDepletionParameters) [clone ._omp_fn.0] at ResInsight/ApplicationLibCode/Commands/CompletionExportCommands/RicExportFractureCompletionsImpl.cpp:305
  [9] gomp_thread_start at :0
  [10] start_thread at :0
  [11] __GI___clone at :0
  [12]  at :0
"
2026-07-03T10:39:39.964Z,2026.02.1,"  [0] performCrashLogging at ResInsight/ApplicationExeCode/RiaMainTools.cpp:147
  [1] manageSegFailureSA(int, siginfo_t*, void*) at ResInsight/ApplicationExeCode/RiaMainTools.cpp:227
  [2]  at :0
  [3] __GI_raise at :0
  [4] __GI_abort at :0
  [5] RigTransmissibilityCondenser::calculateCondensedTransmissibilities() at ResInsight/ApplicationLibCode/ReservoirDataModel/Completions/RigTransmissibilityCondenser.cpp:336
  [6] RigTransmissibilityCondenser::externalCells() at ResInsight/ApplicationLibCode/ReservoirDataModel/Completions/RigTransmissibilityCondenser.cpp:110
  [7] RicExportFractureCompletionsImpl::calculateMatrixToWellTransmissibilities(RigTransmissibilityCondenser&) at ResInsight/ApplicationLibCode/Commands/CompletionExportCommands/RicExportFractureCompletionsImpl.cpp:710
  [8] RicExportFractureCompletionsImpl::generateCompdatValuesConst(RimEclipseCase const*, QString const&, RigWellPath const*, std::vector<RimFracture const*, std::allocator<RimFracture const*> > const&, std::vector<RicWellPathFractureReportItem, std::allocator<RicWellPathFractureReportItem> >*, QTextStream*, RicExportFractureCompletionsImpl::PressureDepletionParameters) [clone ._omp_fn.0] at ResInsight/ApplicationLibCode/Commands/CompletionExportCommands/RicExportFractureCompletionsImpl.cpp:305
  [9] gomp_thread_start at :0
  [10] start_thread at :0
  [11] __GI___clone at :0
  [12]  at :0
"
2026-07-03T10:39:39.964Z,2026.02.1,"  [0] performCrashLogging at ResInsight/ApplicationExeCode/RiaMainTools.cpp:147
  [1] manageSegFailureSA(int, siginfo_t*, void*) at ResInsight/ApplicationExeCode/RiaMainTools.cpp:227
  [2]  at :0
  [3] __GI_raise at :0
  [4] __GI_abort at :0
  [5] RigTransmissibilityCondenser::calculateCondensedTransmissibilities() at ResInsight/ApplicationLibCode/ReservoirDataModel/Completions/RigTransmissibilityCondenser.cpp:336
  [6] RigTransmissibilityCondenser::externalCells() at ResInsight/ApplicationLibCode/ReservoirDataModel/Completions/RigTransmissibilityCondenser.cpp:110
  [7] RicExportFractureCompletionsImpl::calculateMatrixToWellTransmissibilities(RigTransmissibilityCondenser&) at ResInsight/ApplicationLibCode/Commands/CompletionExportCommands/RicExportFractureCompletionsImpl.cpp:710
  [8] RicExportFractureCompletionsImpl::generateCompdatValuesConst(RimEclipseCase const*, QString const&, RigWellPath const*, std::vector<RimFracture const*, std::allocator<RimFracture const*> > const&, std::vector<RicWellPathFractureReportItem, std::allocator<RicWellPathFractureReportItem> >*, QTextStream*, RicExportFractureCompletionsImpl::PressureDepletionParameters) [clone ._omp_fn.0] at ResInsight/ApplicationLibCode/Commands/CompletionExportCommands/RicExportFractureCompletionsImpl.cpp:305
  [9] gomp_thread_start at :0
  [10] start_thread at :0
  [11] __GI___clone at :0
  [12]  at :0
"
2026-07-03T10:29:55.259Z,2026.02.1,"  [0] performCrashLogging at ResInsight/ApplicationExeCode/RiaMainTools.cpp:147
  [1] manageSegFailureSA(int, siginfo_t*, void*) at ResInsight/ApplicationExeCode/RiaMainTools.cpp:227
  [2]  at :0
  [3] __GI_raise at :0
  [4] __GI_abort at :0
  [5] RigTransmissibilityCondenser::calculateCondensedTransmissibilities() at ResInsight/ApplicationLibCode/ReservoirDataModel/Completions/RigTransmissibilityCondenser.cpp:336
  [6] RigTransmissibilityCondenser::externalCells() at ResInsight/ApplicationLibCode/ReservoirDataModel/Completions/RigTransmissibilityCondenser.cpp:110
  [7] RicExportFractureCompletionsImpl::calculateMatrixToWellTransmissibilities(RigTransmissibilityCondenser&) at ResInsight/ApplicationLibCode/Commands/CompletionExportCommands/RicExportFractureCompletionsImpl.cpp:710
  [8] RicExportFractureCompletionsImpl::generateCompdatValuesConst(RimEclipseCase const*, QString const&, RigWellPath const*, std::vector<RimFracture const*, std::allocator<RimFracture const*> > const&, std::vector<RicWellPathFractureReportItem, std::allocator<RicWellPathFractureReportItem> >*, QTextStream*, RicExportFractureCompletionsImpl::PressureDepletionParameters) [clone ._omp_fn.0] at ResInsight/ApplicationLibCode/Commands/CompletionExportCommands/RicExportFractureCompletionsImpl.cpp:305
  [9] gomp_thread_start at :0
  [10] start_thread at :0
  [11] __GI___clone at :0
  [12]  at :0
"
2026-07-03T10:29:55.245Z,2026.02.1,"  [0] performCrashLogging at ResInsight/ApplicationExeCode/RiaMainTools.cpp:147
  [1] manageSegFailureSA(int, siginfo_t*, void*) at ResInsight/ApplicationExeCode/RiaMainTools.cpp:227
  [2]  at :0
  [3] __GI_raise at :0
  [4] __GI_abort at :0
  [5] RigTransmissibilityCondenser::calculateCondensedTransmissibilities() at ResInsight/ApplicationLibCode/ReservoirDataModel/Completions/RigTransmissibilityCondenser.cpp:336
  [6] RigTransmissibilityCondenser::externalCells() at ResInsight/ApplicationLibCode/ReservoirDataModel/Completions/RigTransmissibilityCondenser.cpp:110
  [7] RicExportFractureCompletionsImpl::calculateMatrixToWellTransmissibilities(RigTransmissibilityCondenser&) at ResInsight/ApplicationLibCode/Commands/CompletionExportCommands/RicExportFractureCompletionsImpl.cpp:710
  [8] RicExportFractureCompletionsImpl::generateCompdatValuesConst(RimEclipseCase const*, QString const&, RigWellPath const*, std::vector<RimFracture const*, std::allocator<RimFracture const*> > const&, std::vector<RicWellPathFractureReportItem, std::allocator<RicWellPathFractureReportItem> >*, QTextStream*, RicExportFractureCompletionsImpl::PressureDepletionParameters) [clone ._omp_fn.0] at ResInsight/ApplicationLibCode/Commands/CompletionExportCommands/RicExportFractureCompletionsImpl.cpp:305
  [9] gomp_thread_start at :0
  [10] start_thread at :0
  [11] __GI___clone at :0
  [12]  at :0
"
2026-07-03T10:29:55.244Z,2026.02.1,"  [0] performCrashLogging at ResInsight/ApplicationExeCode/RiaMainTools.cpp:147
  [1] manageSegFailureSA(int, siginfo_t*, void*) at ResInsight/ApplicationExeCode/RiaMainTools.cpp:227
  [2]  at :0
  [3] __GI_raise at :0
  [4] __GI_abort at :0
  [5] RigTransmissibilityCondenser::calculateCondensedTransmissibilities() at ResInsight/ApplicationLibCode/ReservoirDataModel/Completions/RigTransmissibilityCondenser.cpp:336
  [6] RigTransmissibilityCondenser::externalCells() at ResInsight/ApplicationLibCode/ReservoirDataModel/Completions/RigTransmissibilityCondenser.cpp:110
  [7] RicExportFractureCompletionsImpl::calculateMatrixToWellTransmissibilities(RigTransmissibilityCondenser&) at ResInsight/ApplicationLibCode/Commands/CompletionExportCommands/RicExportFractureCompletionsImpl.cpp:710
  [8] RicExportFractureCompletionsImpl::generateCompdatValuesConst(RimEclipseCase const*, QString const&, RigWellPath const*, std::vector<RimFracture const*, std::allocator<RimFracture const*> > const&, std::vector<RicWellPathFractureReportItem, std::allocator<RicWellPathFractureReportItem> >*, QTextStream*, RicExportFractureCompletionsImpl::PressureDepletionParameters) [clone ._omp_fn.0] at ResInsight/ApplicationLibCode/Commands/CompletionExportCommands/RicExportFractureCompletionsImpl.cpp:305
  [9] gomp_thread_start at :0
  [10] start_thread at :0
  [11] __GI___clone at :0
  [12]  at :0
"
2026-07-03T10:29:55.244Z,2026.02.1,"  [0] performCrashLogging at ResInsight/ApplicationExeCode/RiaMainTools.cpp:147
  [1] manageSegFailureSA(int, siginfo_t*, void*) at ResInsight/ApplicationExeCode/RiaMainTools.cpp:227
  [2]  at :0
  [3] __GI_raise at :0
  [4] __GI_abort at :0
  [5] RigTransmissibilityCondenser::calculateCondensedTransmissibilities() at ResInsight/ApplicationLibCode/ReservoirDataModel/Completions/RigTransmissibilityCondenser.cpp:336
  [6] RigTransmissibilityCondenser::externalCells() at ResInsight/ApplicationLibCode/ReservoirDataModel/Completions/RigTransmissibilityCondenser.cpp:110
  [7] RicExportFractureCompletionsImpl::calculateMatrixToWellTransmissibilities(RigTransmissibilityCondenser&) at ResInsight/ApplicationLibCode/Commands/CompletionExportCommands/RicExportFractureCompletionsImpl.cpp:710
  [8] RicExportFractureCompletionsImpl::generateCompdatValuesConst(RimEclipseCase const*, QString const&, RigWellPath const*, std::vector<RimFracture const*, std::allocator<RimFracture const*> > const&, std::vector<RicWellPathFractureReportItem, std::allocator<RicWellPathFractureReportItem> >*, QTextStream*, RicExportFractureCompletionsImpl::PressureDepletionParameters) [clone ._omp_fn.0] at ResInsight/ApplicationLibCode/Commands/CompletionExportCommands/RicExportFractureCompletionsImpl.cpp:305
  [9] gomp_thread_start at :0
  [10] start_thread at :0
  [11] __GI___clone at :0
  [12]  at :0
"
2026-07-03T08:31:35.607Z,2026.06.1,"  [0] performCrashLogging at ResInsight/ApplicationExeCode/RiaMainTools.cpp:170
  [1] manageSegFailureSA(int, siginfo_t*, void*) at ResInsight/ApplicationExeCode/RiaMainTools.cpp:302
  [2]  at :0
  [3] std::_Rb_tree<caf::PdmFieldHandle*, caf::PdmFieldHandle*, std::_Identity<caf::PdmFieldHandle*>, std::less<caf::PdmFieldHandle*>, std::allocator<caf::PdmFieldHandle*> >::begin() const at /opt/rh/gcc-toolset-13/root/usr/include/c++/13/bits/stl_tree.h:1002
  [4] caf::PdmObjectHandle::objectsWithReferringPtrFields() const at ResInsight/Fwk/AppFwk/cafProjectDataModel/cafPdmCore/cafPdmObjectHandle.cpp:136
  [5] std::vector<RimWellLogTrack*, std::allocator<RimWellLogTrack*> > caf::PdmObjectHandle::objectsWithReferringPtrFieldsOfType<RimWellLogTrack>() const at ResInsight/Fwk/AppFwk/cafProjectDataModel/cafPdmCore/cafPdmObjectHandle.h:353
  [6] RimPerforationInterval::updateAllReferringTracks() at ResInsight/ApplicationLibCode/ProjectDataModel/Completions/RimPerforationInterval.cpp:279
  [7] RimWellPathValve::templateUpdated() at ResInsight/ApplicationLibCode/ProjectDataModel/Completions/RimWellPathValve.cpp:553
  [8] RimValveTemplate::fieldChangedByUi(caf::PdmFieldHandle const*, QVariant const&, QVariant const&) at ResInsight/ApplicationLibCode/ProjectDataModel/Completions/RimValveTemplate.cpp:369
  [9] caf::PdmUiFieldHandle::notifyFieldChanged(QVariant const&, QVariant const&) at ResInsight/Fwk/AppFwk/cafProjectDataModel/cafPdmUiCore/cafPdmUiFieldHandle.cpp:75
  [10] caf::PdmFieldUiCap<caf::PdmField<caf::AppEnum<RiaDefines::WellPathComponentType> > >::setValueFromUiEditor(QVariant const&, bool) at ResInsight/Fwk/AppFwk/cafProjectDataModel/cafPdmUiCore/cafInternalPdmUiFieldCapability.inl:116
  [11] caf::CmdFieldChangeExec::redo() at ResInsight/Fwk/AppFwk/cafCommand/cafCmdFieldChangeExec.cpp:139
  [12] QUndoStack::push(QUndoCommand*) at :0
  [13] caf::CmdUiCommandSystemImpl::fieldChangedCommand(std::vector<caf::PdmFieldHandle*, std::allocator<caf::PdmFieldHandle*> > const&, QVariant const&) at ResInsight/Fwk/AppFwk/cafCommand/cafCmdUiCommandSystemImpl.cpp:146
  [14] caf::PdmUiCommandSystemProxy::setUiValueToField(caf::PdmUiFieldHandle*, QVariant const&) at ResInsight/Fwk/AppFwk/cafProjectDataModel/cafPdmUiCore/cafPdmUiCommandSystemProxy.cpp:113
  [15] caf::PdmUiComboBoxEditor::slotIndexActivated(int) at ResInsight/Fwk/AppFwk/cafUserInterface/cafPdmUiComboBoxEditor.cpp:455
  [16]  at :0
  [17] QComboBox::activated(int) at :0
  [18]  at :0
  [19]  at :0
  [20]  at :0
  [21] QComboBoxPrivateContainer::itemSelected(QModelIndex const&) at :0
  [22] QComboBoxPrivateContainer::eventFilter(QObject*, QEvent*) at :0
  [23] QCoreApplicationPrivate::sendThroughObjectEventFilters(QObject*, QEvent*) at :0
  [24] QApplicationPrivate::notify_helper(QObject*, QEvent*) at :0
  [25] QApplication::notify(QObject*, QEvent*) at :0
  [26] RiaGuiApplication::notify(QObject*, QEvent*) at ResInsight/ApplicationLibCode/Application/RiaGuiApplication.cpp:1828
  [27] QCoreApplication::notifyInternal2(QObject*, QEvent*) at :0
  [28] QApplicationPrivate::sendMouseEvent(QWidget*, QMouseEvent*, QWidget*, QWidget*, QWidget**, QPointer<QWidget>&, bool, bool) at :0
  [29]  at :0
  [30]  at :0
  [31] QApplicationPrivate::notify_helper(QObject*, QEvent*) at :0
  [32] RiaGuiApplication::notify(QObject*, QEvent*) at ResInsight/ApplicationLibCode/Application/RiaGuiApplication.cpp:1828
  [33] QCoreApplication::notifyInternal2(QObject*, QEvent*) at :0
  [34] QGuiApplicationPrivate::processMouseEvent(QWindowSystemInterfacePrivate::MouseEvent*) at :0
  [35] QWindowSystemInterface::sendWindowSystemEvents(QFlags<QEventLoop::ProcessEventsFlag>) at :0
  [36]  at :0
  [37] g_main_context_dispatch at :0
  [38] g_main_context_iterate.isra.20 at :0
  [39] g_main_context_iteration at :0
  [40] QEventDispatcherGlib::processEvents(QFlags<QEventLoop::ProcessEventsFlag>) at :0
  [41] QEventLoop::exec(QFlags<QEventLoop::ProcessEventsFlag>) at :0
  [42] QCoreApplication::exec() at :0
  [43] main at ResInsight/ApplicationExeCode/RiaMain.cpp:267
  [44] __libc_start_main at :0
  [45] _start at :0
  [46]  at :0
"
2026-07-03T07:05:10.187Z,2026.06.1,"  [0] performCrashLogging at ResInsight/ApplicationExeCode/RiaMainTools.cpp:170
  [1] manageSegFailureSA(int, siginfo_t*, void*) at ResInsight/ApplicationExeCode/RiaMainTools.cpp:302
  [2]  at :0
  [3] RimEclipseCase::eclipseCaseData() at ResInsight/ApplicationLibCode/ProjectDataModel/RimEclipseCase.cpp:196
  [4] RimStreamlineInViewCollection::findStartCells(int, std::vector<std::pair<QString, RigCell>, std::allocator<std::pair<QString, RigCell> > >&, std::vector<std::pair<QString, RigCell>, std::allocator<std::pair<QString, RigCell> > >&) at ResInsight/ApplicationLibCode/ProjectDataModel/Streamlines/RimStreamlineInViewCollection.cpp:394
  [5] RimStreamlineInViewCollection::updateStreamlines() at ResInsight/ApplicationLibCode/ProjectDataModel/Streamlines/RimStreamlineInViewCollection.cpp:454
  [6] RimEclipseView::onUpdateDisplayModelForCurrentTimeStep() at ResInsight/ApplicationLibCode/ProjectDataModel/RimEclipseView.cpp:932
  [7] Rim3dView::updateDisplayModelForCurrentTimeStepAndRedraw() at ResInsight/ApplicationLibCode/ProjectDataModel/Rim3dView.cpp:673
  [8] RiuViewer::setCurrentFrame(int) at ResInsight/ApplicationLibCode/UserInterface/RiuViewer.cpp:1042
  [9] RimEclipseView::onCreateDisplayModel() at ResInsight/ApplicationLibCode/ProjectDataModel/RimEclipseView.cpp:849
  [10] Rim3dView::createDisplayModelAndRedraw() at ResInsight/ApplicationLibCode/ProjectDataModel/Rim3dView.cpp:718
  [11] RiaViewRedrawScheduler::updateAndRedrawScheduledViews() at ResInsight/ApplicationLibCode/Application/RiaViewRedrawScheduler.cpp:93
  [12] RiaApplication::loadProject(QString const&, RiaApplication::ProjectLoadAction, RiaProjectModifier*) at ResInsight/ApplicationLibCode/Application/RiaApplication.cpp:930
  [13] RicOpenProjectFeature::onActionTriggered(bool) at ResInsight/ApplicationLibCode/Commands/ApplicationCommands/RicOpenProjectFeature.cpp:50
  [14] caf::CmdFeature::actionTriggered(bool) at ResInsight/Fwk/AppFwk/cafCommand/cafCmdFeature.cpp:176
  [15]  at :0
  [16] QAction::triggered(bool) at :0
  [17] QAction::activate(QAction::ActionEvent) at :0
  [18]  at :0
  [19]  at :0
  [20] QWidget::event(QEvent*) at :0
  [21] QApplicationPrivate::notify_helper(QObject*, QEvent*) at :0
  [22] QApplication::notify(QObject*, QEvent*) at :0
  [23] RiaGuiApplication::notify(QObject*, QEvent*) at ResInsight/ApplicationLibCode/Application/RiaGuiApplication.cpp:1828
  [24] QCoreApplication::notifyInternal2(QObject*, QEvent*) at :0
  [25] QApplicationPrivate::sendMouseEvent(QWidget*, QMouseEvent*, QWidget*, QWidget*, QWidget**, QPointer<QWidget>&, bool, bool) at :0
  [26]  at :0
  [27]  at :0
  [28] QApplicationPrivate::notify_helper(QObject*, QEvent*) at :0
  [29] RiaGuiApplication::notify(QObject*, QEvent*) at ResInsight/ApplicationLibCode/Application/RiaGuiApplication.cpp:1828
  [30] QCoreApplication::notifyInternal2(QObject*, QEvent*) at :0
  [31] QGuiApplicationPrivate::processMouseEvent(QWindowSystemInterfacePrivate::MouseEvent*) at :0
  [32] QWindowSystemInterface::sendWindowSystemEvents(QFlags<QEventLoop::ProcessEventsFlag>) at :0
  [33]  at :0
  [34] g_main_context_dispatch at :0
  [35] g_main_context_iterate.isra.20 at :0
  [36] g_main_context_iteration at :0
  [37] QEventDispatcherGlib::processEvents(QFlags<QEventLoop::ProcessEventsFlag>) at :0
  [38] QEventLoop::exec(QFlags<QEventLoop::ProcessEventsFlag>) at :0
  [39] QCoreApplication::exec() at :0
  [40] main at ResInsight/ApplicationExeCode/RiaMain.cpp:267
  [41] __libc_start_main at :0
  [42] _start at :0
  [43]  at :0
"
2026-07-03T06:08:32.032Z,2026.06.0,"  [0] performCrashLogging at ResInsight/ApplicationExeCode/RiaMainTools.cpp:167
  [1] manageSegFailureSA(int, siginfo_t*, void*) at ResInsight/ApplicationExeCode/RiaMainTools.cpp:263
  [2]  at :0
  [3] cvf::ref<cvf::ScalarMapper>::p() at ResInsight/Fwk/VizFwk/LibCore/cvfObject.inl:307
  [4] RivExtrudedCurveIntersectionPartMgr::updateCellResultColor(int, cvf::ScalarMapper const*, RivTernaryScalarMapper const*) at ResInsight/ApplicationLibCode/ModelVisualization/Intersections/RivExtrudedCurveIntersectionPartMgr.cpp:161
  [5] RimIntersectionCollection::updateCellResultColor(bool, int) at ResInsight/ApplicationLibCode/ProjectDataModel/Intersections/RimIntersectionCollection.cpp:159
  [6] RimEclipseView::updateVisibleCellColors() at ResInsight/ApplicationLibCode/ProjectDataModel/RimEclipseView.cpp:1131
  [7] RimEclipseContourMapView::updateGeometry() at ResInsight/ApplicationLibCode/ProjectDataModel/ContourMap/RimEclipseContourMapView.cpp:277
  [8] Rim3dView::updateDisplayModelForCurrentTimeStepAndRedraw() at ResInsight/ApplicationLibCode/ProjectDataModel/Rim3dView.cpp:673
  [9] RiuViewer::setCurrentFrame(int) at ResInsight/ApplicationLibCode/UserInterface/RiuViewer.cpp:1042
  [10] RimEclipseView::onCreateDisplayModel() at ResInsight/ApplicationLibCode/ProjectDataModel/RimEclipseView.cpp:849
  [11] RimEclipseContourMapView::onCreateDisplayModel() at ResInsight/ApplicationLibCode/ProjectDataModel/ContourMap/RimEclipseContourMapView.cpp:205
  [12] Rim3dView::createDisplayModelAndRedraw() at ResInsight/ApplicationLibCode/ProjectDataModel/Rim3dView.cpp:718
  [13] RicNewContourMapViewFeature::onActionTriggered(bool) at ResInsight/ApplicationLibCode/Commands/RicNewContourMapViewFeature.cpp:149
  [14] caf::CmdFeature::actionTriggered(bool) at ResInsight/Fwk/AppFwk/cafCommand/cafCmdFeature.cpp:176
  [15]  at :0
  [16] QAction::triggered(bool) at :0
  [17] QAction::activate(QAction::ActionEvent) at :0
  [18]  at :0
  [19]  at :0
  [20] QWidget::event(QEvent*) at :0
  [21] QApplicationPrivate::notify_helper(QObject*, QEvent*) at :0
  [22] QApplication::notify(QObject*, QEvent*) at :0
  [23] RiaGuiApplication::notify(QObject*, QEvent*) at ResInsight/ApplicationLibCode/Application/RiaGuiApplication.cpp:1831
  [24] QCoreApplication::notifyInternal2(QObject*, QEvent*) at :0
  [25] QApplicationPrivate::sendMouseEvent(QWidget*, QMouseEvent*, QWidget*, QWidget*, QWidget**, QPointer<QWidget>&, bool, bool) at :0
  [26]  at :0
  [27]  at :0
  [28] QApplicationPrivate::notify_helper(QObject*, QEvent*) at :0
  [29] RiaGuiApplication::notify(QObject*, QEvent*) at ResInsight/ApplicationLibCode/Application/RiaGuiApplication.cpp:1831
  [30] QCoreApplication::notifyInternal2(QObject*, QEvent*) at :0
  [31] QGuiApplicationPrivate::processMouseEvent(QWindowSystemInterfacePrivate::MouseEvent*) at :0
  [32] QWindowSystemInterface::sendWindowSystemEvents(QFlags<QEventLoop::ProcessEventsFlag>) at :0
  [33]  at :0
  [34] g_main_context_dispatch at :0
  [35] g_main_context_iterate.isra.20 at :0
  [36] g_main_context_iteration at :0
  [37] QEventDispatcherGlib::processEvents(QFlags<QEventLoop::ProcessEventsFlag>) at :0
  [38] QEventLoop::exec(QFlags<QEventLoop::ProcessEventsFlag>) at :0
  [39]  at :0
  [40] QMenu::exec(QPoint const&, QAction*) at :0
  [41] RiuMainWindow::customMenuRequested(QPoint const&) at ResInsight/ApplicationLibCode/UserInterface/RiuMainWindow.cpp:2092
  [42]  at :0
  [43] QWidget::customContextMenuRequested(QPoint const&) at :0
  [44] QWidget::event(QEvent*) at :0
  [45] QFrame::event(QEvent*) at :0
  [46] QCoreApplicationPrivate::sendThroughObjectEventFilters(QObject*, QEvent*) at :0
  [47] QApplicationPrivate::notify_helper(QObject*, QEvent*) at :0
  [48] QApplication::notify(QObject*, QEvent*) at :0
  [49] RiaGuiApplication::notify(QObject*, QEvent*) at ResInsight/ApplicationLibCode/Application/RiaGuiApplication.cpp:1831
  [50] QCoreApplication::notifyInternal2(QObject*, QEvent*) at :0
  [51]  at :0
  [52]  at :0
  [53] QApplicationPrivate::notify_helper(QObject*, QEvent*) at :0
  [54] RiaGuiApplication::notify(QObject*, QEvent*) at ResInsight/ApplicationLibCode/Application/RiaGuiApplication.cpp:1831
  [55] QCoreApplication::notifyInternal2(QObject*, QEvent*) at :0
  [56] QGuiApplicationPrivate::processMouseEvent(QWindowSystemInterfacePrivate::MouseEvent*) at :0
  [57] QWindowSystemInterface::sendWindowSystemEvents(QFlags<QEventLoop::ProcessEventsFlag>) at :0
  [58]  at :0
  [59] g_main_context_dispatch at :0
  [60] g_main_context_iterate.isra.20 at :0
  [61] g_main_context_iteration at :0
  [62] QEventDispatcherGlib::processEvents(QFlags<QEventLoop::ProcessEventsFlag>) at :0
  [63] QEventLoop::exec(QFlags<QEventLoop::ProcessEventsFlag>) at :0
  [64] QCoreApplication::exec() at :0
  [65] main at ResInsight/ApplicationExeCode/RiaMain.cpp:258
  [66] __libc_start_main at :0
  [67] _start at :0
  [68]  at :0
"
2026-07-02T22:27:52.237Z,2026.06.0,"  [0] performCrashLogging at ResInsight/ApplicationExeCode/RiaMainTools.cpp:167
  [1] manageSegFailureSA(int, siginfo_t*, void*) at ResInsight/ApplicationExeCode/RiaMainTools.cpp:263
  [2]  at :0
  [3] ecl_kw_get_type at ResInsight/ThirdParty/Ert/lib/ecl/ecl_kw.cpp:1772
  [4] ecl_kw_iget_int at ResInsight/ThirdParty/Ert/lib/ecl/ecl_kw.cpp:864
  [5] ecl_smspec_fread_header at ResInsight/ThirdParty/Ert/lib/ecl/ecl_smspec.cpp:1120
  [6] ecl_sum_fread at ResInsight/ThirdParty/Ert/lib/ecl/ecl_sum.cpp:213
  [7] ecl_sum_fread_alloc at ResInsight/ThirdParty/Ert/lib/ecl/ecl_sum.cpp:271
  [8] RifEclipseSummaryTools::openEclSum(QString const&, bool) at ResInsight/ApplicationLibCode/FileInterface/RifEclipseSummaryTools.cpp:519
  [9] RifEclEclipseSummary::open(QString const&, RiaThreadSafeLogger*) at ResInsight/ApplicationLibCode/FileInterface/RifEclEclipseSummary.cpp:69
  [10] RifReaderEclipseSummary::open(QString const&, RiaThreadSafeLogger*) at ResInsight/ApplicationLibCode/FileInterface/RifReaderEclipseSummary.cpp:155
  [11] RifSummaryReaderAggregator::createReadersAndImportMetaData(RifEnsembleImportConfig, RiaThreadSafeLogger*) at ResInsight/ApplicationLibCode/FileInterface/RifSummaryReaderAggregator.cpp:156
  [12] RimFileSummaryCase::findRelatedFilesAndCreateReader(QString const&, bool, RifEnsembleImportConfig, RiaThreadSafeLogger*) at ResInsight/ApplicationLibCode/ProjectDataModel/Summary/RimFileSummaryCase.cpp:221
  [13] RimFileSummaryCase::createSummaryReaderInterfaceThreadSafe(RifEnsembleImportConfig, RiaThreadSafeLogger*) at ResInsight/ApplicationLibCode/ProjectDataModel/Summary/RimFileSummaryCase.cpp:110
  [14] RimSummaryCaseMainCollection::loadFileSummaryCaseData(std::vector<RimFileSummaryCase*, std::allocator<RimFileSummaryCase*> > const&, bool) [clone ._omp_fn.0] at ResInsight/ApplicationLibCode/ProjectDataModel/Summary/RimSummaryCaseMainCollection.cpp:592
  [15] gomp_thread_start at :0
  [16] start_thread at :0
  [17] __GI___clone at :0
  [18]  at :0
"
2026-07-02T14:48:43.113Z,2026.06.1,"  [0] performCrashLogging at ResInsight/ApplicationExeCode/RiaMainTools.cpp:170
  [1] manageSegFailureSA(int, siginfo_t*, void*) at ResInsight/ApplicationExeCode/RiaMainTools.cpp:302
  [2]  at :0
  [3] RifEclipseOutputFileTools::timeSteps(ecl_file_struct const*, std::vector<QDateTime, std::allocator<QDateTime> >*, std::vector<double, std::allocator<double> >*, unsigned long*) at ResInsight/ApplicationLibCode/FileInterface/RifEclipseOutputFileTools.cpp:289
  [4] RifEclipseUnifiedRestartFileAccess::extractTimestepsFromEclipse() at ResInsight/ApplicationLibCode/FileInterface/RifEclipseUnifiedRestartFileAccess.cpp:154
  [5] RifEclipseUnifiedRestartFileAccess::timeSteps(std::vector<QDateTime, std::allocator<QDateTime> >*, std::vector<double, std::allocator<double> >*) at ResInsight/ApplicationLibCode/FileInterface/RifEclipseUnifiedRestartFileAccess.cpp:206
  [6] RifReaderEclipseOutput::createFilteredTimeStepInfos() at ResInsight/ApplicationLibCode/FileInterface/RifReaderEclipseOutput.cpp:1096
  [7] RifReaderEclipseOutput::buildMetaData(ecl_grid_struct*) at ResInsight/ApplicationLibCode/FileInterface/RifReaderEclipseOutput.cpp:886
  [8] RifReaderEclipseOutput::open(QString const&, RigEclipseCaseData*) at ResInsight/ApplicationLibCode/FileInterface/RifReaderEclipseOutput.cpp:432
  [9] RimEclipseResultCase::importGridAndResultMetaData(bool) at ResInsight/ApplicationLibCode/ProjectDataModel/RimEclipseResultCase.cpp:259
  [10] RiaImportEclipseCaseTools::openEclipseCaseShowTimeStepFilterImpl(QString const&, bool, bool, RifReaderSettings&) at ResInsight/ApplicationLibCode/Application/Tools/RiaImportEclipseCaseTools.cpp:372
  [11] RiaImportEclipseCaseTools::openEclipseCasesFromFile(QList<QString> const&, bool, std::map<QString, int, std::less<QString>, std::allocator<std::pair<QString const, int> > >*, bool, RifReaderSettings&) at ResInsight/ApplicationLibCode/Application/Tools/RiaImportEclipseCaseTools.cpp:107
  [12] RicImportGeneralDataFeature::openEclipseCaseFromFileNames(QList<QString> const&, bool, std::vector<int, std::allocator<int> >&, RifReaderSettings&) at ResInsight/ApplicationLibCode/Commands/RicImportGeneralDataFeature.cpp:365
  [13] RicImportGeneralDataFeature::openEclipseFilesFromFileNames(QList<QString> const&, bool, bool, RifReaderSettings&) at ResInsight/ApplicationLibCode/Commands/RicImportGeneralDataFeature.cpp:105
  [14] RicImportGeneralDataFeature::openEclipseFilesFromFileNames(QList<QString> const&, bool, bool) at ResInsight/ApplicationLibCode/Commands/RicImportGeneralDataFeature.cpp:56
  [15] RicImportGridModelFeature::onActionTriggered(bool) at ResInsight/ApplicationLibCode/Commands/EclipseCommands/RicImportGridModelFeature.cpp:81
  [16] caf::CmdFeature::actionTriggered(bool) at ResInsight/Fwk/AppFwk/cafCommand/cafCmdFeature.cpp:176
  [17]  at :0
  [18] QAction::triggered(bool) at :0
  [19] QAction::activate(QAction::ActionEvent) at :0
  [20]  at :0
  [21]  at :0
  [22] QWidget::event(QEvent*) at :0
  [23] QApplicationPrivate::notify_helper(QObject*, QEvent*) at :0
  [24] QApplication::notify(QObject*, QEvent*) at :0
  [25] RiaGuiApplication::notify(QObject*, QEvent*) at ResInsight/ApplicationLibCode/Application/RiaGuiApplication.cpp:1828
  [26] QCoreApplication::notifyInternal2(QObject*, QEvent*) at :0
  [27] QApplicationPrivate::sendMouseEvent(QWidget*, QMouseEvent*, QWidget*, QWidget*, QWidget**, QPointer<QWidget>&, bool, bool) at :0
  [28]  at :0
  [29]  at :0
  [30] QApplicationPrivate::notify_helper(QObject*, QEvent*) at :0
  [31] RiaGuiApplication::notify(QObject*, QEvent*) at ResInsight/ApplicationLibCode/Application/RiaGuiApplication.cpp:1828
  [32] QCoreApplication::notifyInternal2(QObject*, QEvent*) at :0
  [33] QGuiApplicationPrivate::processMouseEvent(QWindowSystemInterfacePrivate::MouseEvent*) at :0
  [34] QWindowSystemInterface::sendWindowSystemEvents(QFlags<QEventLoop::ProcessEventsFlag>) at :0
  [35]  at :0
  [36] g_main_context_dispatch at :0
  [37] g_main_context_iterate.isra.20 at :0
  [38] g_main_context_iteration at :0
  [39] QEventDispatcherGlib::processEvents(QFlags<QEventLoop::ProcessEventsFlag>) at :0
  [40] QEventLoop::exec(QFlags<QEventLoop::ProcessEventsFlag>) at :0
  [41] QCoreApplication::exec() at :0
  [42] main at ResInsight/ApplicationExeCode/RiaMain.cpp:267
  [43] __libc_start_main at :0
  [44] _start at :0
  [45]  at :0
"
2026-07-02T14:02:16.469Z,2026.06.0,"  [0] performCrashLogging at ResInsight/ApplicationExeCode/RiaMainTools.cpp:167
  [1] manageSegFailureSA(int, siginfo_t*, void*) at ResInsight/ApplicationExeCode/RiaMainTools.cpp:263
  [2]  at :0
  [3] __GI_raise at :0
  [4] __GI_abort at :0
  [5] caf::PdmUiEditorHandle::updateUi(QString const&) at ResInsight/Fwk/AppFwk/cafProjectDataModel/cafPdmUiCore/cafPdmUiEditorHandle.cpp:65
  [6] caf::PdmUiPropertyView::showProperties(caf::PdmObjectHandle*) at ResInsight/Fwk/AppFwk/cafUserInterface/cafPdmUiPropertyView.cpp:213
  [7] RiuMainWindow::selectedObjectsChanged() at ResInsight/ApplicationLibCode/UserInterface/RiuMainWindow.cpp:1539
  [8]  at :0
  [9] caf::PdmUiTreeView::slotOnSelectionChanged() at ResInsight/Fwk/AppFwk/cafUserInterface/cafPdmUiTreeView.cpp:154
  [10]  at :0
  [11]  at :0
  [12] QItemSelectionModel::selectionChanged(QItemSelection const&, QItemSelection const&) at :0
  [13] QItemSelectionModel::emitSelectionChanged(QItemSelection const&, QItemSelection const&) at :0
  [14] QItemSelectionModel::select(QItemSelection const&, QFlags<QItemSelectionModel::SelectionFlag>) at :0
  [15] QTreeViewPrivate::select(QModelIndex const&, QModelIndex const&, QFlags<QItemSelectionModel::SelectionFlag>) at :0
  [16] QTreeView::setSelection(QRect const&, QFlags<QItemSelectionModel::SelectionFlag>) at :0
  [17] QAbstractItemView::mousePressEvent(QMouseEvent*) at :0
  [18] QWidget::event(QEvent*) at :0
  [19] QFrame::event(QEvent*) at :0
  [20] QCoreApplicationPrivate::sendThroughObjectEventFilters(QObject*, QEvent*) at :0
  [21] QApplicationPrivate::notify_helper(QObject*, QEvent*) at :0
  [22] QApplication::notify(QObject*, QEvent*) at :0
  [23] RiaGuiApplication::notify(QObject*, QEvent*) at ResInsight/ApplicationLibCode/Application/RiaGuiApplication.cpp:1831
  [24] QCoreApplication::notifyInternal2(QObject*, QEvent*) at :0
  [25] QApplicationPrivate::sendMouseEvent(QWidget*, QMouseEvent*, QWidget*, QWidget*, QWidget**, QPointer<QWidget>&, bool, bool) at :0
  [26]  at :0
  [27]  at :0
  [28] QApplicationPrivate::notify_helper(QObject*, QEvent*) at :0
  [29] RiaGuiApplication::notify(QObject*, QEvent*) at ResInsight/ApplicationLibCode/Application/RiaGuiApplication.cpp:1831
  [30] QCoreApplication::notifyInternal2(QObject*, QEvent*) at :0
  [31] QGuiApplicationPrivate::processMouseEvent(QWindowSystemInterfacePrivate::MouseEvent*) at :0
  [32] QGuiApplicationPrivate::processMouseEvent(QWindowSystemInterfacePrivate::MouseEvent*) at :0
  [33] QWindowSystemInterface::sendWindowSystemEvents(QFlags<QEventLoop::ProcessEventsFlag>) at :0
  [34]  at :0
  [35] g_main_context_dispatch at :0
  [36] g_main_context_iterate.isra.20 at :0
  [37] g_main_context_iteration at :0
  [38] QEventDispatcherGlib::processEvents(QFlags<QEventLoop::ProcessEventsFlag>) at :0
  [39] QEventLoop::exec(QFlags<QEventLoop::ProcessEventsFlag>) at :0
  [40] RiaOpenTelemetryManager::reportCrash(int, std::basic_stacktrace<std::allocator<std::stacktrace_entry> > const&, std::map<std::__cxx11::basic_string<char, std::char_traits<char>, std::allocator<char> >, std::__cxx11::basic_string<char, std::char_traits<char>, std::allocator<char> >, std::less<std::__cxx11::basic_string<char, std::char_traits<char>, std::allocator<char> > >, std::allocator<std::pair<std::__cxx11::basic_string<char, std::char_traits<char>, std::allocator<char> > const, std::__cxx11::basic_string<char, std::char_traits<char>, std::allocator<char> > > > > const&) at ResInsight/ApplicationLibCode/Application/Tools/Telemetry/RiaOpenTelemetryManager.cpp:417
  [41] performCrashLogging at ResInsight/ApplicationExeCode/RiaMainTools.cpp:200
  [42] manageSegFailureSA(int, siginfo_t*, void*) at ResInsight/ApplicationExeCode/RiaMainTools.cpp:263
  [43]  at :0
  [44] __GI_raise at :0
  [45] __GI_abort at :0
  [46] caf::PdmUiEditorHandle::updateUi(QString const&) at ResInsight/Fwk/AppFwk/cafProjectDataModel/cafPdmUiCore/cafPdmUiEditorHandle.cpp:65
  [47] caf::PdmUiPropertyView::showProperties(caf::PdmObjectHandle*) at ResInsight/Fwk/AppFwk/cafUserInterface/cafPdmUiPropertyView.cpp:213
  [48] RiuMainWindow::selectedObjectsChanged() at ResInsight/ApplicationLibCode/UserInterface/RiuMainWindow.cpp:1539
  [49]  at :0
  [50] caf::PdmUiTreeView::slotOnSelectionChanged() at ResInsight/Fwk/AppFwk/cafUserInterface/cafPdmUiTreeView.cpp:154
  [51]  at :0
  [52]  at :0
  [53] QItemSelectionModel::selectionChanged(QItemSelection const&, QItemSelection const&) at :0
  [54] QItemSelectionModel::emitSelectionChanged(QItemSelection const&, QItemSelection const&) at :0
  [55] QItemSelectionModel::select(QItemSelection const&, QFlags<QItemSelectionModel::SelectionFlag>) at :0
  [56] QTreeViewPrivate::select(QModelIndex const&, QModelIndex const&, QFlags<QItemSelectionModel::SelectionFlag>) at :0
  [57] QTreeView::setSelection(QRect const&, QFlags<QItemSelectionModel::SelectionFlag>) at :0
  [58] QAbstractItemView::mousePressEvent(QMouseEvent*) at :0
  [59] QWidget::event(QEvent*) at :0
  [60] QFrame::event(QEvent*) at :0
  [61] QCoreApplicationPrivate::sendThroughObjectEventFilters(QObject*, QEvent*) at :0
  [62] QApplicationPrivate::notify_helper(QObject*, QEvent*) at :0
  [63] QApplication::notify(QObject*, QEvent*) at :0
  [64] RiaGuiApplication::notify(QObject*, QEvent*) at ResInsight/ApplicationLibCode/Application/RiaGuiApplication.cpp:1831
  [65] QCoreApplication::notifyInternal2(QObject*, QEvent*) at :0
  [66] QApplicationPrivate::sendMouseEvent(QWidget*, QMouseEvent*, QWidget*, QWidget*, QWidget**, QPointer<QWidget>&, bool, bool) at :0
  [67]  at :0
  [68]  at :0
  [69] QApplicationPrivate::notify_helper(QObject*, QEvent*) at :0
  [70] RiaGuiApplication::notify(QObject*, QEvent*) at ResInsight/ApplicationLibCode/Application/RiaGuiApplication.cpp:1831
  [71] QCoreApplication::notifyInternal2(QObject*, QEvent*) at :0
  [72] QGuiApplicationPrivate::processMouseEvent(QWindowSystemInterfacePrivate::MouseEvent*) at :0
  [73] QGuiApplicationPrivate::processMouseEvent(QWindowSystemInterfacePrivate::MouseEvent*) at :0
  [74] QWindowSystemInterface::sendWindowSystemEvents(QFlags<QEventLoop::ProcessEventsFlag>) at :0
  [75]  at :0
  [76] g_main_context_dispatch at :0
  [77] g_main_context_iterate.isra.20 at :0
  [78] g_main_context_iteration at :0
  [79] QEventDispatcherGlib::processEvents(QFlags<QEventLoop::ProcessEventsFlag>) at :0
  [80] QEventLoop::exec(QFlags<QEventLoop::ProcessEventsFlag>) at :0
  [81] RiaOpenTelemetryManager::reportCrash(int, std::basic_stacktrace<std::allocator<std::stacktrace_entry> > const&, std::map<std::__cxx11::basic_string<char, std::char_traits<char>, std::allocator<char> >, std::__cxx11::basic_string<char, std::char_traits<char>, std::allocator<char> >, std::less<std::__cxx11::basic_string<char, std::char_traits<char>, std::allocator<char> > >, std::allocator<std::pair<std::__cxx11::basic_string<char, std::char_traits<char>, std::allocator<char> > const, std::__cxx11::basic_string<char, std::char_traits<char>, std::allocator<char> > > > > const&) at ResInsight/ApplicationLibCode/Application/Tools/Telemetry/RiaOpenTelemetryManager.cpp:417
  [82] performCrashLogging at ResInsight/ApplicationExeCode/RiaMainTools.cpp:200
  [83] manageSegFailureSA(int, siginfo_t*, void*) at ResInsight/ApplicationExeCode/RiaMainTools.cpp:263
  [84]  at :0
  [85] __GI_raise at :0
  [86] __GI_abort at :0
  [87] caf::PdmUiEditorHandle::updateUi(QString const&) at ResInsight/Fwk/AppFwk/cafProjectDataModel/cafPdmUiCore/cafPdmUiEditorHandle.cpp:65
  [88] caf::PdmUiPropertyView::showProperties(caf::PdmObjectHandle*) at ResInsight/Fwk/AppFwk/cafUserInterface/cafPdmUiPropertyView.cpp:213
  [89] RiuMainWindow::selectedObjectsChanged() at ResInsight/ApplicationLibCode/UserInterface/RiuMainWindow.cpp:1539
  [90]  at :0
  [91] caf::PdmUiTreeView::slotOnSelectionChanged() at ResInsight/Fwk/AppFwk/cafUserInterface/cafPdmUiTreeView.cpp:154
  [92]  at :0
  [93]  at :0
  [94] QItemSelectionModel::selectionChanged(QItemSelection const&, QItemSelection const&) at :0
  [95] QItemSelectionModel::emitSelectionChanged(QItemSelection const&, QItemSelection const&) at :0
  [96] QItemSelectionModel::select(QItemSelection const&, QFlags<QItemSelectionModel::SelectionFlag>) at :0
  [97] QTreeViewPrivate::select(QModelIndex const&, QModelIndex const&, QFlags<QItemSelectionModel::SelectionFlag>) at :0
  [98] QTreeView::setSelection(QRect const&, QFlags<QItemSelectionModel::SelectionFlag>) at :0
  [99] QAbstractItemView::mousePressEvent(QMouseEvent*) at :0
  [100] QWidget::event(QEvent*) at :0
  [101] QFrame::event(QEvent*) at :0
  [102] QCoreApplicationPrivate::sendThroughObjectEventFilters(QObject*, QEvent*) at :0
  [103] QApplicationPrivate::notify_helper(QObject*, QEvent*) at :0
  [104] QApplication::notify(QObject*, QEvent*) at :0
  [105] RiaGuiApplication::notify(QObject*, QEvent*) at ResInsight/ApplicationLibCode/Application/RiaGuiApplication.cpp:1831
  [106] QCoreApplication::notifyInternal2(QObject*, QEvent*) at :0
  [107] QApplicationPrivate::sendMouseEvent(QWidget*, QMouseEvent*, QWidget*, QWidget*, QWidget**, QPointer<QWidget>&, bool, bool) at :0
  [108]  at :0
  [109]  at :0
  [110] QApplicationPrivate::notify_helper(QObject*, QEvent*) at :0
  [111] RiaGuiApplication::notify(QObject*, QEvent*) at ResInsight/ApplicationLibCode/Application/RiaGuiApplication.cpp:1831
  [112] QCoreApplication::notifyInternal2(QObject*, QEvent*) at :0
  [113] QGuiApplicationPrivate::processMouseEvent(QWindowSystemInterfacePrivate::MouseEvent*) at :0
  [114] QWindowSystemInterface::sendWindowSystemEvents(QFlags<QEventLoop::ProcessEventsFlag>) at :0
  [115]  at :0
  [116] g_main_context_dispatch at :0
  [117] g_main_context_iterate.isra.20 at :0
  [118] g_main_context_iteration at :0
  [119] QEventDispatcherGlib::processEvents(QFlags<QEventLoop::ProcessEventsFlag>) at :0
  [120] QEventLoop::exec(QFlags<QEventLoop::ProcessEventsFlag>) at :0
  [121] QCoreApplication::exec() at :0
  [122] main at ResInsight/ApplicationExeCode/RiaMain.cpp:258
  [123] __libc_start_main at :0
  [124] _start at :0
  [125]  at :0
"
2026-07-02T14:02:16.444Z,2026.06.0,"  [0] performCrashLogging at ResInsight/ApplicationExeCode/RiaMainTools.cpp:167
  [1] manageSegFailureSA(int, siginfo_t*, void*) at ResInsight/ApplicationExeCode/RiaMainTools.cpp:263
  [2]  at :0
  [3] __GI_raise at :0
  [4] __GI_abort at :0
  [5] caf::PdmUiEditorHandle::updateUi(QString const&) at ResInsight/Fwk/AppFwk/cafProjectDataModel/cafPdmUiCore/cafPdmUiEditorHandle.cpp:65
  [6] caf::PdmUiPropertyView::showProperties(caf::PdmObjectHandle*) at ResInsight/Fwk/AppFwk/cafUserInterface/cafPdmUiPropertyView.cpp:213
  [7] RiuMainWindow::selectedObjectsChanged() at ResInsight/ApplicationLibCode/UserInterface/RiuMainWindow.cpp:1539
  [8]  at :0
  [9] caf::PdmUiTreeView::slotOnSelectionChanged() at ResInsight/Fwk/AppFwk/cafUserInterface/cafPdmUiTreeView.cpp:154
  [10]  at :0
  [11]  at :0
  [12] QItemSelectionModel::selectionChanged(QItemSelection const&, QItemSelection const&) at :0
  [13] QItemSelectionModel::emitSelectionChanged(QItemSelection const&, QItemSelection const&) at :0
  [14] QItemSelectionModel::select(QItemSelection const&, QFlags<QItemSelectionModel::SelectionFlag>) at :0
  [15] QTreeViewPrivate::select(QModelIndex const&, QModelIndex const&, QFlags<QItemSelectionModel::SelectionFlag>) at :0
  [16] QTreeView::setSelection(QRect const&, QFlags<QItemSelectionModel::SelectionFlag>) at :0
  [17] QAbstractItemView::mousePressEvent(QMouseEvent*) at :0
  [18] QWidget::event(QEvent*) at :0
  [19] QFrame::event(QEvent*) at :0
  [20] QCoreApplicationPrivate::sendThroughObjectEventFilters(QObject*, QEvent*) at :0
  [21] QApplicationPrivate::notify_helper(QObject*, QEvent*) at :0
  [22] QApplication::notify(QObject*, QEvent*) at :0
  [23] RiaGuiApplication::notify(QObject*, QEvent*) at ResInsight/ApplicationLibCode/Application/RiaGuiApplication.cpp:1831
  [24] QCoreApplication::notifyInternal2(QObject*, QEvent*) at :0
  [25] QApplicationPrivate::sendMouseEvent(QWidget*, QMouseEvent*, QWidget*, QWidget*, QWidget**, QPointer<QWidget>&, bool, bool) at :0
  [26]  at :0
  [27]  at :0
  [28] QApplicationPrivate::notify_helper(QObject*, QEvent*) at :0
  [29] RiaGuiApplication::notify(QObject*, QEvent*) at ResInsight/ApplicationLibCode/Application/RiaGuiApplication.cpp:1831
  [30] QCoreApplication::notifyInternal2(QObject*, QEvent*) at :0
  [31] QGuiApplicationPrivate::processMouseEvent(QWindowSystemInterfacePrivate::MouseEvent*) at :0
  [32] QGuiApplicationPrivate::processMouseEvent(QWindowSystemInterfacePrivate::MouseEvent*) at :0
  [33] QWindowSystemInterface::sendWindowSystemEvents(QFlags<QEventLoop::ProcessEventsFlag>) at :0
  [34]  at :0
  [35] g_main_context_dispatch at :0
  [36] g_main_context_iterate.isra.20 at :0
  [37] g_main_context_iteration at :0
  [38] QEventDispatcherGlib::processEvents(QFlags<QEventLoop::ProcessEventsFlag>) at :0
  [39] QEventLoop::exec(QFlags<QEventLoop::ProcessEventsFlag>) at :0
  [40] RiaOpenTelemetryManager::reportCrash(int, std::basic_stacktrace<std::allocator<std::stacktrace_entry> > const&, std::map<std::__cxx11::basic_string<char, std::char_traits<char>, std::allocator<char> >, std::__cxx11::basic_string<char, std::char_traits<char>, std::allocator<char> >, std::less<std::__cxx11::basic_string<char, std::char_traits<char>, std::allocator<char> > >, std::allocator<std::pair<std::__cxx11::basic_string<char, std::char_traits<char>, std::allocator<char> > const, std::__cxx11::basic_string<char, std::char_traits<char>, std::allocator<char> > > > > const&) at ResInsight/ApplicationLibCode/Application/Tools/Telemetry/RiaOpenTelemetryManager.cpp:417
  [41] performCrashLogging at ResInsight/ApplicationExeCode/RiaMainTools.cpp:200
  [42] manageSegFailureSA(int, siginfo_t*, void*) at ResInsight/ApplicationExeCode/RiaMainTools.cpp:263
  [43]  at :0
  [44] __GI_raise at :0
  [45] __GI_abort at :0
  [46] caf::PdmUiEditorHandle::updateUi(QString const&) at ResInsight/Fwk/AppFwk/cafProjectDataModel/cafPdmUiCore/cafPdmUiEditorHandle.cpp:65
  [47] caf::PdmUiPropertyView::showProperties(caf::PdmObjectHandle*) at ResInsight/Fwk/AppFwk/cafUserInterface/cafPdmUiPropertyView.cpp:213
  [48] RiuMainWindow::selectedObjectsChanged() at ResInsight/ApplicationLibCode/UserInterface/RiuMainWindow.cpp:1539
  [49]  at :0
  [50] caf::PdmUiTreeView::slotOnSelectionChanged() at ResInsight/Fwk/AppFwk/cafUserInterface/cafPdmUiTreeView.cpp:154
  [51]  at :0
  [52]  at :0
  [53] QItemSelectionModel::selectionChanged(QItemSelection const&, QItemSelection const&) at :0
  [54] QItemSelectionModel::emitSelectionChanged(QItemSelection const&, QItemSelection const&) at :0
  [55] QItemSelectionModel::select(QItemSelection const&, QFlags<QItemSelectionModel::SelectionFlag>) at :0
  [56] QTreeViewPrivate::select(QModelIndex const&, QModelIndex const&, QFlags<QItemSelectionModel::SelectionFlag>) at :0
  [57] QTreeView::setSelection(QRect const&, QFlags<QItemSelectionModel::SelectionFlag>) at :0
  [58] QAbstractItemView::mousePressEvent(QMouseEvent*) at :0
  [59] QWidget::event(QEvent*) at :0
  [60] QFrame::event(QEvent*) at :0
  [61] QCoreApplicationPrivate::sendThroughObjectEventFilters(QObject*, QEvent*) at :0
  [62] QApplicationPrivate::notify_helper(QObject*, QEvent*) at :0
  [63] QApplication::notify(QObject*, QEvent*) at :0
  [64] RiaGuiApplication::notify(QObject*, QEvent*) at ResInsight/ApplicationLibCode/Application/RiaGuiApplication.cpp:1831
  [65] QCoreApplication::notifyInternal2(QObject*, QEvent*) at :0
  [66] QApplicationPrivate::sendMouseEvent(QWidget*, QMouseEvent*, QWidget*, QWidget*, QWidget**, QPointer<QWidget>&, bool, bool) at :0
  [67]  at :0
  [68]  at :0
  [69] QApplicationPrivate::notify_helper(QObject*, QEvent*) at :0
  [70] RiaGuiApplication::notify(QObject*, QEvent*) at ResInsight/ApplicationLibCode/Application/RiaGuiApplication.cpp:1831
  [71] QCoreApplication::notifyInternal2(QObject*, QEvent*) at :0
  [72] QGuiApplicationPrivate::processMouseEvent(QWindowSystemInterfacePrivate::MouseEvent*) at :0
  [73] QWindowSystemInterface::sendWindowSystemEvents(QFlags<QEventLoop::ProcessEventsFlag>) at :0
  [74]  at :0
  [75] g_main_context_dispatch at :0
  [76] g_main_context_iterate.isra.20 at :0
  [77] g_main_context_iteration at :0
  [78] QEventDispatcherGlib::processEvents(QFlags<QEventLoop::ProcessEventsFlag>) at :0
  [79] QEventLoop::exec(QFlags<QEventLoop::ProcessEventsFlag>) at :0
  [80] QCoreApplication::exec() at :0
  [81] main at ResInsight/ApplicationExeCode/RiaMain.cpp:258
  [82] __libc_start_main at :0
  [83] _start at :0
  [84]  at :0
"
2026-07-02T14:02:16.351Z,2026.06.0,"  [0] performCrashLogging at ResInsight/ApplicationExeCode/RiaMainTools.cpp:167
  [1] manageSegFailureSA(int, siginfo_t*, void*) at ResInsight/ApplicationExeCode/RiaMainTools.cpp:263
  [2]  at :0
  [3] __GI_raise at :0
  [4] __GI_abort at :0
  [5] caf::PdmUiEditorHandle::updateUi(QString const&) at ResInsight/Fwk/AppFwk/cafProjectDataModel/cafPdmUiCore/cafPdmUiEditorHandle.cpp:65
  [6] caf::PdmUiPropertyView::showProperties(caf::PdmObjectHandle*) at ResInsight/Fwk/AppFwk/cafUserInterface/cafPdmUiPropertyView.cpp:213
  [7] RiuMainWindow::selectedObjectsChanged() at ResInsight/ApplicationLibCode/UserInterface/RiuMainWindow.cpp:1539
  [8]  at :0
  [9] caf::PdmUiTreeView::slotOnSelectionChanged() at ResInsight/Fwk/AppFwk/cafUserInterface/cafPdmUiTreeView.cpp:154
  [10]  at :0
  [11]  at :0
  [12] QItemSelectionModel::selectionChanged(QItemSelection const&, QItemSelection const&) at :0
  [13] QItemSelectionModel::emitSelectionChanged(QItemSelection const&, QItemSelection const&) at :0
  [14] QItemSelectionModel::select(QItemSelection const&, QFlags<QItemSelectionModel::SelectionFlag>) at :0
  [15] QTreeViewPrivate::select(QModelIndex const&, QModelIndex const&, QFlags<QItemSelectionModel::SelectionFlag>) at :0
  [16] QTreeView::setSelection(QRect const&, QFlags<QItemSelectionModel::SelectionFlag>) at :0
  [17] QAbstractItemView::mousePressEvent(QMouseEvent*) at :0
  [18] QWidget::event(QEvent*) at :0
  [19] QFrame::event(QEvent*) at :0
  [20] QCoreApplicationPrivate::sendThroughObjectEventFilters(QObject*, QEvent*) at :0
  [21] QApplicationPrivate::notify_helper(QObject*, QEvent*) at :0
  [22] QApplication::notify(QObject*, QEvent*) at :0
  [23] RiaGuiApplication::notify(QObject*, QEvent*) at ResInsight/ApplicationLibCode/Application/RiaGuiApplication.cpp:1831
  [24] QCoreApplication::notifyInternal2(QObject*, QEvent*) at :0
  [25] QApplicationPrivate::sendMouseEvent(QWidget*, QMouseEvent*, QWidget*, QWidget*, QWidget**, QPointer<QWidget>&, bool, bool) at :0
  [26]  at :0
  [27]  at :0
  [28] QApplicationPrivate::notify_helper(QObject*, QEvent*) at :0
  [29] RiaGuiApplication::notify(QObject*, QEvent*) at ResInsight/ApplicationLibCode/Application/RiaGuiApplication.cpp:1831
  [30] QCoreApplication::notifyInternal2(QObject*, QEvent*) at :0
  [31] QGuiApplicationPrivate::processMouseEvent(QWindowSystemInterfacePrivate::MouseEvent*) at :0
  [32] QWindowSystemInterface::sendWindowSystemEvents(QFlags<QEventLoop::ProcessEventsFlag>) at :0
  [33]  at :0
  [34] g_main_context_dispatch at :0
  [35] g_main_context_iterate.isra.20 at :0
  [36] g_main_context_iteration at :0
  [37] QEventDispatcherGlib::processEvents(QFlags<QEventLoop::ProcessEventsFlag>) at :0
  [38] QEventLoop::exec(QFlags<QEventLoop::ProcessEventsFlag>) at :0
  [39] QCoreApplication::exec() at :0
  [40] main at ResInsight/ApplicationExeCode/RiaMain.cpp:258
  [41] __libc_start_main at :0
  [42] _start at :0
  [43]  at :0
"
2026-07-02T07:59:59.213Z,2026.02.1,"  [0] performCrashLogging at ResInsight/ApplicationExeCode/RiaMainTools.cpp:147
  [1] manageSegFailureSA(int, siginfo_t*, void*) at ResInsight/ApplicationExeCode/RiaMainTools.cpp:227
  [2]  at :0
  [3] __GI_raise at :0
  [4] __GI_abort at :0
  [5] RigTransmissibilityCondenser::calculateCondensedTransmissibilities() at ResInsight/ApplicationLibCode/ReservoirDataModel/Completions/RigTransmissibilityCondenser.cpp:336
  [6] RigTransmissibilityCondenser::externalCells() at ResInsight/ApplicationLibCode/ReservoirDataModel/Completions/RigTransmissibilityCondenser.cpp:110
  [7] RicExportFractureCompletionsImpl::calculateMatrixToWellTransmissibilities(RigTransmissibilityCondenser&) at ResInsight/ApplicationLibCode/Commands/CompletionExportCommands/RicExportFractureCompletionsImpl.cpp:710
  [8] RicExportFractureCompletionsImpl::generateCompdatValuesConst(RimEclipseCase const*, QString const&, RigWellPath const*, std::vector<RimFracture const*, std::allocator<RimFracture const*> > const&, std::vector<RicWellPathFractureReportItem, std::allocator<RicWellPathFractureReportItem> >*, QTextStream*, RicExportFractureCompletionsImpl::PressureDepletionParameters) [clone ._omp_fn.0] at ResInsight/ApplicationLibCode/Commands/CompletionExportCommands/RicExportFractureCompletionsImpl.cpp:305
  [9] gomp_thread_start at :0
  [10] start_thread at :0
  [11] __GI___clone at :0
  [12]  at :0
"
2026-07-02T07:59:59.213Z,2026.02.1,"  [0] performCrashLogging at ResInsight/ApplicationExeCode/RiaMainTools.cpp:147
  [1] manageSegFailureSA(int, siginfo_t*, void*) at ResInsight/ApplicationExeCode/RiaMainTools.cpp:227
  [2]  at :0
  [3] __GI_raise at :0
  [4] __GI_abort at :0
  [5] RigTransmissibilityCondenser::calculateCondensedTransmissibilities() at ResInsight/ApplicationLibCode/ReservoirDataModel/Completions/RigTransmissibilityCondenser.cpp:336
  [6] RigTransmissibilityCondenser::externalCells() at ResInsight/ApplicationLibCode/ReservoirDataModel/Completions/RigTransmissibilityCondenser.cpp:110
  [7] RicExportFractureCompletionsImpl::calculateMatrixToWellTransmissibilities(RigTransmissibilityCondenser&) at ResInsight/ApplicationLibCode/Commands/CompletionExportCommands/RicExportFractureCompletionsImpl.cpp:710
  [8] RicExportFractureCompletionsImpl::generateCompdatValuesConst(RimEclipseCase const*, QString const&, RigWellPath const*, std::vector<RimFracture const*, std::allocator<RimFracture const*> > const&, std::vector<RicWellPathFractureReportItem, std::allocator<RicWellPathFractureReportItem> >*, QTextStream*, RicExportFractureCompletionsImpl::PressureDepletionParameters) [clone ._omp_fn.0] at ResInsight/ApplicationLibCode/Commands/CompletionExportCommands/RicExportFractureCompletionsImpl.cpp:305
  [9] gomp_thread_start at :0
  [10] start_thread at :0
  [11] __GI___clone at :0
  [12]  at :0
"
2026-07-02T07:59:47.498Z,2026.02.1,"  [0] performCrashLogging at ResInsight/ApplicationExeCode/RiaMainTools.cpp:147
  [1] manageSegFailureSA(int, siginfo_t*, void*) at ResInsight/ApplicationExeCode/RiaMainTools.cpp:227
  [2]  at :0
  [3] __GI_raise at :0
  [4] __GI_abort at :0
  [5] RigTransmissibilityCondenser::calculateCondensedTransmissibilities() at ResInsight/ApplicationLibCode/ReservoirDataModel/Completions/RigTransmissibilityCondenser.cpp:336
  [6] RigTransmissibilityCondenser::externalCells() at ResInsight/ApplicationLibCode/ReservoirDataModel/Completions/RigTransmissibilityCondenser.cpp:110
  [7] RicExportFractureCompletionsImpl::calculateMatrixToWellTransmissibilities(RigTransmissibilityCondenser&) at ResInsight/ApplicationLibCode/Commands/CompletionExportCommands/RicExportFractureCompletionsImpl.cpp:710
  [8] RicExportFractureCompletionsImpl::generateCompdatValuesConst(RimEclipseCase const*, QString const&, RigWellPath const*, std::vector<RimFracture const*, std::allocator<RimFracture const*> > const&, std::vector<RicWellPathFractureReportItem, std::allocator<RicWellPathFractureReportItem> >*, QTextStream*, RicExportFractureCompletionsImpl::PressureDepletionParameters) [clone ._omp_fn.0] at ResInsight/ApplicationLibCode/Commands/CompletionExportCommands/RicExportFractureCompletionsImpl.cpp:305
  [9] gomp_thread_start at :0
  [10] start_thread at :0
  [11] __GI___clone at :0
  [12]  at :0
"
2026-07-02T07:59:47.328Z,2026.02.1,"  [0] performCrashLogging at ResInsight/ApplicationExeCode/RiaMainTools.cpp:147
  [1] manageSegFailureSA(int, siginfo_t*, void*) at ResInsight/ApplicationExeCode/RiaMainTools.cpp:227
  [2]  at :0
  [3] __GI_raise at :0
  [4] __GI_abort at :0
  [5] RigTransmissibilityCondenser::calculateCondensedTransmissibilities() at ResInsight/ApplicationLibCode/ReservoirDataModel/Completions/RigTransmissibilityCondenser.cpp:336
  [6] RigTransmissibilityCondenser::externalCells() at ResInsight/ApplicationLibCode/ReservoirDataModel/Completions/RigTransmissibilityCondenser.cpp:110
  [7] RicExportFractureCompletionsImpl::calculateMatrixToWellTransmissibilities(RigTransmissibilityCondenser&) at ResInsight/ApplicationLibCode/Commands/CompletionExportCommands/RicExportFractureCompletionsImpl.cpp:710
  [8] RicExportFractureCompletionsImpl::generateCompdatValuesConst(RimEclipseCase const*, QString const&, RigWellPath const*, std::vector<RimFracture const*, std::allocator<RimFracture const*> > const&, std::vector<RicWellPathFractureReportItem, std::allocator<RicWellPathFractureReportItem> >*, QTextStream*, RicExportFractureCompletionsImpl::PressureDepletionParameters) [clone ._omp_fn.0] at ResInsight/ApplicationLibCode/Commands/CompletionExportCommands/RicExportFractureCompletionsImpl.cpp:305
  [9] gomp_thread_start at :0
  [10] start_thread at :0
  [11] __GI___clone at :0
  [12]  at :0
"
2026-07-02T07:59:47.161Z,2026.02.1,"  [0] performCrashLogging at ResInsight/ApplicationExeCode/RiaMainTools.cpp:147
  [1] manageSegFailureSA(int, siginfo_t*, void*) at ResInsight/ApplicationExeCode/RiaMainTools.cpp:227
  [2]  at :0
  [3] __GI_raise at :0
  [4] __GI_abort at :0
  [5] RigTransmissibilityCondenser::calculateCondensedTransmissibilities() at ResInsight/ApplicationLibCode/ReservoirDataModel/Completions/RigTransmissibilityCondenser.cpp:336
  [6] RigTransmissibilityCondenser::externalCells() at ResInsight/ApplicationLibCode/ReservoirDataModel/Completions/RigTransmissibilityCondenser.cpp:110
  [7] RicExportFractureCompletionsImpl::calculateMatrixToWellTransmissibilities(RigTransmissibilityCondenser&) at ResInsight/ApplicationLibCode/Commands/CompletionExportCommands/RicExportFractureCompletionsImpl.cpp:710
  [8] RicExportFractureCompletionsImpl::generateCompdatValuesConst(RimEclipseCase const*, QString const&, RigWellPath const*, std::vector<RimFracture const*, std::allocator<RimFracture const*> > const&, std::vector<RicWellPathFractureReportItem, std::allocator<RicWellPathFractureReportItem> >*, QTextStream*, RicExportFractureCompletionsImpl::PressureDepletionParameters) [clone ._omp_fn.0] at ResInsight/ApplicationLibCode/Commands/CompletionExportCommands/RicExportFractureCompletionsImpl.cpp:305
  [9] gomp_thread_start at :0
  [10] start_thread at :0
  [11] __GI___clone at :0
  [12]  at :0
"
2026-07-02T07:59:47.09Z,2026.02.1,"  [0] performCrashLogging at ResInsight/ApplicationExeCode/RiaMainTools.cpp:147
  [1] manageSegFailureSA(int, siginfo_t*, void*) at ResInsight/ApplicationExeCode/RiaMainTools.cpp:227
  [2]  at :0
  [3] __GI_raise at :0
  [4] __GI_abort at :0
  [5] RigTransmissibilityCondenser::calculateCondensedTransmissibilities() at ResInsight/ApplicationLibCode/ReservoirDataModel/Completions/RigTransmissibilityCondenser.cpp:336
  [6] RigTransmissibilityCondenser::externalCells() at ResInsight/ApplicationLibCode/ReservoirDataModel/Completions/RigTransmissibilityCondenser.cpp:110
  [7] RicExportFractureCompletionsImpl::calculateMatrixToWellTransmissibilities(RigTransmissibilityCondenser&) at ResInsight/ApplicationLibCode/Commands/CompletionExportCommands/RicExportFractureCompletionsImpl.cpp:710
  [8] RicExportFractureCompletionsImpl::generateCompdatValuesConst(RimEclipseCase const*, QString const&, RigWellPath const*, std::vector<RimFracture const*, std::allocator<RimFracture const*> > const&, std::vector<RicWellPathFractureReportItem, std::allocator<RicWellPathFractureReportItem> >*, QTextStream*, RicExportFractureCompletionsImpl::PressureDepletionParameters) [clone ._omp_fn.0] at ResInsight/ApplicationLibCode/Commands/CompletionExportCommands/RicExportFractureCompletionsImpl.cpp:305
  [9] gomp_thread_start at :0
  [10] start_thread at :0
  [11] __GI___clone at :0
  [12]  at :0
"
2026-07-02T07:59:46.332Z,2026.02.1,"  [0] performCrashLogging at ResInsight/ApplicationExeCode/RiaMainTools.cpp:147
  [1] manageSegFailureSA(int, siginfo_t*, void*) at ResInsight/ApplicationExeCode/RiaMainTools.cpp:227
  [2]  at :0
  [3] __GI_raise at :0
  [4] __GI_abort at :0
  [5] RigTransmissibilityCondenser::calculateCondensedTransmissibilities() at ResInsight/ApplicationLibCode/ReservoirDataModel/Completions/RigTransmissibilityCondenser.cpp:336
  [6] RigTransmissibilityCondenser::externalCells() at ResInsight/ApplicationLibCode/ReservoirDataModel/Completions/RigTransmissibilityCondenser.cpp:110
  [7] RicExportFractureCompletionsImpl::calculateMatrixToWellTransmissibilities(RigTransmissibilityCondenser&) at ResInsight/ApplicationLibCode/Commands/CompletionExportCommands/RicExportFractureCompletionsImpl.cpp:710
  [8] RicExportFractureCompletionsImpl::generateCompdatValuesConst(RimEclipseCase const*, QString const&, RigWellPath const*, std::vector<RimFracture const*, std::allocator<RimFracture const*> > const&, std::vector<RicWellPathFractureReportItem, std::allocator<RicWellPathFractureReportItem> >*, QTextStream*, RicExportFractureCompletionsImpl::PressureDepletionParameters) [clone ._omp_fn.0] at ResInsight/ApplicationLibCode/Commands/CompletionExportCommands/RicExportFractureCompletionsImpl.cpp:305
  [9] gomp_thread_start at :0
  [10] start_thread at :0
  [11] __GI___clone at :0
  [12]  at :0
"
2026-07-02T06:03:32.688Z,2026.02.1,"  [0] performCrashLogging at ResInsight/ApplicationExeCode/RiaMainTools.cpp:147
  [1] manageSegFailureSA(int, siginfo_t*, void*) at ResInsight/ApplicationExeCode/RiaMainTools.cpp:227
  [2]  at :0
  [3] __GI_raise at :0
  [4] __GI_abort at :0
  [5] RigTransmissibilityCondenser::calculateCondensedTransmissibilities() at ResInsight/ApplicationLibCode/ReservoirDataModel/Completions/RigTransmissibilityCondenser.cpp:336
  [6] RigTransmissibilityCondenser::externalCells() at ResInsight/ApplicationLibCode/ReservoirDataModel/Completions/RigTransmissibilityCondenser.cpp:110
  [7] RicExportFractureCompletionsImpl::calculateMatrixToWellTransmissibilities(RigTransmissibilityCondenser&) at ResInsight/ApplicationLibCode/Commands/CompletionExportCommands/RicExportFractureCompletionsImpl.cpp:710
  [8] RicExportFractureCompletionsImpl::generateCompdatValuesConst(RimEclipseCase const*, QString const&, RigWellPath const*, std::vector<RimFracture const*, std::allocator<RimFracture const*> > const&, std::vector<RicWellPathFractureReportItem, std::allocator<RicWellPathFractureReportItem> >*, QTextStream*, RicExportFractureCompletionsImpl::PressureDepletionParameters) [clone ._omp_fn.0] at ResInsight/ApplicationLibCode/Commands/CompletionExportCommands/RicExportFractureCompletionsImpl.cpp:305
  [9] gomp_thread_start at :0
  [10] start_thread at :0
  [11] __GI___clone at :0
  [12]  at :0
"
2026-07-02T06:03:32.619Z,2026.02.1,"  [0] performCrashLogging at ResInsight/ApplicationExeCode/RiaMainTools.cpp:147
  [1] manageSegFailureSA(int, siginfo_t*, void*) at ResInsight/ApplicationExeCode/RiaMainTools.cpp:227
  [2]  at :0
  [3] __GI_raise at :0
  [4] __GI_abort at :0
  [5] RigTransmissibilityCondenser::calculateCondensedTransmissibilities() at ResInsight/ApplicationLibCode/ReservoirDataModel/Completions/RigTransmissibilityCondenser.cpp:336
  [6] RigTransmissibilityCondenser::externalCells() at ResInsight/ApplicationLibCode/ReservoirDataModel/Completions/RigTransmissibilityCondenser.cpp:110
  [7] RicExportFractureCompletionsImpl::calculateMatrixToWellTransmissibilities(RigTransmissibilityCondenser&) at ResInsight/ApplicationLibCode/Commands/CompletionExportCommands/RicExportFractureCompletionsImpl.cpp:710
  [8] RicExportFractureCompletionsImpl::generateCompdatValuesConst(RimEclipseCase const*, QString const&, RigWellPath const*, std::vector<RimFracture const*, std::allocator<RimFracture const*> > const&, std::vector<RicWellPathFractureReportItem, std::allocator<RicWellPathFractureReportItem> >*, QTextStream*, RicExportFractureCompletionsImpl::PressureDepletionParameters) [clone ._omp_fn.0] at ResInsight/ApplicationLibCode/Commands/CompletionExportCommands/RicExportFractureCompletionsImpl.cpp:305
  [9] gomp_thread_start at :0
  [10] start_thread at :0
  [11] __GI___clone at :0
  [12]  at :0
"
2026-07-02T06:03:32.619Z,2026.02.1,"  [0] performCrashLogging at ResInsight/ApplicationExeCode/RiaMainTools.cpp:147
  [1] manageSegFailureSA(int, siginfo_t*, void*) at ResInsight/ApplicationExeCode/RiaMainTools.cpp:227
  [2]  at :0
  [3] __GI_raise at :0
  [4] __GI_abort at :0
  [5] RigTransmissibilityCondenser::calculateCondensedTransmissibilities() at ResInsight/ApplicationLibCode/ReservoirDataModel/Completions/RigTransmissibilityCondenser.cpp:336
  [6] RigTransmissibilityCondenser::externalCells() at ResInsight/ApplicationLibCode/ReservoirDataModel/Completions/RigTransmissibilityCondenser.cpp:110
  [7] RicExportFractureCompletionsImpl::calculateMatrixToWellTransmissibilities(RigTransmissibilityCondenser&) at ResInsight/ApplicationLibCode/Commands/CompletionExportCommands/RicExportFractureCompletionsImpl.cpp:710
  [8] RicExportFractureCompletionsImpl::generateCompdatValuesConst(RimEclipseCase const*, QString const&, RigWellPath const*, std::vector<RimFracture const*, std::allocator<RimFracture const*> > const&, std::vector<RicWellPathFractureReportItem, std::allocator<RicWellPathFractureReportItem> >*, QTextStream*, RicExportFractureCompletionsImpl::PressureDepletionParameters) [clone ._omp_fn.0] at ResInsight/ApplicationLibCode/Commands/CompletionExportCommands/RicExportFractureCompletionsImpl.cpp:305
  [9] gomp_thread_start at :0
  [10] start_thread at :0
  [11] __GI___clone at :0
  [12]  at :0
"
2026-07-02T05:36:19.56Z,2026.02.1,"  [0] performCrashLogging at ResInsight/ApplicationExeCode/RiaMainTools.cpp:147
  [1] manageSegFailureSA(int, siginfo_t*, void*) at ResInsight/ApplicationExeCode/RiaMainTools.cpp:227
  [2]  at :0
  [3] __GI_raise at :0
  [4] __GI_abort at :0
  [5] RigTransmissibilityCondenser::calculateCondensedTransmissibilities() at ResInsight/ApplicationLibCode/ReservoirDataModel/Completions/RigTransmissibilityCondenser.cpp:336
  [6] RigTransmissibilityCondenser::externalCells() at ResInsight/ApplicationLibCode/ReservoirDataModel/Completions/RigTransmissibilityCondenser.cpp:110
  [7] RicExportFractureCompletionsImpl::calculateMatrixToWellTransmissibilities(RigTransmissibilityCondenser&) at ResInsight/ApplicationLibCode/Commands/CompletionExportCommands/RicExportFractureCompletionsImpl.cpp:710
  [8] RicExportFractureCompletionsImpl::generateCompdatValuesConst(RimEclipseCase const*, QString const&, RigWellPath const*, std::vector<RimFracture const*, std::allocator<RimFracture const*> > const&, std::vector<RicWellPathFractureReportItem, std::allocator<RicWellPathFractureReportItem> >*, QTextStream*, RicExportFractureCompletionsImpl::PressureDepletionParameters) [clone ._omp_fn.0] at ResInsight/ApplicationLibCode/Commands/CompletionExportCommands/RicExportFractureCompletionsImpl.cpp:305
  [9] GOMP_parallel at :0
  [10] RicExportFractureCompletionsImpl::generateCompdatValuesConst(RimEclipseCase const*, QString const&, RigWellPath const*, std::vector<RimFracture const*, std::allocator<RimFracture const*> > const&, std::vector<RicWellPathFractureReportItem, std::allocator<RicWellPathFractureReportItem> >*, QTextStream*, RicExportFractureCompletionsImpl::PressureDepletionParameters) at ResInsight/ApplicationLibCode/Commands/CompletionExportCommands/RicExportFractureCompletionsImpl.cpp:257
  [11] RicExportFractureCompletionsImpl::generateCompdatValues(RimEclipseCase*, QString const&, RigWellPath const*, std::vector<RimFracture const*, std::allocator<RimFracture const*> > const&, std::vector<RicWellPathFractureReportItem, std::allocator<RicWellPathFractureReportItem> >*, QTextStream*, RicExportFractureCompletionsImpl::PressureDepletionParameters) at ResInsight/ApplicationLibCode/Commands/CompletionExportCommands/RicExportFractureCompletionsImpl.cpp:169
  [12] RicExportFractureCompletionsImpl::generateCompdatValuesForWellPath(RimWellPath*, RimEclipseCase*, std::vector<RicWellPathFractureReportItem, std::allocator<RicWellPathFractureReportItem> >*, QTextStream*, RicExportFractureCompletionsImpl::PressureDepletionParameters) at ResInsight/ApplicationLibCode/Commands/CompletionExportCommands/RicExportFractureCompletionsImpl.cpp:94
  [13] RicWellPathExportCompletionDataFeatureImpl::exportCompletions(std::vector<RimWellPath*, std::allocator<RimWellPath*> > const&, RicExportCompletionDataSettingsUi const&) at ResInsight/ApplicationLibCode/Commands/CompletionExportCommands/RicWellPathExportCompletionDataFeatureImpl.cpp:227
  [14] RicfExportWellPathCompletions::execute() at ResInsight/ApplicationLibCode/CommandFileInterface/RicfExportWellPathCompletions.cpp:184
  [15] RiaGrpcCommandService::Execute(grpc::ServerContext*, rips::CommandParams const*, rips::CommandReply*) at ResInsight/GrpcInterface/RiaGrpcCommandService.cpp:92
  [16] grpc::Status std::__invoke_impl<grpc::Status, grpc::Status (RiaGrpcCommandService::*&)(grpc::ServerContext*, rips::CommandParams const*, rips::CommandReply*), RiaGrpcCommandService&, grpc::ServerContext*, rips::CommandParams const*, rips::CommandReply*>(std::__invoke_memfun_ref, grpc::Status (RiaGrpcCommandService::*&)(grpc::ServerContext*, rips::CommandParams const*, rips::CommandReply*), RiaGrpcCommandService&, grpc::ServerContext*&&, rips::CommandParams const*&&, rips::CommandReply*&&) at /opt/rh/gcc-toolset-13/root/usr/include/c++/13/bits/invoke.h:67
  [17] std::function<grpc::Status (RiaGrpcCommandService&, grpc::ServerContext*, rips::CommandParams const*, rips::CommandReply*)>::operator()(RiaGrpcCommandService&, grpc::ServerContext*, rips::CommandParams const*, rips::CommandReply*) const at /opt/rh/gcc-toolset-13/root/usr/include/c++/13/bits/std_function.h:591
  [18] RiaGrpcServerImpl::processAllQueuedRequests() at ResInsight/GrpcInterface/RiaGrpcServer.cpp:197
  [19] RiaGrpcApplicationInterface::processRequests() at ResInsight/GrpcInterface/RiaGrpcApplicationInterface.cpp:115
  [20] RiaGrpcConsoleApplication::doIdleProcessing() at ResInsight/ApplicationExeCode/RiaGrpcConsoleApplication.cpp:33
  [21]  at :0
  [22] QTimer::timeout(QTimer::QPrivateSignal) at :0
  [23] QObject::event(QEvent*) at :0
  [24] QCoreApplication::notifyInternal2(QObject*, QEvent*) at :0
  [25] QTimerInfoList::activateTimers() at :0
  [26]  at :0
  [27] g_main_context_dispatch at :0
  [28] g_main_context_iterate.isra.20 at :0
  [29] g_main_context_iteration at :0
  [30] QEventDispatcherGlib::processEvents(QFlags<QEventLoop::ProcessEventsFlag>) at :0
  [31] QEventLoop::exec(QFlags<QEventLoop::ProcessEventsFlag>) at :0
  [32] QCoreApplication::exec() at :0
  [33] main at ResInsight/ApplicationExeCode/RiaMain.cpp:226
  [34] __libc_start_main at :0
  [35] _start at :0
  [36]  at :0
"
2026-07-02T05:36:19.385Z,2026.02.1,"  [0] performCrashLogging at ResInsight/ApplicationExeCode/RiaMainTools.cpp:147
  [1] manageSegFailureSA(int, siginfo_t*, void*) at ResInsight/ApplicationExeCode/RiaMainTools.cpp:227
  [2]  at :0
  [3] __GI_raise at :0
  [4] __GI_abort at :0
  [5] RigTransmissibilityCondenser::calculateCondensedTransmissibilities() at ResInsight/ApplicationLibCode/ReservoirDataModel/Completions/RigTransmissibilityCondenser.cpp:336
  [6] RigTransmissibilityCondenser::externalCells() at ResInsight/ApplicationLibCode/ReservoirDataModel/Completions/RigTransmissibilityCondenser.cpp:110
  [7] RicExportFractureCompletionsImpl::calculateMatrixToWellTransmissibilities(RigTransmissibilityCondenser&) at ResInsight/ApplicationLibCode/Commands/CompletionExportCommands/RicExportFractureCompletionsImpl.cpp:710
  [8] RicExportFractureCompletionsImpl::generateCompdatValuesConst(RimEclipseCase const*, QString const&, RigWellPath const*, std::vector<RimFracture const*, std::allocator<RimFracture const*> > const&, std::vector<RicWellPathFractureReportItem, std::allocator<RicWellPathFractureReportItem> >*, QTextStream*, RicExportFractureCompletionsImpl::PressureDepletionParameters) [clone ._omp_fn.0] at ResInsight/ApplicationLibCode/Commands/CompletionExportCommands/RicExportFractureCompletionsImpl.cpp:305
  [9] gomp_thread_start at :0
  [10] start_thread at :0
  [11] __GI___clone at :0
  [12]  at :0
"
2026-07-02T05:36:19.379Z,2026.02.1,"  [0] performCrashLogging at ResInsight/ApplicationExeCode/RiaMainTools.cpp:147
  [1] manageSegFailureSA(int, siginfo_t*, void*) at ResInsight/ApplicationExeCode/RiaMainTools.cpp:227
  [2]  at :0
  [3] __GI_raise at :0
  [4] __GI_abort at :0
  [5] RigTransmissibilityCondenser::calculateCondensedTransmissibilities() at ResInsight/ApplicationLibCode/ReservoirDataModel/Completions/RigTransmissibilityCondenser.cpp:336
  [6] RigTransmissibilityCondenser::externalCells() at ResInsight/ApplicationLibCode/ReservoirDataModel/Completions/RigTransmissibilityCondenser.cpp:110
  [7] RicExportFractureCompletionsImpl::calculateMatrixToWellTransmissibilities(RigTransmissibilityCondenser&) at ResInsight/ApplicationLibCode/Commands/CompletionExportCommands/RicExportFractureCompletionsImpl.cpp:710
  [8] RicExportFractureCompletionsImpl::generateCompdatValuesConst(RimEclipseCase const*, QString const&, RigWellPath const*, std::vector<RimFracture const*, std::allocator<RimFracture const*> > const&, std::vector<RicWellPathFractureReportItem, std::allocator<RicWellPathFractureReportItem> >*, QTextStream*, RicExportFractureCompletionsImpl::PressureDepletionParameters) [clone ._omp_fn.0] at ResInsight/ApplicationLibCode/Commands/CompletionExportCommands/RicExportFractureCompletionsImpl.cpp:305
  [9] gomp_thread_start at :0
  [10] start_thread at :0
  [11] __GI___clone at :0
  [12]  at :0
"
2026-07-02T05:36:19.379Z,2026.02.1,"  [0] performCrashLogging at ResInsight/ApplicationExeCode/RiaMainTools.cpp:147
  [1] manageSegFailureSA(int, siginfo_t*, void*) at ResInsight/ApplicationExeCode/RiaMainTools.cpp:227
  [2]  at :0
  [3] __GI_raise at :0
  [4] __GI_abort at :0
  [5] RigTransmissibilityCondenser::calculateCondensedTransmissibilities() at ResInsight/ApplicationLibCode/ReservoirDataModel/Completions/RigTransmissibilityCondenser.cpp:336
  [6] RigTransmissibilityCondenser::externalCells() at ResInsight/ApplicationLibCode/ReservoirDataModel/Completions/RigTransmissibilityCondenser.cpp:110
  [7] RicExportFractureCompletionsImpl::calculateMatrixToWellTransmissibilities(RigTransmissibilityCondenser&) at ResInsight/ApplicationLibCode/Commands/CompletionExportCommands/RicExportFractureCompletionsImpl.cpp:710
  [8] RicExportFractureCompletionsImpl::generateCompdatValuesConst(RimEclipseCase const*, QString const&, RigWellPath const*, std::vector<RimFracture const*, std::allocator<RimFracture const*> > const&, std::vector<RicWellPathFractureReportItem, std::allocator<RicWellPathFractureReportItem> >*, QTextStream*, RicExportFractureCompletionsImpl::PressureDepletionParameters) [clone ._omp_fn.0] at ResInsight/ApplicationLibCode/Commands/CompletionExportCommands/RicExportFractureCompletionsImpl.cpp:305
  [9] gomp_thread_start at :0
  [10] start_thread at :0
  [11] __GI___clone at :0
  [12]  at :0
"
2026-07-02T05:36:19.379Z,2026.02.1,"  [0] performCrashLogging at ResInsight/ApplicationExeCode/RiaMainTools.cpp:147
  [1] manageSegFailureSA(int, siginfo_t*, void*) at ResInsight/ApplicationExeCode/RiaMainTools.cpp:227
  [2]  at :0
  [3] __GI_raise at :0
  [4] __GI_abort at :0
  [5] RigTransmissibilityCondenser::calculateCondensedTransmissibilities() at ResInsight/ApplicationLibCode/ReservoirDataModel/Completions/RigTransmissibilityCondenser.cpp:336
  [6] RigTransmissibilityCondenser::externalCells() at ResInsight/ApplicationLibCode/ReservoirDataModel/Completions/RigTransmissibilityCondenser.cpp:110
  [7] RicExportFractureCompletionsImpl::calculateMatrixToWellTransmissibilities(RigTransmissibilityCondenser&) at ResInsight/ApplicationLibCode/Commands/CompletionExportCommands/RicExportFractureCompletionsImpl.cpp:710
  [8] RicExportFractureCompletionsImpl::generateCompdatValuesConst(RimEclipseCase const*, QString const&, RigWellPath const*, std::vector<RimFracture const*, std::allocator<RimFracture const*> > const&, std::vector<RicWellPathFractureReportItem, std::allocator<RicWellPathFractureReportItem> >*, QTextStream*, RicExportFractureCompletionsImpl::PressureDepletionParameters) [clone ._omp_fn.0] at ResInsight/ApplicationLibCode/Commands/CompletionExportCommands/RicExportFractureCompletionsImpl.cpp:305
  [9] gomp_thread_start at :0
  [10] start_thread at :0
  [11] __GI___clone at :0
  [12]  at :0
"
2026-07-02T04:40:22.466Z,2026.02.1,"  [0] performCrashLogging at ResInsight/ApplicationExeCode/RiaMainTools.cpp:147
  [1] manageSegFailureSA(int, siginfo_t*, void*) at ResInsight/ApplicationExeCode/RiaMainTools.cpp:227
  [2]  at :0
  [3] __GI_raise at :0
  [4] __GI_abort at :0
  [5] RigTransmissibilityCondenser::calculateCondensedTransmissibilities() at ResInsight/ApplicationLibCode/ReservoirDataModel/Completions/RigTransmissibilityCondenser.cpp:336
  [6] RigTransmissibilityCondenser::externalCells() at ResInsight/ApplicationLibCode/ReservoirDataModel/Completions/RigTransmissibilityCondenser.cpp:110
  [7] RicExportFractureCompletionsImpl::calculateMatrixToWellTransmissibilities(RigTransmissibilityCondenser&) at ResInsight/ApplicationLibCode/Commands/CompletionExportCommands/RicExportFractureCompletionsImpl.cpp:710
  [8] RicExportFractureCompletionsImpl::generateCompdatValuesConst(RimEclipseCase const*, QString const&, RigWellPath const*, std::vector<RimFracture const*, std::allocator<RimFracture const*> > const&, std::vector<RicWellPathFractureReportItem, std::allocator<RicWellPathFractureReportItem> >*, QTextStream*, RicExportFractureCompletionsImpl::PressureDepletionParameters) [clone ._omp_fn.0] at ResInsight/ApplicationLibCode/Commands/CompletionExportCommands/RicExportFractureCompletionsImpl.cpp:305
  [9] gomp_thread_start at :0
  [10] start_thread at :0
  [11] __GI___clone at :0
  [12]  at :0
"
2026-07-02T04:40:22.328Z,2026.02.1,"  [0] performCrashLogging at ResInsight/ApplicationExeCode/RiaMainTools.cpp:147
  [1] manageSegFailureSA(int, siginfo_t*, void*) at ResInsight/ApplicationExeCode/RiaMainTools.cpp:227
  [2]  at :0
  [3] __GI_raise at :0
  [4] __GI_abort at :0
  [5] RigTransmissibilityCondenser::calculateCondensedTransmissibilities() at ResInsight/ApplicationLibCode/ReservoirDataModel/Completions/RigTransmissibilityCondenser.cpp:336
  [6] RigTransmissibilityCondenser::externalCells() at ResInsight/ApplicationLibCode/ReservoirDataModel/Completions/RigTransmissibilityCondenser.cpp:110
  [7] RicExportFractureCompletionsImpl::calculateMatrixToWellTransmissibilities(RigTransmissibilityCondenser&) at ResInsight/ApplicationLibCode/Commands/CompletionExportCommands/RicExportFractureCompletionsImpl.cpp:710
  [8] RicExportFractureCompletionsImpl::generateCompdatValuesConst(RimEclipseCase const*, QString const&, RigWellPath const*, std::vector<RimFracture const*, std::allocator<RimFracture const*> > const&, std::vector<RicWellPathFractureReportItem, std::allocator<RicWellPathFractureReportItem> >*, QTextStream*, RicExportFractureCompletionsImpl::PressureDepletionParameters) [clone ._omp_fn.0] at ResInsight/ApplicationLibCode/Commands/CompletionExportCommands/RicExportFractureCompletionsImpl.cpp:305
  [9] gomp_thread_start at :0
  [10] start_thread at :0
  [11] __GI___clone at :0
  [12]  at :0
"
2026-07-02T04:40:22.298Z,2026.02.1,"  [0] performCrashLogging at ResInsight/ApplicationExeCode/RiaMainTools.cpp:147
  [1] manageSegFailureSA(int, siginfo_t*, void*) at ResInsight/ApplicationExeCode/RiaMainTools.cpp:227
  [2]  at :0
  [3] __GI_raise at :0
  [4] __GI_abort at :0
  [5] RigTransmissibilityCondenser::calculateCondensedTransmissibilities() at ResInsight/ApplicationLibCode/ReservoirDataModel/Completions/RigTransmissibilityCondenser.cpp:336
  [6] RigTransmissibilityCondenser::externalCells() at ResInsight/ApplicationLibCode/ReservoirDataModel/Completions/RigTransmissibilityCondenser.cpp:110
  [7] RicExportFractureCompletionsImpl::calculateMatrixToWellTransmissibilities(RigTransmissibilityCondenser&) at ResInsight/ApplicationLibCode/Commands/CompletionExportCommands/RicExportFractureCompletionsImpl.cpp:710
  [8] RicExportFractureCompletionsImpl::generateCompdatValuesConst(RimEclipseCase const*, QString const&, RigWellPath const*, std::vector<RimFracture const*, std::allocator<RimFracture const*> > const&, std::vector<RicWellPathFractureReportItem, std::allocator<RicWellPathFractureReportItem> >*, QTextStream*, RicExportFractureCompletionsImpl::PressureDepletionParameters) [clone ._omp_fn.0] at ResInsight/ApplicationLibCode/Commands/CompletionExportCommands/RicExportFractureCompletionsImpl.cpp:305
  [9] gomp_thread_start at :0
  [10] start_thread at :0
  [11] __GI___clone at :0
  [12]  at :0
"
2026-07-02T04:40:22.298Z,2026.02.1,"  [0] performCrashLogging at ResInsight/ApplicationExeCode/RiaMainTools.cpp:147
  [1] manageSegFailureSA(int, siginfo_t*, void*) at ResInsight/ApplicationExeCode/RiaMainTools.cpp:227
  [2]  at :0
  [3] __GI_raise at :0
  [4] __GI_abort at :0
  [5] RigTransmissibilityCondenser::calculateCondensedTransmissibilities() at ResInsight/ApplicationLibCode/ReservoirDataModel/Completions/RigTransmissibilityCondenser.cpp:336
  [6] RigTransmissibilityCondenser::externalCells() at ResInsight/ApplicationLibCode/ReservoirDataModel/Completions/RigTransmissibilityCondenser.cpp:110
  [7] RicExportFractureCompletionsImpl::calculateMatrixToWellTransmissibilities(RigTransmissibilityCondenser&) at ResInsight/ApplicationLibCode/Commands/CompletionExportCommands/RicExportFractureCompletionsImpl.cpp:710
  [8] RicExportFractureCompletionsImpl::generateCompdatValuesConst(RimEclipseCase const*, QString const&, RigWellPath const*, std::vector<RimFracture const*, std::allocator<RimFracture const*> > const&, std::vector<RicWellPathFractureReportItem, std::allocator<RicWellPathFractureReportItem> >*, QTextStream*, RicExportFractureCompletionsImpl::PressureDepletionParameters) [clone ._omp_fn.0] at ResInsight/ApplicationLibCode/Commands/CompletionExportCommands/RicExportFractureCompletionsImpl.cpp:305
  [9] gomp_thread_start at :0
  [10] start_thread at :0
  [11] __GI___clone at :0
  [12]  at :0
"
2026-07-02T04:37:56.335Z,2026.02.1,"  [0] performCrashLogging at ResInsight/ApplicationExeCode/RiaMainTools.cpp:147
  [1] manageSegFailureSA(int, siginfo_t*, void*) at ResInsight/ApplicationExeCode/RiaMainTools.cpp:227
  [2]  at :0
  [3] __GI_raise at :0
  [4] __GI_abort at :0
  [5] RigTransmissibilityCondenser::calculateCondensedTransmissibilities() at ResInsight/ApplicationLibCode/ReservoirDataModel/Completions/RigTransmissibilityCondenser.cpp:336
  [6] RigTransmissibilityCondenser::externalCells() at ResInsight/ApplicationLibCode/ReservoirDataModel/Completions/RigTransmissibilityCondenser.cpp:110
  [7] RicExportFractureCompletionsImpl::calculateMatrixToWellTransmissibilities(RigTransmissibilityCondenser&) at ResInsight/ApplicationLibCode/Commands/CompletionExportCommands/RicExportFractureCompletionsImpl.cpp:710
  [8] RicExportFractureCompletionsImpl::generateCompdatValuesConst(RimEclipseCase const*, QString const&, RigWellPath const*, std::vector<RimFracture const*, std::allocator<RimFracture const*> > const&, std::vector<RicWellPathFractureReportItem, std::allocator<RicWellPathFractureReportItem> >*, QTextStream*, RicExportFractureCompletionsImpl::PressureDepletionParameters) [clone ._omp_fn.0] at ResInsight/ApplicationLibCode/Commands/CompletionExportCommands/RicExportFractureCompletionsImpl.cpp:305
  [9] gomp_thread_start at :0
  [10] start_thread at :0
  [11] __GI___clone at :0
  [12]  at :0
"
2026-07-02T04:35:43.132Z,2026.02.1,"  [0] performCrashLogging at ResInsight/ApplicationExeCode/RiaMainTools.cpp:147
  [1] manageSegFailureSA(int, siginfo_t*, void*) at ResInsight/ApplicationExeCode/RiaMainTools.cpp:227
  [2]  at :0
  [3] __GI_raise at :0
  [4] __GI_abort at :0
  [5] __libc_message at :0
  [6] malloc_printerr at :0
  [7] _int_free at :0
  [8] QString::~QString() at /private/f_resinsight_build/resbuild/qt/6.6.3/gcc_64/include/QtCore/qstring.h:1169
  [9] __run_exit_handlers at :0
  [10] exit at :0
  [11] manageSegFailureSA(int, siginfo_t*, void*) at ResInsight/ApplicationExeCode/RiaMainTools.cpp:228
  [12]  at :0
  [13] __GI_raise at :0
  [14] __GI_abort at :0
  [15] RigTransmissibilityCondenser::calculateCondensedTransmissibilities() at ResInsight/ApplicationLibCode/ReservoirDataModel/Completions/RigTransmissibilityCondenser.cpp:336
  [16] RigTransmissibilityCondenser::externalCells() at ResInsight/ApplicationLibCode/ReservoirDataModel/Completions/RigTransmissibilityCondenser.cpp:110
  [17] RicExportFractureCompletionsImpl::calculateMatrixToWellTransmissibilities(RigTransmissibilityCondenser&) at ResInsight/ApplicationLibCode/Commands/CompletionExportCommands/RicExportFractureCompletionsImpl.cpp:710
  [18] RicExportFractureCompletionsImpl::generateCompdatValuesConst(RimEclipseCase const*, QString const&, RigWellPath const*, std::vector<RimFracture const*, std::allocator<RimFracture const*> > const&, std::vector<RicWellPathFractureReportItem, std::allocator<RicWellPathFractureReportItem> >*, QTextStream*, RicExportFractureCompletionsImpl::PressureDepletionParameters) [clone ._omp_fn.0] at ResInsight/ApplicationLibCode/Commands/CompletionExportCommands/RicExportFractureCompletionsImpl.cpp:305
  [19] gomp_thread_start at :0
  [20] start_thread at :0
  [21] __GI___clone at :0
  [22]  at :0
"
2026-07-02T04:35:43.023Z,2026.02.1,"  [0] performCrashLogging at ResInsight/ApplicationExeCode/RiaMainTools.cpp:147
  [1] manageSegFailureSA(int, siginfo_t*, void*) at ResInsight/ApplicationExeCode/RiaMainTools.cpp:227
  [2]  at :0
  [3] __run_exit_handlers at :0
  [4] exit at :0
  [5] manageSegFailureSA(int, siginfo_t*, void*) at ResInsight/ApplicationExeCode/RiaMainTools.cpp:228
  [6]  at :0
  [7] __GI_raise at :0
  [8] __GI_abort at :0
  [9] RigTransmissibilityCondenser::calculateCondensedTransmissibilities() at ResInsight/ApplicationLibCode/ReservoirDataModel/Completions/RigTransmissibilityCondenser.cpp:336
  [10] RigTransmissibilityCondenser::externalCells() at ResInsight/ApplicationLibCode/ReservoirDataModel/Completions/RigTransmissibilityCondenser.cpp:110
  [11] RicExportFractureCompletionsImpl::calculateMatrixToWellTransmissibilities(RigTransmissibilityCondenser&) at ResInsight/ApplicationLibCode/Commands/CompletionExportCommands/RicExportFractureCompletionsImpl.cpp:710
  [12] RicExportFractureCompletionsImpl::generateCompdatValuesConst(RimEclipseCase const*, QString const&, RigWellPath const*, std::vector<RimFracture const*, std::allocator<RimFracture const*> > const&, std::vector<RicWellPathFractureReportItem, std::allocator<RicWellPathFractureReportItem> >*, QTextStream*, RicExportFractureCompletionsImpl::PressureDepletionParameters) [clone ._omp_fn.0] at ResInsight/ApplicationLibCode/Commands/CompletionExportCommands/RicExportFractureCompletionsImpl.cpp:305
  [13] gomp_thread_start at :0
  [14] start_thread at :0
  [15] __GI___clone at :0
  [16]  at :0
"
2026-07-02T04:35:43.022Z,2026.02.1,"  [0] performCrashLogging at ResInsight/ApplicationExeCode/RiaMainTools.cpp:147
  [1] manageSegFailureSA(int, siginfo_t*, void*) at ResInsight/ApplicationExeCode/RiaMainTools.cpp:227
  [2]  at :0
  [3] __run_exit_handlers at :0
  [4] exit at :0
  [5] manageSegFailureSA(int, siginfo_t*, void*) at ResInsight/ApplicationExeCode/RiaMainTools.cpp:228
  [6]  at :0
  [7] __GI_raise at :0
  [8] __GI_abort at :0
  [9] RigTransmissibilityCondenser::calculateCondensedTransmissibilities() at ResInsight/ApplicationLibCode/ReservoirDataModel/Completions/RigTransmissibilityCondenser.cpp:336
  [10] RigTransmissibilityCondenser::externalCells() at ResInsight/ApplicationLibCode/ReservoirDataModel/Completions/RigTransmissibilityCondenser.cpp:110
  [11] RicExportFractureCompletionsImpl::calculateMatrixToWellTransmissibilities(RigTransmissibilityCondenser&) at ResInsight/ApplicationLibCode/Commands/CompletionExportCommands/RicExportFractureCompletionsImpl.cpp:710
  [12] RicExportFractureCompletionsImpl::generateCompdatValuesConst(RimEclipseCase const*, QString const&, RigWellPath const*, std::vector<RimFracture const*, std::allocator<RimFracture const*> > const&, std::vector<RicWellPathFractureReportItem, std::allocator<RicWellPathFractureReportItem> >*, QTextStream*, RicExportFractureCompletionsImpl::PressureDepletionParameters) [clone ._omp_fn.0] at ResInsight/ApplicationLibCode/Commands/CompletionExportCommands/RicExportFractureCompletionsImpl.cpp:305
  [13] gomp_thread_start at :0
  [14] start_thread at :0
  [15] __GI___clone at :0
  [16]  at :0
"
2026-07-02T04:35:32.983Z,2026.02.1,"  [0] performCrashLogging at ResInsight/ApplicationExeCode/RiaMainTools.cpp:147
  [1] manageSegFailureSA(int, siginfo_t*, void*) at ResInsight/ApplicationExeCode/RiaMainTools.cpp:227
  [2]  at :0
  [3] __GI_raise at :0
  [4] __GI_abort at :0
  [5] RigTransmissibilityCondenser::calculateCondensedTransmissibilities() at ResInsight/ApplicationLibCode/ReservoirDataModel/Completions/RigTransmissibilityCondenser.cpp:336
  [6] RigTransmissibilityCondenser::externalCells() at ResInsight/ApplicationLibCode/ReservoirDataModel/Completions/RigTransmissibilityCondenser.cpp:110
  [7] RicExportFractureCompletionsImpl::calculateMatrixToWellTransmissibilities(RigTransmissibilityCondenser&) at ResInsight/ApplicationLibCode/Commands/CompletionExportCommands/RicExportFractureCompletionsImpl.cpp:710
  [8] RicExportFractureCompletionsImpl::generateCompdatValuesConst(RimEclipseCase const*, QString const&, RigWellPath const*, std::vector<RimFracture const*, std::allocator<RimFracture const*> > const&, std::vector<RicWellPathFractureReportItem, std::allocator<RicWellPathFractureReportItem> >*, QTextStream*, RicExportFractureCompletionsImpl::PressureDepletionParameters) [clone ._omp_fn.0] at ResInsight/ApplicationLibCode/Commands/CompletionExportCommands/RicExportFractureCompletionsImpl.cpp:305
  [9] gomp_thread_start at :0
  [10] start_thread at :0
  [11] __GI___clone at :0
  [12]  at :0
"
2026-07-02T04:35:32.967Z,2026.02.1,"  [0] performCrashLogging at ResInsight/ApplicationExeCode/RiaMainTools.cpp:147
  [1] manageSegFailureSA(int, siginfo_t*, void*) at ResInsight/ApplicationExeCode/RiaMainTools.cpp:227
  [2]  at :0
  [3] __GI_raise at :0
  [4] __GI_abort at :0
  [5] RigTransmissibilityCondenser::calculateCondensedTransmissibilities() at ResInsight/ApplicationLibCode/ReservoirDataModel/Completions/RigTransmissibilityCondenser.cpp:336
  [6] RigTransmissibilityCondenser::externalCells() at ResInsight/ApplicationLibCode/ReservoirDataModel/Completions/RigTransmissibilityCondenser.cpp:110
  [7] RicExportFractureCompletionsImpl::calculateMatrixToWellTransmissibilities(RigTransmissibilityCondenser&) at ResInsight/ApplicationLibCode/Commands/CompletionExportCommands/RicExportFractureCompletionsImpl.cpp:710
  [8] RicExportFractureCompletionsImpl::generateCompdatValuesConst(RimEclipseCase const*, QString const&, RigWellPath const*, std::vector<RimFracture const*, std::allocator<RimFracture const*> > const&, std::vector<RicWellPathFractureReportItem, std::allocator<RicWellPathFractureReportItem> >*, QTextStream*, RicExportFractureCompletionsImpl::PressureDepletionParameters) [clone ._omp_fn.0] at ResInsight/ApplicationLibCode/Commands/CompletionExportCommands/RicExportFractureCompletionsImpl.cpp:305
  [9] gomp_thread_start at :0
  [10] start_thread at :0
  [11] __GI___clone at :0
  [12]  at :0
"
2026-07-02T04:35:32.967Z,2026.02.1,"  [0] performCrashLogging at ResInsight/ApplicationExeCode/RiaMainTools.cpp:147
  [1] manageSegFailureSA(int, siginfo_t*, void*) at ResInsight/ApplicationExeCode/RiaMainTools.cpp:227
  [2]  at :0
  [3] __GI_raise at :0
  [4] __GI_abort at :0
  [5] RigTransmissibilityCondenser::calculateCondensedTransmissibilities() at ResInsight/ApplicationLibCode/ReservoirDataModel/Completions/RigTransmissibilityCondenser.cpp:336
  [6] RigTransmissibilityCondenser::externalCells() at ResInsight/ApplicationLibCode/ReservoirDataModel/Completions/RigTransmissibilityCondenser.cpp:110
  [7] RicExportFractureCompletionsImpl::calculateMatrixToWellTransmissibilities(RigTransmissibilityCondenser&) at ResInsight/ApplicationLibCode/Commands/CompletionExportCommands/RicExportFractureCompletionsImpl.cpp:710
  [8] RicExportFractureCompletionsImpl::generateCompdatValuesConst(RimEclipseCase const*, QString const&, RigWellPath const*, std::vector<RimFracture const*, std::allocator<RimFracture const*> > const&, std::vector<RicWellPathFractureReportItem, std::allocator<RicWellPathFractureReportItem> >*, QTextStream*, RicExportFractureCompletionsImpl::PressureDepletionParameters) [clone ._omp_fn.0] at ResInsight/ApplicationLibCode/Commands/CompletionExportCommands/RicExportFractureCompletionsImpl.cpp:305
  [9] gomp_thread_start at :0
  [10] start_thread at :0
  [11] __GI___clone at :0
  [12]  at :0
"
2026-07-02T04:35:32.967Z,2026.02.1,"  [0] performCrashLogging at ResInsight/ApplicationExeCode/RiaMainTools.cpp:147
  [1] manageSegFailureSA(int, siginfo_t*, void*) at ResInsight/ApplicationExeCode/RiaMainTools.cpp:227
  [2]  at :0
  [3] __GI_raise at :0
  [4] __GI_abort at :0
  [5] RigTransmissibilityCondenser::calculateCondensedTransmissibilities() at ResInsight/ApplicationLibCode/ReservoirDataModel/Completions/RigTransmissibilityCondenser.cpp:336
  [6] RigTransmissibilityCondenser::externalCells() at ResInsight/ApplicationLibCode/ReservoirDataModel/Completions/RigTransmissibilityCondenser.cpp:110
  [7] RicExportFractureCompletionsImpl::calculateMatrixToWellTransmissibilities(RigTransmissibilityCondenser&) at ResInsight/ApplicationLibCode/Commands/CompletionExportCommands/RicExportFractureCompletionsImpl.cpp:710
  [8] RicExportFractureCompletionsImpl::generateCompdatValuesConst(RimEclipseCase const*, QString const&, RigWellPath const*, std::vector<RimFracture const*, std::allocator<RimFracture const*> > const&, std::vector<RicWellPathFractureReportItem, std::allocator<RicWellPathFractureReportItem> >*, QTextStream*, RicExportFractureCompletionsImpl::PressureDepletionParameters) [clone ._omp_fn.0] at ResInsight/ApplicationLibCode/Commands/CompletionExportCommands/RicExportFractureCompletionsImpl.cpp:305
  [9] gomp_thread_start at :0
  [10] start_thread at :0
  [11] __GI___clone at :0
  [12]  at :0
"
2026-07-01T22:52:17.428Z,2026.06.1,"  [0] performCrashLogging at ResInsight/ApplicationExeCode/RiaMainTools.cpp:170
  [1] manageSegFailureSA(int, siginfo_t*, void*) at ResInsight/ApplicationExeCode/RiaMainTools.cpp:302
  [2]  at :0
  [3] caf::PdmField<bool>::operator=(bool const&) at ResInsight/Fwk/AppFwk/cafProjectDataModel/cafPdmCore/cafPdmDataValueField.h:106
  [4] RicNewIntersectionViewFeature::onActionTriggered(bool) at ResInsight/ApplicationLibCode/Commands/IntersectionViewCommands/RicNewIntersectionViewFeature.cpp:76
  [5] caf::CmdFeature::actionTriggered(bool) at ResInsight/Fwk/AppFwk/cafCommand/cafCmdFeature.cpp:176
  [6]  at :0
  [7] QAction::triggered(bool) at :0
  [8] QAction::activate(QAction::ActionEvent) at :0
  [9]  at :0
  [10]  at :0
  [11] QWidget::event(QEvent*) at :0
  [12] QApplicationPrivate::notify_helper(QObject*, QEvent*) at :0
  [13] QApplication::notify(QObject*, QEvent*) at :0
  [14] RiaGuiApplication::notify(QObject*, QEvent*) at ResInsight/ApplicationLibCode/Application/RiaGuiApplication.cpp:1828
  [15] QCoreApplication::notifyInternal2(QObject*, QEvent*) at :0
  [16] QApplicationPrivate::sendMouseEvent(QWidget*, QMouseEvent*, QWidget*, QWidget*, QWidget**, QPointer<QWidget>&, bool, bool) at :0
  [17]  at :0
  [18]  at :0
  [19] QApplicationPrivate::notify_helper(QObject*, QEvent*) at :0
  [20] RiaGuiApplication::notify(QObject*, QEvent*) at ResInsight/ApplicationLibCode/Application/RiaGuiApplication.cpp:1828
  [21] QCoreApplication::notifyInternal2(QObject*, QEvent*) at :0
  [22] QGuiApplicationPrivate::processMouseEvent(QWindowSystemInterfacePrivate::MouseEvent*) at :0
  [23] QWindowSystemInterface::sendWindowSystemEvents(QFlags<QEventLoop::ProcessEventsFlag>) at :0
  [24]  at :0
  [25] g_main_context_dispatch at :0
  [26] g_main_context_iterate.isra.20 at :0
  [27] g_main_context_iteration at :0
  [28] QEventDispatcherGlib::processEvents(QFlags<QEventLoop::ProcessEventsFlag>) at :0
  [29] QEventLoop::exec(QFlags<QEventLoop::ProcessEventsFlag>) at :0
  [30]  at :0
  [31] QMenu::exec(QPoint const&, QAction*) at :0
  [32] RiuMainWindow::customMenuRequested(QPoint const&) at ResInsight/ApplicationLibCode/UserInterface/RiuMainWindow.cpp:2092
  [33]  at :0
  [34] QWidget::customContextMenuRequested(QPoint const&) at :0
  [35] QWidget::event(QEvent*) at :0
  [36] QFrame::event(QEvent*) at :0
  [37] QCoreApplicationPrivate::sendThroughObjectEventFilters(QObject*, QEvent*) at :0
  [38] QApplicationPrivate::notify_helper(QObject*, QEvent*) at :0
  [39] QApplication::notify(QObject*, QEvent*) at :0
  [40] RiaGuiApplication::notify(QObject*, QEvent*) at ResInsight/ApplicationLibCode/Application/RiaGuiApplication.cpp:1828
  [41] QCoreApplication::notifyInternal2(QObject*, QEvent*) at :0
  [42]  at :0
  [43]  at :0
  [44] QApplicationPrivate::notify_helper(QObject*, QEvent*) at :0
  [45] RiaGuiApplication::notify(QObject*, QEvent*) at ResInsight/ApplicationLibCode/Application/RiaGuiApplication.cpp:1828
  [46] QCoreApplication::notifyInternal2(QObject*, QEvent*) at :0
  [47] QGuiApplicationPrivate::processMouseEvent(QWindowSystemInterfacePrivate::MouseEvent*) at :0
  [48] QWindowSystemInterface::sendWindowSystemEvents(QFlags<QEventLoop::ProcessEventsFlag>) at :0
  [49]  at :0
  [50] g_main_context_dispatch at :0
  [51] g_main_context_iterate.isra.20 at :0
  [52] g_main_context_iteration at :0
  [53] QEventDispatcherGlib::processEvents(QFlags<QEventLoop::ProcessEventsFlag>) at :0
  [54] QEventLoop::exec(QFlags<QEventLoop::ProcessEventsFlag>) at :0
  [55] QCoreApplication::exec() at :0
  [56] main at ResInsight/ApplicationExeCode/RiaMain.cpp:267
  [57] __libc_start_main at :0
  [58] _start at :0
  [59]  at :0
"
